Participant,Widget,Location,TaskType,SelectionMethod,SRC,Trials,A,W,ID,Ae,We,IDe(bits),PT(ms),ST(ms),MT(ms),ER(%),TP(bps),TRE,TAC,MDC,ODC,MV,ME,MO
P9,Horizontal,Rear,1D,DT500,0,7,500,40,3.754887499779624,497.0,31.56425709437056,4.065715165943852,5665.142857142857,530.7142857142857,6196.571428571428,0.0,0.6561233438216285,0.0,0.0,0.0,0.0,3.6071750209729714e-14,4.999999999999992,4.999999999999992
P9,Horizontal,Rear,1D,DT500,0,7,100,40,1.8073549209101785,113.42857142857144,19.94260821323656,2.7415209330926325,2520.285714285714,508.1428571428572,3029.0,0.0,0.9050910970923184,0.0,0.0,0.0,0.1428571428571428,1.2304699487296356e-14,12.0,12.0
P9,Horizontal,Rear,1D,DT500,0,7,250,40,2.857980993313141,261.7142857142857,31.999293720938923,3.198297998321872,3024.285714285714,527.5714285714286,3552.5714285714284,0.0,0.9002769015704158,0.0,0.0,0.0,0.0,2.0190009208109943e-14,11.999999999999991,11.999999999999991
P9,Horizontal,Rear,1D,DT500,0,7,100,60,1.4150374983804868,103.85714285714286,25.66670016068725,2.335247962313453,2022.571428571429,519.7142857142857,2542.8571428571427,0.0,0.9183559402356276,0.0,0.0,0.0,0.0,8.92189693260279e-15,11.999999999999998,11.999999999999998
P9,Horizontal,Rear,1D,DT500,0,7,500,60,3.222392419290665,493.8571428571428,40.622678086645045,3.7177782194295785,5026.428571428572,523.0,5550.142857142857,0.0,0.6698527074208398,0.0,0.0,0.0,0.0,3.654277441509869e-14,11.99999999999999,11.99999999999999
P9,Horizontal,Rear,1D,DT500,0,7,250,60,2.3692338081615767,250.42857142857144,19.04561307589814,3.8226164337550577,3054.285714285714,515.5714285714286,3570.285714285714,0.0,1.0706752175210228,0.0,0.0,0.0,0.0,1.92520777655706e-14,11.999999999999996,11.999999999999996
P9,Horizontal,Front,1D,DT500,0,7,100,60,1.4150374983804868,101.0,45.79870507523688,1.6804605281575018,1613.142857142857,526.4285714285714,2140.285714285714,0.0,0.7851571016621621,0.0,0.0,0.0,0.0,8.295207751087602e-15,4.0,-4.0
P9,Horizontal,Front,1D,DT500,0,7,100,40,1.8073549209101785,122.28571428571428,18.171490213806653,2.950381982368452,2085.8571428571427,510.57142857142856,2596.8571428571427,0.0,1.136135651698711,0.1428571428571428,0.0,0.0,0.2857142857142857,1.0130073679564124e-14,2.999999999999997,2.999999999999997
P9,Horizontal,Front,1D,DT500,0,7,250,60,2.3692338081615767,242.7142857142857,35.77913952715942,2.960452669771487,2767.5714285714284,514.1428571428571,3282.0,0.0,0.9020270169931404,0.0,0.0,0.0,0.0,1.8392178432726185e-14,2.999999999999996,2.999999999999996
P9,Horizontal,Front,1D,DT500,0,7,250,40,2.857980993313141,262.2857142857143,22.814844587277605,3.6434261336144353,3167.285714285714,513.4285714285714,3681.0,0.0,0.9897924840028348,0.1428571428571428,0.0,0.0,0.1428571428571428,2.052267928349596e-14,2.9999999999999933,2.9999999999999933
P9,Horizontal,Front,1D,DT500,0,7,500,40,3.754887499779624,500.4285714285714,37.03022176106597,3.859379051035256,4905.571428571428,525.8571428571429,5431.857142857143,0.0,0.7105082018054018,0.0,0.0,0.0,0.0,3.641044187951564e-14,2.999999999999992,2.999999999999992
P9,Horizontal,Front,1D,DT500,0,7,500,60,3.222392419290665,493.1428571428572,24.56571903486292,4.397421842498178,4735.714285714285,523.7142857142857,5260.142857142857,0.0,0.835989052374657,0.0,0.0,0.0,0.0,3.594417158711315e-14,2.999999999999992,2.999999999999992
P9,Vertical,Left,1D,DT500,0,7,500,40,3.754887499779624,513.2857142857143,39.92597802773574,3.7924319927683,5522.571428571428,516.8571428571429,6039.571428571428,0.0,0.627930646672614,0.1428571428571428,0.0,0.0,0.2857142857142857,7.269893418093668e-14,25.0,25.0
P9,Vertical,Left,1D,DT500,0,7,250,40,2.857980993313141,258.1428571428572,37.49946091057252,2.9789110280298057,2897.428571428572,517.7142857142857,3415.8571428571427,0.0,0.8720830243908093,0.0,0.0,0.0,0.0,3.630216615434852e-14,32.0,32.0
P9,Vertical,Left,1D,DT500,0,7,250,60,2.3692338081615767,240.0,41.24851973421833,2.7694312493089788,2788.5714285714284,518.0,3306.714285714286,0.0,0.837517550661548,0.0,0.0,0.0,0.0,3.452581613954312e-14,32.0,32.0
P9,Vertical,Left,1D,DT500,0,7,500,60,3.222392419290665,493.57142857142856,43.41007584679996,3.6287705467304585,4914.0,518.8571428571429,5433.285714285715,0.0,0.6678777332083509,0.0,0.0,0.0,0.0,6.880355361810298e-14,32.0,32.0
P9,Vertical,Left,1D,DT500,0,7,100,40,1.8073549209101785,112.42857142857144,34.72946580899988,2.083134212670337,1602.0,527.8571428571429,2130.428571428572,0.0,0.9778005423920312,0.0,0.0,0.0,0.0,1.4138844669166974e-14,32.0,32.0
P9,Vertical,Left,1D,DT500,0,7,100,60,1.4150374983804868,95.42857142857144,52.02585025173992,1.5029685407993278,1644.7142857142858,531.4285714285714,2176.8571428571427,0.0,0.6904304886202451,0.0,0.0,0.0,0.1428571428571428,1.2929795469816128e-14,32.0,32.0
P9,Horizontal,Center,1D,DT500,0,7,250,60,2.3692338081615767,252.57142857142856,33.306938329131874,3.101506801461938,3022.5714285714284,521.2857142857143,3544.0,0.0,0.875143002669847,0.0,0.0,0.0,0.0,1.8974279171456863e-14,4.999999999999996,4.999999999999996
P9,Horizontal,Center,1D,DT500,0,7,500,60,3.222392419290665,504.8571428571428,35.69949116102108,3.920470358070998,5278.142857142857,524.5714285714286,5803.142857142857,0.0,0.6755770889295699,0.0,0.0,0.0,0.0,3.8101595486241575e-14,11.999999999999984,11.999999999999984
P9,Horizontal,Center,1D,DT500,0,7,250,40,2.857980993313141,254.57142857142856,48.00952959532121,2.655928492521656,3174.428571428572,519.2857142857143,3694.285714285714,0.0,0.7189288262819642,0.0,0.0,0.0,0.0,2.07384500750922e-14,12.000000000000002,12.000000000000002
P9,Horizontal,Center,1D,DT500,0,7,100,40,1.8073549209101785,112.71428571428572,29.97841495777365,2.250915524278752,2211.285714285714,519.1428571428571,2731.0,0.0,0.824209272895918,0.0,0.0,0.0,0.0,1.1101460453586441e-14,11.999999999999996,11.999999999999996
P9,Horizontal,Center,1D,DT500,0,7,100,60,1.4150374983804868,99.0,33.18462084534049,1.993967637754741,1801.7142857142856,522.5714285714286,2325.0,0.0,0.8576204893568778,0.0,0.0,0.0,0.0,8.862294520901341e-15,11.999999999999996,11.999999999999996
P9,Horizontal,Center,1D,DT500,0,7,500,40,3.754887499779624,498.0,30.78155039386405,4.102534034604588,5635.428571428572,516.2857142857143,6152.571428571428,0.0,0.666799903460391,0.0,0.0,0.0,0.0,3.652824346929692e-14,11.99999999999999,11.99999999999999
P9,Vertical,Center,1D,DT500,0,7,100,60,1.4150374983804868,106.28571428571428,27.6644690516631,2.275590414013041,1872.857142857143,536.4285714285714,2410.0,0.0,0.9442283875572784,0.0,0.0,0.0,0.1428571428571428,8.781071399677974e-15,1.0000000000000016,-1.0000000000000016
P9,Vertical,Center,1D,DT500,0,7,100,40,1.8073549209101785,112.14285714285714,53.48274778295781,1.630780229005624,1858.0,524.5714285714286,2382.8571428571427,0.0,0.6843801920287392,0.0,0.0,0.0,0.1428571428571428,9.561819218641895e-15,5.999999999999998,5.999999999999998
P9,Vertical,Center,1D,DT500,0,7,500,60,3.222392419290665,496.4285714285714,26.75277665252221,4.289550564825824,5128.857142857143,522.2857142857143,5651.857142857143,0.0,0.7589630198362299,0.0,0.0,0.0,0.2857142857142857,3.615158830798867e-14,5.999999999999991,5.999999999999991
P9,Vertical,Center,1D,DT500,0,7,500,40,3.754887499779624,510.0,29.596160879208995,4.188398129925657,5217.142857142857,512.4285714285714,5730.0,0.0,0.7309595340184393,0.0,0.0,0.0,0.1428571428571428,3.723312322517356e-14,5.999999999999994,5.999999999999994
P9,Vertical,Center,1D,DT500,0,7,250,60,2.3692338081615767,243.8571428571429,24.79638812399997,3.43754490160789,2849.428571428572,517.7142857142857,3367.8571428571427,0.0,1.0206920174445484,0.0,0.0,0.0,0.0,1.8287954482376932e-14,5.999999999999995,5.999999999999995
P9,Vertical,Center,1D,DT500,0,7,250,40,2.857980993313141,253.28571428571428,50.20399941808527,2.5957734140644497,2816.0,510.57142857142856,3327.285714285714,0.0,0.7801474345649027,0.0,0.0,0.0,0.0,1.960939218062072e-14,5.999999999999996,5.999999999999996
P9,Vertical,Right,1D,DT500,0,7,250,40,2.857980993313141,258.2857142857143,27.796449775121538,3.36345701718471,2907.5714285714284,523.5714285714286,3431.5714285714284,0.0,0.9801506648471324,0.0,0.0,0.0,0.0,1.928904622843136e-14,0.999999999999996,0.999999999999996
P9,Vertical,Right,1D,DT500,0,7,100,60,1.4150374983804868,103.71428571428572,37.11797122477193,1.9237880491997728,1613.428571428571,537.1428571428571,2151.0,0.0,0.8943691535098901,0.0,0.0,0.0,0.1428571428571428,9.196278869924036e-15,8.000000000000002,8.000000000000002
P9,Vertical,Right,1D,DT500,0,7,250,60,2.3692338081615767,234.28571428571428,43.269331687784906,2.6813571769098887,3042.1428571428573,521.8571428571429,3564.285714285714,0.0,0.7522845786921531,0.0,0.0,0.0,0.1428571428571428,1.895339480627145e-14,7.999999999999996,7.999999999999996
P9,Vertical,Right,1D,DT500,0,7,500,40,3.754887499779624,512.7142857142857,21.45535690628047,4.637888180208631,5414.285714285715,526.0,5940.857142857143,0.0,0.7806766041807438,0.0,0.0,0.0,0.0,3.956022082149015e-14,7.99999999999999,7.99999999999999
P9,Vertical,Right,1D,DT500,0,7,500,60,3.222392419290665,491.8571428571428,48.86586078360047,3.467990920801706,4740.571428571428,524.0,5265.285714285715,0.0,0.6586519913615307,0.0,0.0,0.0,0.0,3.7244003534420175e-14,7.999999999999991,7.999999999999991
P9,Vertical,Right,1D,DT500,0,7,100,40,1.8073549209101785,126.14285714285714,22.617929730832607,2.71745549511352,1955.0,516.5714285714286,2472.0,0.0,1.0992942941397734,0.1428571428571428,0.0,0.0,0.1428571428571428,1.0717556902262404e-14,8.000000000000002,8.000000000000002
P9,Joystick,Rear,2D,DT500,0,7,500,40,3.754887499779624,478.8148650831152,44.33357698097339,3.560748689652109,6382.428571428572,500.0,6883.285714285715,0.0,0.5173036304830493,0.1428571428571428,1.4285714285714286,2.571428571428572,0.5714285714285714,11.055914277209093,12.913678175480864,1.0148955828498427
P9,Joystick,Rear,2D,DT500,0,7,250,40,2.857980993313141,237.7918625695081,28.31200603906545,3.2325036025884217,5526.571428571428,501.2857142857143,6028.142857142857,0.0,0.5362354010502868,0.1428571428571428,1.5714285714285714,2.0,1.0,14.205850421366192,16.86470718858502,-8.695158545404114
P9,Joystick,Rear,2D,DT500,0,7,100,60,1.4150374983804868,95.48804637205548,34.83825817522561,1.9033839002142905,3326.285714285714,500.0,3826.857142857143,0.0,0.4973752165708539,0.1428571428571428,0.7142857142857143,1.4285714285714286,0.8571428571428571,11.69177509465156,18.18531328613219,-7.614614921410862
P9,Joystick,Rear,2D,DT500,0,7,100,40,1.8073549209101785,106.20828469652766,34.60682491775278,2.024673654407517,4509.0,500.57142857142856,5010.142857142857,0.0,0.4041149548302762,0.2857142857142857,1.1428571428571428,1.4285714285714286,0.7142857142857143,13.213862198411364,19.71663557231736,-7.709832031198291
P9,Joystick,Rear,2D,DT500,0,7,250,60,2.3692338081615767,237.4048982927293,33.81600161139234,3.0036903615768766,3396.1428571428573,500.0,3896.428571428572,0.0,0.7708829525586851,0.0,1.0,1.1428571428571428,0.0,8.250025265508585,12.78830032478275,2.018765555954032
P9,Joystick,Rear,2D,DT500,0,7,500,60,3.222392419290665,495.12305382553166,31.52314739479971,4.062350596582669,6205.428571428572,501.0,6707.0,0.0,0.6056881760224645,0.0,0.7142857142857143,1.8571428571428568,0.0,14.834224324271265,20.513680347989112,13.067761914076158
P9,Joystick,Center,2D,DT500,0,7,500,60,3.222392419290665,486.9479480621,60.95632668509047,3.168075985869039,5339.142857142857,500.0,5839.714285714285,0.0,0.542505306059085,0.0,1.4285714285714286,2.0,0.0,12.893445551392627,16.819050755189632,-5.540078194826505
P9,Joystick,Center,2D,DT500,0,7,250,40,2.857980993313141,244.17117304256607,20.253945859209985,3.706584323626305,3686.571428571429,500.0,4187.285714285715,0.0,0.8851997634125119,0.0,0.5714285714285714,1.2857142857142858,0.2857142857142857,10.565688833345044,12.53667449003628,-0.4993872761526547
P9,Joystick,Center,2D,DT500,0,7,100,60,1.4150374983804868,105.83353219589902,41.48239607932686,1.8283422928181967,3139.5714285714284,501.8571428571428,3642.142857142857,0.0,0.5019963149530251,0.0,0.8571428571428571,1.2857142857142858,0.5714285714285714,11.697205990378205,15.224516443977617,0.8047409303526597
P9,Joystick,Center,2D,DT500,0,7,250,60,2.3692338081615767,236.09596254217612,53.15877496422387,2.4439608234695327,3948.285714285714,500.1428571428572,4449.142857142857,0.0,0.5493104856244133,0.2857142857142857,1.0,1.5714285714285714,0.2857142857142857,11.963268202335913,16.004266399178235,-3.927715781964277
P9,Joystick,Center,2D,DT500,0,7,500,40,3.754887499779624,498.3647958775458,41.06350163622922,3.715502640857064,6026.428571428572,500.0,6527.428571428572,0.0,0.5692138336251301,0.0,1.2857142857142858,2.4285714285714284,0.2857142857142857,13.681505203122851,17.176861818717327,8.327824127520651
P9,Joystick,Center,2D,DT500,0,7,100,40,1.8073549209101785,99.56843241003368,22.647340680156283,2.4320169292601608,6949.0,500.57142857142856,7449.857142857143,0.0,0.3264514852599499,1.4285714285714286,1.5714285714285714,2.0,2.142857142857143,11.71783808154058,14.432226575068638,-5.244879032305279
P9,Joystick,Front,2D,DT500,0,7,250,40,2.857980993313141,239.66704070547345,45.34333121237543,2.652052130468016,3804.0,500.0,4304.857142857143,0.0,0.6160604272010389,0.0,0.7142857142857143,1.7142857142857142,0.1428571428571428,13.311741935106564,20.792262226027454,7.72869815133069
P9,Joystick,Front,2D,DT500,0,7,250,60,2.3692338081615767,234.24680377479729,37.5597130544995,2.8553220983760386,3003.5714285714284,500.8571428571428,3505.0,0.0,0.8146425387663448,0.0,0.1428571428571428,1.2857142857142858,0.1428571428571428,7.919430947233401,11.413597674887262,8.881948300850118
P9,Joystick,Front,2D,DT500,0,7,100,60,1.4150374983804868,94.14423425611244,55.98869221533574,1.42303302901345,1878.857142857143,501.1428571428572,2380.428571428572,0.0,0.5978053893713108,0.0,0.4285714285714285,0.2857142857142857,0.1428571428571428,6.3152306631086885,7.768804610457239,2.396724828370554
P9,Joystick,Front,2D,DT500,0,7,500,40,3.754887499779624,492.79382238326826,30.750367579940583,4.0896357497917,6146.857142857143,500.4285714285714,6647.714285714285,0.0,0.6151942718988676,0.2857142857142857,0.7142857142857143,1.4285714285714286,0.2857142857142857,13.674170930935436,19.46592292038814,18.264356859774
P9,Joystick,Front,2D,DT500,0,7,100,40,1.8073549209101785,113.84024292511904,38.39361828721575,1.9873508563494429,5784.428571428572,500.0,6285.0,0.0,0.3162053868495533,0.8571428571428571,1.7142857142857142,2.7142857142857144,2.142857142857143,15.041917187715686,17.001586905343725,3.9959689613201874
P9,Joystick,Front,2D,DT500,0,7,500,60,3.222392419290665,494.9571641900736,41.41127684993003,3.695128760116191,5721.142857142857,500.2857142857143,6221.571428571428,0.0,0.593922098707569,0.0,1.2857142857142858,2.2857142857142856,0.0,12.190799798835252,16.217497566106157,-10.315233054737428
P6,Vertical,Right,1D,DT500,0,7,100,40,1.8073549209101785,102.42857142857144,64.02399883356492,1.3784264538511388,1476.857142857143,524.5714285714286,2001.857142857143,14.285714285714285,0.6885738369341307,0.1428571428571428,0.0,0.0,1.1428571428571428,1.4663363926119583e-14,28.0,28.0
P6,Vertical,Right,1D,DT500,0,7,500,40,3.754887499779624,515.2857142857143,45.81645995284711,3.614325603863529,7159.571428571428,521.1428571428571,7681.285714285715,0.0,0.4705365401447804,0.1428571428571428,0.0,0.0,0.8571428571428571,7.331991854991515e-14,35.0,35.0
P6,Vertical,Right,1D,DT500,0,7,250,40,2.857980993313141,268.7142857142857,18.126677592657515,3.9840646398838513,3830.0,518.0,4348.428571428572,0.0,0.9162079069347534,0.4285714285714285,0.0,0.0,0.7142857142857143,3.9810893289826524e-14,35.0,35.0
P6,Vertical,Right,1D,DT500,0,7,500,60,3.222392419290665,496.0,54.55175569511973,3.335180657274507,5795.142857142857,526.0,6321.857142857143,0.0,0.5275634330084186,0.0,0.0,0.0,0.5714285714285714,6.831849540759007e-14,35.0,35.0
P6,Vertical,Right,1D,DT500,0,7,250,60,2.3692338081615767,246.42857142857144,52.97086626625846,2.4988005030218243,3199.1428571428573,535.4285714285714,3735.142857142857,0.0,0.6689973044118707,0.0,0.0,0.0,0.4285714285714285,3.3266266275927026e-14,35.0,35.0
P6,Vertical,Right,1D,DT500,0,7,100,60,1.4150374983804868,105.57142857142856,53.08589542727166,1.5795136175317137,1569.0,514.2857142857143,2083.5714285714284,0.0,0.7580798987125126,0.0,0.0,0.0,0.4285714285714285,1.3185656121816328e-14,35.0,35.0
P6,Vertical,Left,1D,DT500,0,7,250,60,2.3692338081615767,237.1428571428572,44.7932013613533,2.65401631887642,3857.428571428572,528.5714285714286,4386.285714285715,0.0,0.6050714640481676,0.1428571428571428,0.0,0.0,1.1428571428571428,2.4818537112574727e-14,7.999999999999995,-7.999999999999995
P6,Vertical,Left,1D,DT500,0,7,100,40,1.8073549209101785,100.57142857142856,39.81378320680528,1.8180510969462325,1941.142857142857,518.5714285714286,2460.1428571428573,0.0,0.73900224601496,0.1428571428571428,0.0,0.0,1.0,9.546353636895218e-15,1.000000000000002,-1.000000000000002
P6,Vertical,Left,1D,DT500,0,7,100,60,1.4150374983804868,111.14285714285714,32.49113435175994,2.1442791891409803,1503.0,525.2857142857143,2029.142857142857,0.0,1.056741363277025,0.0,0.0,0.0,0.1428571428571428,9.718216054079652e-15,1.0000000000000009,-1.0000000000000009
P6,Vertical,Left,1D,DT500,0,7,500,40,3.754887499779624,494.8571428571428,42.99591994705938,3.6449404230564366,6173.428571428572,523.2857142857143,6697.285714285715,0.0,0.544241440272073,0.2857142857142857,0.0,0.0,1.4285714285714286,3.9230851224061317e-14,1.0000000000000038,-1.0000000000000038
P6,Vertical,Left,1D,DT500,0,7,500,60,3.222392419290665,505.7142857142857,45.763174654780016,3.591042877388187,5294.714285714285,521.2857142857143,5816.285714285715,0.0,0.6174117046155452,0.1428571428571428,0.0,0.0,1.0,4.053824783038452e-14,1.000000000000009,-1.000000000000009
P6,Vertical,Left,1D,DT500,0,7,250,40,2.857980993313141,253.7142857142857,31.05774159681177,3.196782606421442,3037.285714285714,529.4285714285714,3567.428571428572,0.0,0.896102764894686,0.0,0.0,0.0,0.7142857142857143,2.134479853736695e-14,1.000000000000003,-1.000000000000003
P6,Horizontal,Center,1D,DT500,0,7,250,60,2.3692338081615767,276.0,27.14511129411456,3.4812442506253065,4584.428571428572,529.1428571428571,5113.714285714285,0.0,0.680766279874208,0.0,0.0,0.0,0.5714285714285714,3.4105818440798934e-14,17.999999999999996,-17.999999999999996
P6,Horizontal,Center,1D,DT500,0,7,500,60,3.222392419290665,493.1428571428572,50.212098796926064,3.4357880350365293,5850.285714285715,524.0,6374.857142857143,0.0,0.5389592202683691,0.0,0.0,0.0,0.7142857142857143,4.316369903878471e-14,11.000000000000004,-11.000000000000004
P6,Horizontal,Center,1D,DT500,0,7,100,40,1.8073549209101785,103.85714285714286,32.491134351759946,2.0691784523055703,1797.142857142857,534.8571428571429,2332.5714285714284,0.0,0.8870804241878365,0.0,0.0,0.0,1.1428571428571428,1.3538632836823287e-14,11.000000000000002,-11.000000000000002
P6,Horizontal,Center,1D,DT500,0,7,100,60,1.4150374983804868,107.0,41.24851973421832,1.845603446222296,1718.2857142857142,527.1428571428571,2245.714285714286,0.0,0.8218335956460602,0.0,0.0,0.0,0.7142857142857143,1.3197569720854842e-14,11.0,-11.0
P6,Horizontal,Center,1D,DT500,0,7,500,40,3.754887499779624,506.57142857142856,38.09122615179629,3.83783231453722,6472.142857142857,515.8571428571429,6988.571428571428,0.0,0.5491583442714747,0.0,0.0,0.0,0.5714285714285714,4.4525415147621327e-14,11.000000000000012,-11.000000000000012
P6,Horizontal,Center,1D,DT500,0,7,250,40,2.857980993313141,239.1428571428572,48.94070005948674,2.5573806739253784,3625.714285714286,524.0,4150.285714285715,0.0,0.6161938839831216,0.1428571428571428,0.0,0.0,1.1428571428571428,2.1466532839731432e-14,11.000000000000004,-11.000000000000004
P6,Joystick,Center,2D,DT500,0,7,500,40,3.754887499779624,491.06459637690574,50.07032451504831,3.4339606321974623,8399.0,504.57142857142856,8904.142857142857,0.0,0.3856587531547472,0.2857142857142857,1.4285714285714286,2.142857142857143,0.8571428571428571,15.41997932864559,26.84218314896887,10.563456157603031
P6,Joystick,Center,2D,DT500,0,7,250,40,2.857980993313141,246.9158834909161,42.913186718461375,2.7557093602620264,4722.0,504.4285714285714,5227.0,0.0,0.5272066883990867,0.2857142857142857,0.7142857142857143,1.5714285714285714,0.7142857142857143,10.850616885323136,18.070608417031814,11.485184815191417
P6,Joystick,Center,2D,DT500,0,7,250,60,2.3692338081615767,241.3254500165893,65.30159794044093,2.2312947628426696,3462.714285714286,508.8571428571428,3972.285714285714,0.0,0.5617155772099075,0.0,1.1428571428571428,0.8571428571428571,0.1428571428571428,10.097678564671185,15.506957265794556,-2.317811819468073
P6,Joystick,Center,2D,DT500,0,7,500,60,3.222392419290665,493.33871675510494,52.0204732351942,3.390055314415498,5700.0,505.0,6205.714285714285,0.0,0.5462796316967884,0.0,0.7142857142857143,2.4285714285714284,0.0,17.61963668924494,26.909872698577484,17.62308625433026
P6,Joystick,Center,2D,DT500,0,7,100,60,1.4150374983804868,95.21147160598592,69.28108263761187,1.2474889010704664,2928.1428571428573,503.4285714285714,3431.8571428571427,0.0,0.3635025728465748,0.1428571428571428,0.5714285714285714,1.2857142857142858,0.5714285714285714,9.962951583718036,14.694978899337285,-10.868254415224555
P6,Joystick,Center,2D,DT500,0,7,100,40,1.8073549209101785,109.01670146853893,39.37965154388733,1.913933384989028,2873.8571428571427,502.7142857142857,3377.285714285714,0.0,0.5667075713769804,0.1428571428571428,0.4285714285714285,1.0,0.5714285714285714,9.912531403892611,14.237917434816234,-0.1999117664045039
P6,Horizontal,Rear,1D,DT500,0,7,250,40,2.857980993313141,251.28571428571428,39.13386006825818,2.891649366510692,3560.714285714286,524.0,4085.142857142857,0.0,0.7078453477960148,0.2857142857142857,0.0,0.0,0.7142857142857143,2.2626676550945028e-14,11.999999999999996,-11.999999999999996
P6,Horizontal,Rear,1D,DT500,0,7,250,60,2.3692338081615767,242.42857142857144,48.92407900278076,2.5741498358451427,3402.1428571428573,529.0,3931.571428571429,0.0,0.6547381581670724,0.0,0.0,0.0,0.0,1.85415675495732e-14,5.000000000000005,-5.000000000000005
P6,Horizontal,Rear,1D,DT500,0,7,500,40,3.754887499779624,502.7142857142857,43.45688927121587,3.651696360962297,5234.428571428572,525.5714285714286,5760.857142857143,0.0,0.6338807351767118,0.0,0.0,0.0,0.0,3.7074042762443125e-14,5.000000000000008,-5.000000000000008
P6,Horizontal,Rear,1D,DT500,0,7,100,60,1.4150374983804868,113.28571428571428,69.5174529289268,1.394843936709074,1845.428571428572,534.8571428571429,2380.714285714286,0.0,0.5858930427220832,0.0,0.0,0.0,0.5714285714285714,9.8026349567997e-15,5.000000000000003,-5.000000000000003
P6,Horizontal,Rear,1D,DT500,0,7,500,60,3.222392419290665,485.57142857142856,49.46140442451722,3.435252315122138,5790.142857142857,523.8571428571429,6314.428571428572,0.0,0.5440321758750926,0.1428571428571428,0.0,0.0,0.4285714285714285,3.71590751584792e-14,5.000000000000008,-5.000000000000008
P6,Horizontal,Rear,1D,DT500,0,7,100,40,1.8073549209101785,100.71428571428572,42.53951512509654,1.7516979219158626,1928.7142857142856,537.2857142857143,2466.5714285714284,0.0,0.710175226075005,0.1428571428571428,0.0,0.0,0.1428571428571428,8.72602909836863e-15,5.000000000000001,-5.000000000000001
P6,Horizontal,Front,1D,DT500,0,7,100,40,1.8073549209101785,107.0,44.051707554700776,1.7777726440650068,2037.142857142857,527.0,2564.5714285714284,0.0,0.6932045737775762,0.1428571428571428,0.0,0.0,0.1428571428571428,1.8687198902739105e-14,33.0,-33.0
P6,Horizontal,Front,1D,DT500,0,7,500,60,3.222392419290665,496.0,59.79382962324832,3.216481296456918,5285.0,528.8571428571429,5814.428571428572,0.0,0.5531895794992365,0.1428571428571428,0.0,0.0,0.2857142857142857,7.391332384513795e-14,26.0,-26.0
P6,Horizontal,Front,1D,DT500,0,7,250,40,2.857980993313141,257.57142857142856,45.76317465477994,2.7286510401775863,3599.285714285714,534.8571428571429,4134.428571428572,14.285714285714285,0.6599826295305312,0.4285714285714285,0.0,0.0,0.4285714285714285,4.0852370849262956e-14,26.0,-26.0
P6,Horizontal,Front,1D,DT500,0,7,250,60,2.3692338081615767,250.28571428571428,31.83365819951981,3.147680873374745,3056.5714285714284,522.0,3578.8571428571427,0.0,0.8795212403649696,0.0,0.0,0.0,0.0,3.6253965519869304e-14,26.0,-26.0
P6,Horizontal,Front,1D,DT500,0,7,100,60,1.4150374983804868,98.57142857142856,58.13869740487782,1.4305277496232855,1463.7142857142858,543.8571428571429,2007.857142857143,0.0,0.712464905539879,0.0,0.0,0.0,0.0,1.457148573222744e-14,26.0,-26.0
P6,Horizontal,Front,1D,DT500,0,7,500,40,3.754887499779624,503.8571428571428,44.21755853578684,3.631681266157186,5300.428571428572,530.1428571428571,5831.428571428572,0.0,0.6227772871901103,0.0,0.0,0.0,0.0,7.30100563302021e-14,26.0,-26.0
P6,Vertical,Center,1D,DT500,0,7,250,60,2.3692338081615767,253.7142857142857,49.11488156106033,2.624272039675025,3748.0,546.4285714285714,4295.285714285715,0.0,0.6109656526332914,0.0,0.0,0.0,0.8571428571428571,3.422275473072236e-14,27.0,-27.0
P6,Vertical,Center,1D,DT500,0,7,100,40,1.8073549209101785,89.71428571428571,27.869502331520888,2.076930014455875,1211.7142857142858,527.8571428571429,1740.2857142857142,0.0,1.1934419718593932,0.2857142857142857,0.0,0.0,1.4285714285714286,1.424782927166792e-14,20.0,-20.0
P6,Vertical,Center,1D,DT500,0,7,500,40,3.754887499779624,505.57142857142856,64.76914985652547,3.1384449659515243,7264.0,531.1428571428571,7795.285714285715,14.285714285714285,0.4026080737746379,0.0,0.0,0.0,1.0,6.375524576497955e-14,20.0,-20.0
P6,Vertical,Center,1D,DT500,0,7,100,60,1.4150374983804868,118.85714285714286,37.79112177687824,2.051409537426017,1158.428571428571,524.7142857142857,1683.428571428571,0.0,1.2185901868620268,0.0,0.0,0.0,0.4285714285714285,1.4986846361819146e-14,20.0,-20.0
P6,Vertical,Center,1D,DT500,0,7,250,40,2.857980993313141,250.28571428571428,40.55254392492639,2.8423527337942445,3110.8571428571427,522.8571428571429,3634.428571428572,0.0,0.7820631711237652,0.0,0.0,0.0,1.1428571428571428,3.4786636762571474e-14,20.000000000000004,-20.000000000000004
P6,Vertical,Center,1D,DT500,0,7,500,60,3.222392419290665,513.5714285714286,45.88741076570033,3.607861681526935,7595.0,534.8571428571429,8130.285714285715,0.0,0.4437558295383846,0.1428571428571428,0.0,0.0,1.1428571428571428,6.642644541817639e-14,20.000000000000004,-20.000000000000004
P6,Joystick,Front,2D,DT500,0,7,500,60,3.222392419290665,494.1143902184764,35.48280478152374,3.8997035196409136,6162.428571428572,505.7142857142857,6668.571428571428,0.0,0.5847884455331276,0.1428571428571428,1.5714285714285714,1.5714285714285714,0.5714285714285714,19.21406119784813,24.82115489307233,8.676795015935175
P6,Joystick,Front,2D,DT500,0,7,250,40,2.857980993313141,235.0922740456474,28.53041095113749,3.207902086292489,4529.285714285715,502.57142857142856,5032.428571428572,0.0,0.637446123826821,0.2857142857142857,1.1428571428571428,1.5714285714285714,0.4285714285714285,12.49973753206287,18.33713669079194,-0.4748259054324498
P6,Joystick,Front,2D,DT500,0,7,500,40,3.754887499779624,503.8714895449437,35.18240731194742,3.937503418464456,6088.285714285715,503.2857142857143,6592.428571428572,0.0,0.5972766144982598,0.0,1.0,1.7142857142857142,0.1428571428571428,14.607262219585866,21.548878926222223,12.260091142246203
P6,Joystick,Front,2D,DT500,0,7,100,60,1.4150374983804868,91.8703690521436,53.67264443354641,1.4391867103047675,2426.714285714286,502.7142857142857,2929.8571428571427,0.0,0.4912139534903396,0.1428571428571428,0.4285714285714285,0.4285714285714285,0.1428571428571428,9.092234765529785,16.605648525303177,-3.4579816017548164
P6,Joystick,Front,2D,DT500,0,7,250,60,2.3692338081615767,246.92233208130097,43.74521312991968,2.732172930972041,3717.0,502.1428571428572,4219.714285714285,0.0,0.6474781812175601,0.0,1.0,1.1428571428571428,0.1428571428571428,11.03385766039143,17.776909122935656,-5.519549394777674
P6,Joystick,Front,2D,DT500,0,7,100,40,1.8073549209101785,97.3263880892844,38.24627881177477,1.8256750496524443,3348.285714285714,503.2857142857143,3852.142857142857,0.0,0.4739375244786616,0.1428571428571428,0.5714285714285714,0.7142857142857143,0.2857142857142857,7.867271435423832,9.279501312527088,-0.5383757519777859
P6,Joystick,Rear,2D,DT500,0,7,500,60,3.222392419290665,502.871498080908,67.42917456058451,3.080277890315993,5821.285714285715,503.0,6324.571428571428,0.0,0.4870334575400242,0.0,1.0,2.2857142857142856,0.0,17.606024243959208,27.77625383467388,14.738125186291652
P6,Joystick,Rear,2D,DT500,0,7,500,40,3.754887499779624,493.2676392606667,35.95764403798609,3.87951158136488,7723.428571428572,502.0,8226.142857142857,0.0,0.4716076110927558,0.1428571428571428,1.4285714285714286,3.4285714285714284,1.2857142857142858,13.383507432215906,18.93673091831932,11.475430916154924
P6,Joystick,Rear,2D,DT500,0,7,100,40,1.8073549209101785,93.7945859277677,45.48129700319129,1.6146001591978822,4038.285714285714,502.7142857142857,4541.142857142857,0.0,0.3555492989299477,0.1428571428571428,0.8571428571428571,1.4285714285714286,1.0,9.405329281239002,12.84063882600388,-4.7432662671169945
P6,Joystick,Rear,2D,DT500,0,7,100,60,1.4150374983804868,96.52139559915602,49.45503092340397,1.5615462136928029,2340.428571428572,504.4285714285714,2845.428571428572,0.0,0.5487912187895179,0.0,0.5714285714285714,0.7142857142857143,0.1428571428571428,8.42867405013043,11.927557344442985,-8.042940111324762
P6,Joystick,Rear,2D,DT500,0,7,250,60,2.3692338081615767,246.9760445695682,53.6747860668137,2.485772501815156,3568.1428571428573,503.8571428571428,4073.0,0.0,0.6103050581426849,0.2857142857142857,1.4285714285714286,1.8571428571428568,0.7142857142857143,10.086001913830078,13.709706043920464,-2.330935490116365
P6,Joystick,Rear,2D,DT500,0,7,250,40,2.857980993313141,244.7933564877783,27.074115410173857,3.327917438888904,3948.428571428572,502.7142857142857,4451.714285714285,0.0,0.7475586314171854,0.1428571428571428,1.1428571428571428,1.5714285714285714,0.2857142857142857,9.029899757428543,13.305265795294847,9.78769279150416
P12,Vertical,Left,1D,DT500,0,7,100,60,1.4150374983804868,72.28571428571429,22.43741663153968,2.0778101878786264,3455.714285714286,520.8571428571429,3977.0,0.0,0.5224566728384779,0.0,0.0,0.0,0.5714285714285714,6.530664396580245e-15,8.202302926095583e-15,-1.654302368505413e-16
P12,Vertical,Left,1D,DT500,0,7,100,40,1.8073549209101785,87.14285714285714,40.62267808664507,1.6531414616793814,4091.714285714286,520.2857142857143,4612.428571428572,0.0,0.3584102032321265,0.0,0.0,0.0,1.4285714285714286,1.2144488049466863e-14,7.0,7.0
P12,Vertical,Left,1D,DT500,0,7,250,60,2.3692338081615767,255.8571428571429,38.37839009545056,2.938605380896907,4503.428571428572,525.2857142857143,5029.142857142857,0.0,0.5843153524110428,0.0,0.0,0.0,0.4285714285714285,2.6301090753050374e-14,7.0,7.0
P12,Vertical,Left,1D,DT500,0,7,500,40,3.754887499779624,494.1428571428572,59.71897246923549,3.213264866313999,7122.571428571428,519.0,7642.285714285715,14.285714285714285,0.4204586149281814,0.4285714285714285,0.0,0.0,1.4285714285714286,4.971063115230166e-14,6.999999999999984,6.999999999999984
P12,Vertical,Left,1D,DT500,0,7,500,60,3.222392419290665,517.5714285714286,49.53534394587433,3.517090208615516,7413.428571428572,527.8571428571429,7941.857142857143,0.0,0.442854882095023,0.2857142857142857,0.0,0.0,1.2857142857142858,4.5875178112478924e-14,6.999999999999992,6.999999999999992
P12,Vertical,Left,1D,DT500,0,7,250,40,2.857980993313141,263.7142857142857,34.067441145375206,3.127789731097744,6899.571428571428,519.2857142857143,7419.714285714285,0.0,0.4215512364296701,0.7142857142857143,0.0,0.0,2.4285714285714284,3.7778768493913056e-14,6.999999999999994,6.999999999999994
P12,Joystick,Rear,2D,DT500,0,7,500,40,3.754887499779624,491.1473736462408,38.28811923704712,3.7894862127018953,12205.857142857143,504.8571428571428,12711.142857142857,0.0,0.2981231707715757,1.0,2.2857142857142856,4.0,3.2857142857142856,40.94069718747964,41.22248077966036,19.017611803773097
P12,Joystick,Rear,2D,DT500,0,7,500,60,3.222392419290665,498.17220415498,55.17541804489312,3.326088527768565,10021.285714285714,502.8571428571428,10524.857142857143,0.0,0.3160222017859754,0.2857142857142857,1.4285714285714286,3.7142857142857135,2.4285714285714284,43.95233865841154,55.06898211916147,11.300822048583465
P12,Joystick,Rear,2D,DT500,0,7,100,60,1.4150374983804868,99.77034793873692,50.642008748465706,1.57051655482011,4225.857142857143,502.7142857142857,4729.285714285715,0.0,0.3320832467524775,0.1428571428571428,0.5714285714285714,1.7142857142857142,1.2857142857142858,14.683908472681743,24.74026440668226,3.663120396605161
P12,Joystick,Rear,2D,DT500,0,7,250,40,2.857980993313141,243.0975916776169,41.62809323618384,2.773943258906453,11535.142857142857,501.8571428571428,12037.142857142857,0.0,0.2304486448177684,1.1428571428571428,2.142857142857143,3.857142857142857,3.142857142857143,33.406686572996726,30.323005661137767,2.224512628627621
P12,Joystick,Rear,2D,DT500,0,7,100,40,1.8073549209101785,102.21605293912413,62.012104128589165,1.4050797513971582,7693.571428571428,501.1428571428572,8195.142857142857,0.0,0.1714527465707929,1.0,1.5714285714285714,2.7142857142857144,2.571428571428572,28.69847852879897,29.352674757092803,15.325839140853825
P12,Joystick,Rear,2D,DT500,0,7,250,60,2.3692338081615767,273.788145952039,58.79740287446138,2.499901145207018,5616.142857142857,503.1428571428572,6120.142857142857,0.0,0.4084710444772327,0.4285714285714285,1.4285714285714286,3.2857142857142856,1.1428571428571428,20.977356831502163,24.84655722600164,3.2288281392641056
P12,Vertical,Right,1D,DT500,0,7,100,40,1.8073549209101785,99.28571428571428,32.34059546777408,2.025029738000644,3495.0,515.0,4010.285714285714,0.0,0.5049589685809528,0.1428571428571428,0.0,0.0,0.4285714285714285,1.0358849521248435e-14,0.9999999999999966,0.9999999999999966
P12,Vertical,Right,1D,DT500,0,7,250,40,2.857980993313141,263.2857142857143,21.96113969144508,3.6991861413443607,3668.285714285714,513.2857142857143,4182.0,0.0,0.8845495316461885,0.0,0.0,0.0,0.5714285714285714,2.8153965710566682e-14,8.000000000000005,8.000000000000005
P12,Vertical,Right,1D,DT500,0,7,500,40,3.754887499779624,505.8571428571428,56.23292261891959,3.321314378690849,6193.571428571428,516.5714285714286,6710.714285714285,0.0,0.4949271027320052,0.1428571428571428,0.0,0.0,1.1428571428571428,4.6490046081411465e-14,8.000000000000005,8.000000000000005
P12,Vertical,Right,1D,DT500,0,7,250,60,2.3692338081615767,268.2857142857143,18.54802665919395,3.950877128678175,4261.571428571428,517.8571428571429,4779.857142857143,0.0,0.8265680355284744,0.2857142857142857,0.0,0.0,0.7142857142857143,2.6636406009449785e-14,8.000000000000002,8.000000000000002
P12,Vertical,Right,1D,DT500,0,7,100,60,1.4150374983804868,109.28571428571428,37.27103567301585,1.975332600670896,3221.0,518.1428571428571,3739.714285714286,0.0,0.528204148701057,0.0,0.0,0.0,0.5714285714285714,1.1144768707024556e-14,8.0,8.0
P12,Vertical,Right,1D,DT500,0,7,500,60,3.222392419290665,531.2857142857143,59.9703932750502,3.301460840310725,5758.0,516.5714285714286,6275.285714285715,14.285714285714285,0.5261052628719256,0.0,0.0,0.0,0.8571428571428571,4.5446306863142144e-14,7.999999999999987,7.999999999999987
P12,Horizontal,Front,1D,DT500,0,7,250,60,2.3692338081615767,260.2857142857143,35.0209722296149,3.0759229806678023,5994.857142857143,531.1428571428571,6526.571428571428,0.0,0.4712923185368519,0.0,0.0,0.0,0.8571428571428571,2.966439079379332e-14,15.0,15.0
P12,Horizontal,Front,1D,DT500,0,7,500,40,3.754887499779624,503.57142857142856,47.232445437840326,3.5436885668736884,6072.857142857143,519.4285714285714,6592.714285714285,0.0,0.5375158718090494,0.1428571428571428,0.0,0.0,0.5714285714285714,7.41067052812314e-14,22.0,22.0
P12,Horizontal,Front,1D,DT500,0,7,250,40,2.857980993313141,252.57142857142856,48.53184551689608,2.6332547663059023,4214.571428571428,513.7142857142857,4728.714285714285,0.0,0.5568648489212205,0.1428571428571428,0.0,0.0,0.7142857142857143,3.835122611465974e-14,22.0,22.0
P12,Horizontal,Front,1D,DT500,0,7,100,40,1.8073549209101785,93.57142857142856,30.80796099537117,2.013372333687338,6163.857142857143,524.0,6688.571428571428,0.0,0.3010167948699566,0.0,0.0,0.0,0.8571428571428571,1.1185830743837731e-14,22.0,22.0
P12,Horizontal,Front,1D,DT500,0,7,500,60,3.222392419290665,517.7142857142857,47.08585419931213,3.5843748363449173,5121.285714285715,525.4285714285714,5647.285714285715,0.0,0.6347075422937548,0.0,0.0,0.0,0.4285714285714285,7.019621570410035e-14,22.0,22.0
P12,Horizontal,Front,1D,DT500,0,7,100,60,1.4150374983804868,107.57142857142856,63.385657877192045,1.4314058779425416,3766.285714285714,526.1428571428571,4293.0,0.0,0.333427877461575,0.0,0.0,0.0,0.5714285714285714,1.2296340370134761e-14,22.0,22.0
P12,Joystick,Front,2D,DT500,0,7,250,60,2.3692338081615767,252.8273639422828,73.2391272757793,2.1544796812445,6392.142857142857,506.7142857142857,6899.142857142857,0.0,0.3122822248873876,0.1428571428571428,1.0,1.7142857142857142,1.0,11.663653699366238,20.00676526190596,-0.6795457822483105
P12,Joystick,Front,2D,DT500,0,7,500,60,3.222392419290665,493.0373029010194,61.069737317292656,3.181635150567788,7263.714285714285,503.7142857142857,7768.0,0.0,0.4095822799392105,0.1428571428571428,1.4285714285714286,2.7142857142857144,0.5714285714285714,19.24714389659272,22.694175766107488,5.404925536344261
P12,Joystick,Front,2D,DT500,0,7,100,60,1.4150374983804868,94.7621486658784,44.7831987061054,1.639704539180445,2820.0,504.8571428571428,3325.428571428572,0.0,0.4930806673366747,0.1428571428571428,0.8571428571428571,0.7142857142857143,1.0,10.26211677209461,14.77973884732232,5.939978849299329
P12,Joystick,Front,2D,DT500,0,7,100,40,1.8073549209101785,95.32365560476082,40.92883604081816,1.7350930673176537,3955.285714285714,504.57142857142856,4460.714285714285,0.0,0.3889720246989135,0.1428571428571428,1.1428571428571428,0.8571428571428571,0.7142857142857143,10.5344155154489,12.164385136568312,0.8414417643886625
P12,Joystick,Front,2D,DT500,0,7,250,40,2.857980993313141,247.17395395711583,42.27763384653083,2.775355528074187,7718.714285714285,502.8571428571428,8221.857142857143,0.0,0.3375582280075636,0.4285714285714285,1.4285714285714286,2.0,1.4285714285714286,16.5646515597295,19.66284879671933,-9.361568138733022
P12,Joystick,Front,2D,DT500,0,7,500,40,3.754887499779624,487.4955695313609,35.24029217370378,3.890784344031864,11868.42857142857,501.4285714285714,12370.142857142857,0.0,0.3145302676747357,0.8571428571428571,2.0,3.2857142857142856,2.142857142857143,33.58303565414319,45.08678497389183,-15.224959449017836
P12,Vertical,Center,1D,DT500,0,7,250,40,2.857980993313141,253.1428571428572,56.815662769867,2.447714551245172,5801.857142857143,515.7142857142857,6318.0,0.0,0.3874192072246236,0.1428571428571428,0.0,0.0,1.5714285714285714,3.0634947652901356e-14,7.000000000000002,7.000000000000002
P12,Vertical,Center,1D,DT500,0,7,100,40,1.8073549209101785,101.14285714285714,36.76571679113458,1.9072791350734348,3844.428571428572,512.8571428571429,4357.714285714285,0.0,0.4376787944372555,0.1428571428571428,0.0,0.0,1.4285714285714286,1.3251264807878302e-14,14.0,14.0
P12,Vertical,Center,1D,DT500,0,7,500,60,3.222392419290665,536.1428571428571,63.23792801822167,3.2446108289966755,7394.285714285715,513.1428571428571,7908.142857142857,28.57142857142857,0.4102873313759186,0.1428571428571428,0.0,0.0,2.142857142857143,6.77177761595832e-14,14.0,14.0
P12,Vertical,Center,1D,DT500,0,7,500,40,3.754887499779624,494.1428571428572,26.96474310865879,4.272435099067528,7583.714285714285,519.5714285714286,8103.714285714285,0.0,0.5272193649027377,0.0,0.0,0.0,1.1428571428571428,6.499596676513084e-14,14.0,14.0
P12,Vertical,Center,1D,DT500,0,7,250,60,2.3692338081615767,260.1428571428572,52.747765264362016,2.568476540465398,3445.1428571428573,520.2857142857143,3965.857142857143,0.0,0.647647267146637,0.0,0.0,0.0,0.4285714285714285,3.343432777889155e-14,14.0,14.0
P12,Vertical,Center,1D,DT500,0,7,100,60,1.4150374983804868,83.57142857142857,24.432930391800213,2.1441907277406984,3778.142857142857,513.1428571428571,4291.857142857143,0.0,0.4995950835197845,0.0,0.0,0.0,1.0,9.921597151928635e-15,14.0,14.0
P12,Horizontal,Rear,1D,DT500,0,7,100,60,1.4150374983804868,91.57142857142856,29.554911854453984,2.0350428068314192,3892.285714285714,526.5714285714286,4419.571428571428,0.0,0.4604615718337245,0.0,0.0,0.0,0.7142857142857143,9.156238170268132e-15,3.0,3.0
P12,Horizontal,Rear,1D,DT500,0,7,250,40,2.857980993313141,248.57142857142856,39.34113831938754,2.871520152511399,8919.285714285714,516.7142857142857,9436.57142857143,0.0,0.3042969763167583,0.4285714285714285,0.0,0.0,0.7142857142857143,4.43011893884611e-14,9.999999999999998,9.999999999999998
P12,Horizontal,Rear,1D,DT500,0,7,500,40,3.754887499779624,510.4285714285714,15.251429246185896,5.107168493483285,10101.285714285714,520.5714285714286,10622.285714285714,0.0,0.4807975073213056,0.4285714285714285,0.0,0.0,1.1428571428571428,6.257842268933294e-14,9.999999999999986,9.999999999999986
P12,Horizontal,Rear,1D,DT500,0,7,100,40,1.8073549209101785,105.42857142857144,36.499295043303285,1.959217373520751,3794.571428571429,518.7142857142857,4313.714285714285,0.0,0.4541833890132885,0.0,0.0,0.0,0.7142857142857143,1.1909229804266844e-14,10.0,10.0
P12,Horizontal,Rear,1D,DT500,0,7,500,60,3.222392419290665,532.2857142857143,62.44196228046705,3.25164143244397,7191.571428571428,517.8571428571429,7710.142857142857,28.57142857142857,0.4217355621928034,0.1428571428571428,0.0,0.0,1.1428571428571428,5.603492532816123e-14,9.99999999999999,9.99999999999999
P12,Horizontal,Rear,1D,DT500,0,7,250,60,2.3692338081615767,259.7142857142857,44.87483326307933,2.7628859191370343,4931.714285714285,521.2857142857143,5453.714285714285,0.0,0.5066062823229055,0.0,0.0,0.0,0.5714285714285714,2.93585974728482e-14,9.999999999999996,9.999999999999996
P12,Horizontal,Center,1D,DT500,0,7,500,60,3.222392419290665,538.1428571428571,60.35566772698513,3.3097865298336635,6318.571428571428,513.2857142857143,6832.0,42.85714285714285,0.4844535318843184,0.0,0.0,0.0,0.8571428571428571,6.69262349906507e-14,21.0,21.0
P12,Horizontal,Center,1D,DT500,0,7,250,40,2.857980993313141,255.8571428571429,56.93720903187084,2.457770779259133,8519.0,515.7142857142857,9035.142857142857,0.0,0.2720234553143903,0.8571428571428571,0.0,0.0,1.4285714285714286,5.3440619260276205e-14,28.0,28.0
P12,Horizontal,Center,1D,DT500,0,7,500,40,3.754887499779624,493.57142857142856,59.69854059118902,3.2122160476228463,7799.571428571428,522.5714285714286,8322.42857142857,0.0,0.3859709963327999,0.2857142857142857,0.0,0.0,0.8571428571428571,7.386704880430153e-14,28.0,28.0
P12,Horizontal,Center,1D,DT500,0,7,250,60,2.3692338081615767,261.1428571428572,78.87327211320456,2.107994783144298,3790.571428571429,525.8571428571429,4316.714285714285,0.0,0.4883331727838663,0.1428571428571428,0.0,0.0,0.8571428571428571,3.6198046157741325e-14,28.0,28.0
P12,Horizontal,Center,1D,DT500,0,7,100,40,1.8073549209101785,101.57142857142856,28.41856549881929,2.193494937501639,3463.1428571428573,522.8571428571429,3986.714285714286,0.0,0.5502011883223374,0.0,0.0,0.0,0.8571428571428571,1.2017306851767376e-14,28.0,28.0
P12,Horizontal,Center,1D,DT500,0,7,100,60,1.4150374983804868,98.28571428571428,50.37381289931743,1.5612660827724525,3900.857142857143,525.7142857142857,4427.0,0.0,0.3526690948209741,0.0,0.0,0.0,1.1428571428571428,1.1357917270834712e-14,28.0,28.0
P12,Joystick,Center,2D,DT500,0,7,500,40,3.754887499779624,479.87652294318895,53.14038244172081,3.326300772918038,11023.42857142857,501.2857142857143,11525.285714285714,0.0,0.2886089642701918,0.4285714285714285,1.5714285714285714,2.142857142857143,1.5714285714285714,23.78506571681794,23.43015473667992,1.8342121192203649
P12,Joystick,Center,2D,DT500,0,7,100,40,1.8073549209101785,106.55383161817872,51.82871471934711,1.611589836586331,3769.857142857143,501.8571428571428,4272.428571428572,0.0,0.3772069701442577,0.1428571428571428,0.7142857142857143,1.1428571428571428,0.8571428571428571,9.874555679751866,13.365061109688542,-0.1452437351294219
P12,Joystick,Center,2D,DT500,0,7,100,60,1.4150374983804868,85.93477925200867,53.96040913625681,1.3743731496666485,3026.0,503.8571428571428,3530.285714285714,0.0,0.3893093253345151,0.1428571428571428,0.7142857142857143,0.8571428571428571,1.0,11.766306518514522,15.676801046056791,-5.758543073386924
P12,Joystick,Center,2D,DT500,0,7,500,60,3.222392419290665,499.3112629331229,57.44755704086935,3.2767350571349296,9988.42857142857,502.2857142857143,10491.0,0.0,0.3123377234901277,0.0,1.1428571428571428,2.2857142857142856,1.7142857142857142,24.41645694745693,41.266731501180246,-2.445745372929842
P12,Joystick,Center,2D,DT500,0,7,250,40,2.857980993313141,247.42934747309403,41.80217702092422,2.790574820482049,9550.142857142857,502.7142857142857,10053.57142857143,0.0,0.2775704972415537,0.5714285714285714,1.7142857142857142,3.2857142857142856,1.7142857142857142,25.973378474676544,26.68585879405116,4.90313698537956
P12,Joystick,Center,2D,DT500,0,7,250,60,2.3692338081615767,280.52179891829053,32.229606822393244,3.278557873089574,4558.142857142857,505.0,5063.571428571428,0.0,0.6474793373290173,0.2857142857142857,1.1428571428571428,1.5714285714285714,1.1428571428571428,23.441400737787625,27.32206080362449,-12.6655365429263
P2,Horizontal,Front,1D,DT500,0,7,500,60,3.222392419290665,503.2857142857143,19.88134045488818,4.7177847544745966,4734.285714285715,515.2857142857143,5250.285714285715,0.0,0.8985767653820791,0.0,0.0,0.0,0.0,7.0442067252113e-14,13.0,-13.0
P2,Horizontal,Front,1D,DT500,0,7,500,40,3.754887499779624,506.4285714285714,25.79313787246319,4.366968155813034,4713.285714285715,507.7142857142857,5221.857142857143,0.0,0.8362864085216327,0.0,0.0,0.0,0.0,4.003960208654842e-14,6.000000000000005,-6.000000000000005
P2,Horizontal,Front,1D,DT500,0,7,250,40,2.857980993313141,270.0,16.702234918042198,4.101440081139049,2798.428571428572,517.0,3316.1428571428573,0.0,1.2368104324289553,0.0,0.0,0.0,0.0,2.0019111317708705e-14,6.000000000000007,-6.000000000000007
P2,Horizontal,Front,1D,DT500,0,7,100,40,1.8073549209101785,101.0,43.12812822729688,1.7406509108900552,1403.0,513.1428571428571,1916.857142857143,0.0,0.9080754491153964,0.0,0.0,0.0,0.0,8.340919117777871e-15,5.999999999999998,-5.999999999999998
P2,Horizontal,Front,1D,DT500,0,7,100,60,1.4150374983804868,87.28571428571429,79.52536181955274,1.0687281491596623,1499.428571428571,513.1428571428571,2013.142857142857,0.0,0.5308754643852993,0.0,0.0,0.0,0.1428571428571428,7.858829075100172e-15,5.999999999999998,-5.999999999999998
P2,Horizontal,Front,1D,DT500,0,7,250,60,2.3692338081615767,250.0,34.79965004860596,3.032802668384255,2859.428571428572,520.0,3380.0,0.0,0.8972788959716731,0.0,0.0,0.0,0.1428571428571428,2.029529946913537e-14,5.999999999999999,-5.999999999999999
P2,Vertical,Center,1D,DT500,0,7,100,60,1.4150374983804868,104.57142857142856,32.4410323414573,2.078415472076607,1382.2857142857142,516.1428571428571,1898.857142857143,0.0,1.0945612627547583,0.0,0.0,0.0,0.0,1.3789753498769016e-14,24.0,24.0
P2,Vertical,Center,1D,DT500,0,7,250,60,2.3692338081615767,264.57142857142856,48.72418407487724,2.684814633094959,2830.1428571428573,514.4285714285714,3344.8571428571427,0.0,0.802669446983203,0.0,0.0,0.0,0.0,3.4969673449403554e-14,31.0,31.0
P2,Vertical,Center,1D,DT500,0,7,500,40,3.754887499779624,516.5714285714286,27.723204720866267,4.29522186500423,5220.714285714285,515.7142857142857,5736.714285714285,0.0,0.7487250804350327,0.0,0.0,0.0,0.0,7.064378292755087e-14,31.0,31.0
P2,Vertical,Center,1D,DT500,0,7,250,40,2.857980993313141,268.57142857142856,31.62860834790736,3.246622168236542,2707.714285714286,520.5714285714286,3228.714285714286,0.0,1.0055464438589352,0.0,0.0,0.0,0.0,3.6120501422716215e-14,31.0,31.0
P2,Vertical,Center,1D,DT500,0,7,500,60,3.222392419290665,501.57142857142856,65.08231844514306,3.12212989505939,5143.857142857143,516.7142857142857,5661.428571428572,0.0,0.5514738648855848,0.0,0.0,0.0,0.0,6.786005676001702e-14,31.0,31.0
P2,Vertical,Center,1D,DT500,0,7,100,40,1.8073549209101785,100.14285714285714,27.91324209528739,2.197754361067371,3608.285714285714,511.2857142857143,4119.857142857143,0.0,0.5334540215496929,0.4285714285714285,0.0,0.0,0.5714285714285714,1.5363002707368127e-14,31.0,31.0
P2,Joystick,Center,2D,DT500,0,7,250,60,2.3692338081615767,250.34909771605092,40.107518948673416,2.8563780644226373,4070.0,500.0,4570.142857142857,0.0,0.6250084852289226,0.0,1.2857142857142858,1.5714285714285714,0.1428571428571428,14.31287594333263,17.363722726153867,-1.8934524164633264
P2,Joystick,Center,2D,DT500,0,7,100,60,1.4150374983804868,103.4826312809143,48.07774319084411,1.65645152703964,2967.5714285714284,500.8571428571428,3468.8571428571427,0.0,0.4775208256847656,0.1428571428571428,0.8571428571428571,0.8571428571428571,0.5714285714285714,12.215371467889977,16.518133268090164,-3.649013583957593
P2,Joystick,Center,2D,DT500,0,7,100,40,1.8073549209101785,98.14479069299168,36.97841571638923,1.8695201458195587,6745.142857142857,501.0,7246.428571428572,0.0,0.2579919373235467,1.5714285714285714,2.142857142857143,2.7142857142857144,2.142857142857143,15.833170865730288,17.37363598111271,1.394301421755641
P2,Joystick,Center,2D,DT500,0,7,500,60,3.222392419290665,497.62610217652906,46.7105310826089,3.5426793755885706,5302.714285714285,500.0,5803.0,0.0,0.6104910176785405,0.0,1.1428571428571428,1.8571428571428568,0.0,13.30582772209849,17.013568803895307,7.090946985862632
P2,Joystick,Center,2D,DT500,0,7,500,40,3.754887499779624,495.693915095162,25.13046333986245,4.373287800020635,8742.57142857143,500.0,9243.0,0.0,0.4731459266494249,0.7142857142857143,1.5714285714285714,2.2857142857142856,1.0,21.679624683100663,24.23126803661217,12.024775815951177
P2,Joystick,Center,2D,DT500,0,7,250,40,2.857980993313141,249.4010895526628,32.7362339363406,3.107437263377272,3587.8571428571427,500.0,4088.428571428572,0.0,0.7600566352297741,0.0,1.0,1.2857142857142858,0.0,11.349492285846168,13.197179615022748,4.3043949158399695
P2,Joystick,Front,2D,DT500,0,7,500,40,3.754887499779624,487.9521620503056,22.29221545676312,4.516576469592019,4982.142857142857,500.0,5482.571428571428,0.0,0.8238062245855473,0.0,0.8571428571428571,1.5714285714285714,0.0,13.04545068478082,14.810190662841922,9.937226321464117
P2,Joystick,Front,2D,DT500,0,7,250,40,2.857980993313141,250.98043932976324,41.01267189797447,2.8317926906061475,3133.5714285714284,500.0,3633.571428571429,0.0,0.7793414127872236,0.0,0.7142857142857143,1.0,0.0,10.603406305965915,13.274360744116716,1.6391363404658656
P2,Joystick,Front,2D,DT500,0,7,100,40,1.8073549209101785,91.90099615177796,38.6557937000091,1.7559209230917423,3917.0,500.0,4417.285714285715,0.0,0.3975112855872124,0.5714285714285714,1.4285714285714286,1.7142857142857142,1.1428571428571428,13.065551126730329,12.90822803494569,2.4406967153408288
P2,Joystick,Front,2D,DT500,0,7,100,60,1.4150374983804868,88.00342479366125,61.89545761957005,1.276084184339295,1532.7142857142858,500.0,2033.428571428572,0.0,0.627552992157866,0.0,0.7142857142857143,0.5714285714285714,0.0,6.463226382500436,8.665802072709303,-0.0699280996894275
P2,Joystick,Front,2D,DT500,0,7,500,60,3.222392419290665,469.4179557915664,38.016169484156606,3.738535464253783,5737.571428571428,500.0,6238.0,0.0,0.5993163616950598,0.0,1.1428571428571428,1.8571428571428568,0.0,16.213934468805448,19.95453072836312,3.087926343044436
P2,Joystick,Front,2D,DT500,0,7,250,60,2.3692338081615767,243.37201715366743,14.280782312396264,4.173281346586927,2834.714285714286,500.0,3335.285714285714,0.0,1.251251528081059,0.0,1.1428571428571428,1.1428571428571428,0.0,12.092876475392137,14.623033903584949,-1.0571805285454092
P2,Vertical,Left,1D,DT500,0,7,100,60,1.4150374983804868,95.28571428571428,47.14627049753758,1.5950575996368437,2096.428571428572,513.8571428571429,2610.5714285714284,0.0,0.6109994088572784,0.0,0.0,0.0,0.0,1.2261354496475963e-14,15.0,-15.0
P2,Vertical,Left,1D,DT500,0,7,250,40,2.857980993313141,240.7142857142857,28.217522086718745,3.2525771886354256,2612.8571428571427,511.2857142857143,3124.8571428571427,0.0,1.0408722830962778,0.0,0.0,0.0,0.0,2.070636794147064e-14,8.000000000000005,-8.000000000000005
P2,Vertical,Left,1D,DT500,0,7,500,60,3.222392419290665,505.57142857142856,27.29450764130855,4.287090030121493,4489.285714285715,515.7142857142857,5005.714285714285,0.0,0.8564392183461887,0.0,0.0,0.0,0.0,3.790229569152223e-14,8.00000000000001,-8.00000000000001
P2,Vertical,Left,1D,DT500,0,7,100,40,1.8073549209101785,105.28571428571428,27.294507641308645,2.2801829934467013,1883.857142857143,516.0,2400.0,0.0,0.9500762472694588,0.0,0.0,0.0,0.0,1.3910634756069094e-14,8.0,-8.0
P2,Vertical,Left,1D,DT500,0,7,500,40,3.754887499779624,504.8571428571428,38.2829081200495,3.8265519167550894,4576.428571428572,519.2857142857143,5096.285714285715,0.0,0.7508511357651407,0.0,0.0,0.0,0.0,3.9295871356519153e-14,8.000000000000004,-8.000000000000004
P2,Vertical,Left,1D,DT500,0,7,250,60,2.3692338081615767,255.0,31.1492611347756,3.199498031860135,2702.285714285714,514.4285714285714,3217.285714285714,0.0,0.994471214556234,0.0,0.0,0.0,0.0,2.199440097397428e-14,8.000000000000002,-8.000000000000002
P2,Joystick,Rear,2D,DT500,0,7,250,60,2.3692338081615767,244.53080178665093,65.69601155867524,2.239445693026308,3347.714285714286,500.0,3848.142857142857,0.0,0.5819549263534972,0.0,1.1428571428571428,1.1428571428571428,0.1428571428571428,12.982490162125226,15.321949788986595,1.9950887300330808
P2,Joystick,Rear,2D,DT500,0,7,250,40,2.857980993313141,252.4781358898097,38.50751880209951,2.917735957116356,5023.428571428572,500.57142857142856,5524.428571428572,0.0,0.5281516304159316,0.0,1.7142857142857142,2.2857142857142856,1.0,18.53120627609231,23.44877679951955,4.785017931617655
P2,Joystick,Rear,2D,DT500,0,7,500,60,3.222392419290665,485.7853664746426,54.21905349550885,3.3160993804539114,5955.285714285715,500.0,6455.428571428572,0.0,0.513691592085894,0.0,1.2857142857142858,2.4285714285714284,0.0,16.76619474213466,16.365846397344722,7.038423022503847
P2,Joystick,Rear,2D,DT500,0,7,500,40,3.754887499779624,495.4145452244138,24.739062892995968,4.394074972290544,6602.0,500.0,7102.428571428572,0.0,0.61867218066323,0.2857142857142857,2.2857142857142856,2.571428571428572,0.5714285714285714,19.92283588716905,18.708788624110408,10.102546787977383
P2,Joystick,Rear,2D,DT500,0,7,100,40,1.8073549209101785,101.20185497167564,33.542001027448435,2.0061788257559883,4685.142857142857,500.1428571428572,5185.571428571428,0.0,0.3868770979997222,0.2857142857142857,1.2857142857142858,2.4285714285714284,1.2857142857142858,10.38837584690887,14.977734654468216,-3.108009624262301
P2,Joystick,Rear,2D,DT500,0,7,100,60,1.4150374983804868,108.8308936926753,61.878625733557286,1.464030448614681,2314.0,500.57142857142856,2814.8571428571427,0.0,0.520108259252069,0.2857142857142857,1.1428571428571428,1.0,0.2857142857142857,8.480760075962396,11.726090731023133,1.244656103484413
P2,Vertical,Right,1D,DT500,0,7,100,60,1.4150374983804868,94.42857142857144,25.4598997025432,2.2353942887437097,1434.571428571429,520.1428571428571,1955.142857142857,0.0,1.143340641619609,0.0,0.0,0.0,0.0,1.3312268152075107e-14,18.0,-18.0
P2,Vertical,Right,1D,DT500,0,7,500,60,3.222392419290665,497.8571428571428,60.146438615385286,3.213723159456565,5144.285714285715,514.0,5658.857142857143,0.0,0.5679102826465706,0.0,0.0,0.0,0.0,5.888705183422786e-14,11.000000000000009,-11.000000000000009
P2,Vertical,Right,1D,DT500,0,7,500,40,3.754887499779624,503.1428571428572,22.93927395733658,4.519396410501966,4992.285714285715,510.4285714285714,5503.285714285715,0.0,0.8212178406020756,0.0,0.0,0.0,0.0,5.5490247294858175e-14,10.999999999999996,-10.999999999999996
P2,Vertical,Right,1D,DT500,0,7,100,40,1.8073549209101785,90.57142857142856,25.777367074368453,2.174279457712242,1903.428571428572,512.8571428571429,2416.428571428572,0.0,0.899790493880325,0.0,0.0,0.0,0.0,1.1230073191891552e-14,11.0,-11.0
P2,Vertical,Right,1D,DT500,0,7,250,40,2.857980993313141,247.1428571428572,31.6286083479074,3.139780911202814,2554.714285714286,517.8571428571429,3073.1428571428573,0.0,1.021684007922076,0.0,0.0,0.0,0.0,2.8760276249194934e-14,11.000000000000004,-11.000000000000004
P2,Vertical,Right,1D,DT500,0,7,250,60,2.3692338081615767,248.7142857142857,38.38898454426392,2.902805457860736,2642.285714285714,514.0,3156.5714285714284,0.0,0.9196070874830354,0.0,0.0,0.0,0.0,2.7057198148759972e-14,11.0,-11.0
P2,Horizontal,Center,1D,DT500,0,7,100,60,1.4150374983804868,113.14285714285714,46.50361306674172,1.7794659391781935,2225.1428571428573,510.57142857142856,2736.428571428572,0.0,0.6502877355388856,0.0,0.0,0.0,0.0,1.1383267064148455e-14,8.000000000000002,-8.000000000000002
P2,Horizontal,Center,1D,DT500,0,7,500,60,3.222392419290665,508.8571428571428,40.732644932092775,3.754097792159297,4943.142857142857,512.1428571428571,5455.857142857143,0.0,0.6880857936454945,0.0,0.0,0.0,0.0,3.646762709605817e-14,1.0000000000000075,-1.0000000000000075
P2,Horizontal,Center,1D,DT500,0,7,250,40,2.857980993313141,264.2857142857143,26.67666618065208,3.447182344631828,2679.714285714286,508.4285714285714,3188.714285714286,0.0,1.081057139573621,0.0,0.0,0.0,0.0,1.9231919920483047e-14,1.0000000000000038,-1.0000000000000038
P2,Horizontal,Center,1D,DT500,0,7,100,40,1.8073549209101785,103.0,44.28188838581585,1.73379137666632,1759.428571428571,509.8571428571428,2270.0,0.0,0.7637847474300969,0.0,0.0,0.0,0.0,7.763419313433132e-15,1.0000000000000004,-1.0000000000000004
P2,Horizontal,Center,1D,DT500,0,7,250,60,2.3692338081615767,254.0,13.795436816250453,4.278868331138215,2708.714285714286,515.2857142857143,3224.5714285714284,0.0,1.3269572177019096,0.0,0.0,0.0,0.0,1.8539778444156683e-14,1.000000000000004,-1.000000000000004
P2,Horizontal,Center,1D,DT500,0,7,500,40,3.754887499779624,504.7142857142857,32.44103234145735,4.049447665176081,4979.0,514.0,5493.285714285715,0.0,0.737163125275858,0.0,0.0,0.0,0.0,3.648166630062955e-14,1.0000000000000075,-1.0000000000000075
P2,Horizontal,Rear,1D,DT500,0,7,500,60,3.222392419290665,522.4285714285713,23.430384424549885,4.54207568942122,5137.571428571428,507.8571428571428,5645.714285714285,0.0,0.804517455110034,0.0,0.0,0.0,0.0,7.158789166928366e-14,38.0,38.0
P2,Horizontal,Rear,1D,DT500,0,7,250,60,2.3692338081615767,257.7142857142857,42.27100332953864,2.82715149126122,3486.714285714286,517.8571428571429,4005.285714285714,0.0,0.7058551356717389,0.1428571428571428,0.0,0.0,0.1428571428571428,3.915834963485121e-14,45.0,45.0
P2,Horizontal,Rear,1D,DT500,0,7,100,60,1.4150374983804868,98.42857142857144,85.62693390952712,1.1040043304065323,1662.571428571429,514.4285714285714,2177.285714285714,0.0,0.5070553318578654,0.0,0.0,0.0,0.0,1.3018925151627414e-14,45.0,45.0
P2,Horizontal,Rear,1D,DT500,0,7,500,40,3.754887499779624,511.8571428571428,38.96724362209207,3.821258640369309,5601.285714285715,509.2857142857143,6111.142857142857,0.0,0.6252936201455226,0.2857142857142857,0.0,0.0,0.2857142857142857,7.333138304910202e-14,45.0,45.0
P2,Horizontal,Rear,1D,DT500,0,7,100,40,1.8073549209101785,113.85714285714286,48.65736994118416,1.7398383116614975,2057.714285714286,506.0,2564.0,0.0,0.6785640841113485,0.1428571428571428,0.0,0.0,0.1428571428571428,1.4739495118676252e-14,45.0,45.0
P2,Horizontal,Rear,1D,DT500,0,7,250,40,2.857980993313141,266.0,50.47059264828722,2.648556512235671,4953.714285714285,511.7142857142857,5466.142857142857,0.0,0.4845384728236076,0.7142857142857143,0.0,0.0,0.7142857142857143,3.894267033749711e-14,45.0,45.0
P11,Horizontal,Front,1D,DT500,0,7,500,40,3.754887499779624,505.8571428571428,36.48815192136958,3.89371167453624,6027.714285714285,526.8571428571429,6555.285714285715,0.0,0.5939804677087993,0.1428571428571428,0.0,0.0,0.7142857142857143,7.317027248451195e-14,25.0,25.0
P11,Horizontal,Front,1D,DT500,0,7,250,40,2.857980993313141,266.42857142857144,24.681323057079712,3.560072235351841,3331.1428571428573,545.5714285714286,3877.285714285714,0.0,0.9181867155765404,0.0,0.0,0.0,0.1428571428571428,3.792565633298896e-14,32.0,32.0
P11,Horizontal,Front,1D,DT500,0,7,100,60,1.4150374983804868,105.28571428571428,62.20707005376111,1.428948481898455,1765.857142857143,522.1428571428571,2288.285714285714,0.0,0.6244624405849161,0.0,0.0,0.0,0.1428571428571428,1.4358198384240936e-14,32.0,32.0
P11,Horizontal,Front,1D,DT500,0,7,250,60,2.3692338081615767,263.57142857142856,66.57113043425257,2.310120556573012,2927.0,534.2857142857143,3461.5714285714284,0.0,0.667361804961045,0.0,0.0,0.0,0.1428571428571428,3.5592503915729625e-14,32.0,32.0
P11,Horizontal,Front,1D,DT500,0,7,500,60,3.222392419290665,507.7142857142857,35.125322320199324,3.9499426185515727,5160.857142857143,521.0,5682.285714285715,0.0,0.6951327013742209,0.0,0.0,0.0,0.1428571428571428,7.3200622658889e-14,32.0,32.0
P11,Horizontal,Front,1D,DT500,0,7,100,40,1.8073549209101785,118.28571428571428,25.69836790889533,2.4861606827433635,2122.5714285714284,519.4285714285714,2642.714285714286,0.0,0.9407602994325932,0.1428571428571428,0.0,0.0,0.1428571428571428,1.6747250021269193e-14,32.0,32.0
P11,Vertical,Center,1D,DT500,0,7,100,40,1.8073549209101785,100.0,44.510878889804246,1.6989482099978732,3503.1428571428573,517.2857142857143,4020.857142857143,0.0,0.4225338403320228,0.7142857142857143,0.0,0.0,1.7142857142857142,1.1811465572637039e-14,3.999999999999997,-3.999999999999997
P11,Vertical,Center,1D,DT500,0,7,250,40,2.857980993313141,271.2857142857143,24.41628103355212,3.5982285980925792,3297.428571428572,519.5714285714286,3817.428571428572,0.0,0.9425791552521536,0.1428571428571428,0.0,0.0,0.1428571428571428,2.2328368013682412e-14,2.999999999999996,2.999999999999996
P11,Vertical,Center,1D,DT500,0,7,500,60,3.222392419290665,504.7142857142858,23.706451497867192,4.478335447450475,6510.714285714285,518.4285714285714,7029.714285714285,0.0,0.6370579607412072,0.0,0.0,0.0,0.2857142857142857,3.8058682912571e-14,2.9999999999999973,2.9999999999999973
P11,Vertical,Center,1D,DT500,0,7,100,60,1.4150374983804868,117.14285714285714,36.32059485084963,2.07903537483421,3204.5714285714284,514.1428571428571,3719.142857142857,0.0,0.5590092810877879,0.0,0.0,0.0,0.2857142857142857,9.850476264306803e-15,2.999999999999998,2.999999999999998
P11,Vertical,Center,1D,DT500,0,7,250,60,2.3692338081615767,257.7142857142857,60.02461606485675,2.4042155573627526,3779.428571428572,518.1428571428571,4298.0,0.0,0.5593800738396353,0.0,0.0,0.0,0.4285714285714285,2.0363053645962984e-14,2.999999999999999,2.999999999999999
P11,Vertical,Center,1D,DT500,0,7,500,40,3.754887499779624,511.2857142857143,20.78139935700471,4.67824352287806,6852.857142857143,527.0,7380.714285714285,0.0,0.6338469884863336,0.0,0.0,0.0,0.2857142857142857,3.8059718916896486e-14,2.9999999999999925,2.9999999999999925
P11,Joystick,Front,2D,DT500,0,7,500,60,3.222392419290665,503.28585674579466,55.675011722205966,3.3276454229332653,6873.0,502.4285714285714,7376.0,0.0,0.4511449868401932,0.1428571428571428,1.5714285714285714,2.2857142857142856,0.4285714285714285,20.449270634604808,23.573070612910595,-4.286735143874848
P11,Joystick,Front,2D,DT500,0,7,250,40,2.857980993313141,254.60742423298137,40.23617326156781,2.8733848581653065,4304.0,501.1428571428572,4806.0,0.0,0.5978745023232015,0.0,1.2857142857142858,1.5714285714285714,0.5714285714285714,12.341024944501925,16.7660084345464,-3.814846577392487
P11,Joystick,Front,2D,DT500,0,7,250,60,2.3692338081615767,259.2209202939165,33.38476859074643,3.1316958716395,4199.428571428572,500.1428571428572,4700.142857142857,0.0,0.6662980183421933,0.0,0.5714285714285714,1.0,0.5714285714285714,13.972415051859244,27.754071257404007,-0.5848524045483919
P11,Joystick,Front,2D,DT500,0,7,500,40,3.754887499779624,490.1049693680628,36.90604522306612,3.835904057530515,6896.428571428572,500.7142857142857,7397.857142857143,0.0,0.518515562473952,0.4285714285714285,1.1428571428571428,2.571428571428572,1.1428571428571428,26.70913723392559,35.9598265619788,2.303038755565001
P11,Joystick,Front,2D,DT500,0,7,100,40,1.8073549209101785,99.17256727234768,42.62794339270775,1.7339913685310289,5312.428571428572,500.0,5812.857142857143,0.0,0.2983027667662128,0.7142857142857143,1.8571428571428568,2.4285714285714284,2.2857142857142856,12.192596231554214,12.258822444246674,1.11079128297617
P11,Joystick,Front,2D,DT500,0,7,100,60,1.4150374983804868,96.36626042309676,38.32865223609837,1.8132001868590195,3008.0,501.0,3509.285714285714,0.0,0.5166863956040357,0.0,0.8571428571428571,0.5714285714285714,0.8571428571428571,16.55500221640827,30.080318465116925,3.7831242519156194
P11,Vertical,Left,1D,DT500,0,7,500,40,3.754887499779624,506.1428571428572,54.11766979640584,3.371926223103709,7319.285714285715,512.4285714285714,7832.142857142857,14.285714285714285,0.4305240959731137,0.4285714285714285,0.0,0.0,1.2857142857142858,4.938248206775506e-14,6.000000000000006,6.000000000000006
P11,Vertical,Left,1D,DT500,0,7,500,60,3.222392419290665,511.57142857142856,77.37941361738946,2.92812551899353,5983.142857142857,517.1428571428571,6500.571428571428,0.0,0.4504412498451721,0.1428571428571428,0.0,0.0,1.0,5.5724892402454586e-14,13.000000000000004,13.000000000000004
P11,Vertical,Left,1D,DT500,0,7,250,40,2.857980993313141,255.57142857142856,57.7104526636662,2.4405567795725096,3947.714285714286,512.2857142857143,4460.571428571428,14.285714285714285,0.5471399390535346,0.4285714285714285,0.0,0.0,1.7142857142857142,4.10957364957742e-14,13.0,13.0
P11,Vertical,Left,1D,DT500,0,7,100,40,1.8073549209101785,105.42857142857144,56.00829436440167,1.5272576704486314,1356.0,520.7142857142857,1876.857142857143,14.285714285714285,0.8137314426199133,0.1428571428571428,0.0,0.0,0.5714285714285714,1.6170846014473144e-14,13.0,13.0
P11,Vertical,Left,1D,DT500,0,7,100,60,1.4150374983804868,117.71428571428572,66.95486399528622,1.4636821027616962,1779.857142857143,533.4285714285714,2313.714285714286,0.0,0.6326114299414592,0.0,0.0,0.0,0.4285714285714285,1.4966542680583627e-14,13.0,13.0
P11,Vertical,Left,1D,DT500,0,7,250,60,2.3692338081615767,271.1428571428572,58.08971492259052,2.50275241690593,2790.714285714286,520.2857142857143,3311.428571428572,0.0,0.7557923605841893,0.0,0.0,0.0,0.4285714285714285,2.957418292819584e-14,12.999999999999998,12.999999999999998
P11,Vertical,Right,1D,DT500,0,7,100,60,1.4150374983804868,128.0,53.92194521382448,1.7543751371843397,1584.142857142857,523.0,2107.5714285714284,14.285714285714285,0.8324155060184625,0.0,0.0,0.0,0.4285714285714285,1.1432604019721063e-14,3.000000000000002,-3.000000000000002
P11,Vertical,Right,1D,DT500,0,7,250,60,2.3692338081615767,264.42857142857144,55.84105078813271,2.519888967625329,4080.285714285714,518.7142857142857,4599.714285714285,0.0,0.5478359765630568,0.0,0.0,0.0,0.5714285714285714,2.1274344873178768e-14,3.999999999999994,3.999999999999994
P11,Vertical,Right,1D,DT500,0,7,250,40,2.857980993313141,255.8571428571429,47.50715481604483,2.6748345939974936,4374.857142857143,519.1428571428571,4894.428571428572,0.0,0.5465060026847568,0.1428571428571428,0.0,0.0,1.0,2.2200288822940382e-14,3.999999999999994,3.999999999999994
P11,Vertical,Right,1D,DT500,0,7,500,40,3.754887499779624,505.8571428571428,61.88592304908082,3.1975549911222143,5806.285714285715,521.5714285714286,6328.571428571428,14.285714285714285,0.5052569963398533,0.1428571428571428,0.0,0.0,1.0,4.231544807967098e-14,3.999999999999995,3.999999999999995
P11,Vertical,Right,1D,DT500,0,7,500,60,3.222392419290665,515.4285714285714,85.99183989411873,2.806102161522777,5078.714285714285,518.5714285714286,5597.857142857143,14.285714285714285,0.5012814885966426,0.0,0.0,0.0,0.8571428571428571,4.204299002015631e-14,3.999999999999996,3.999999999999996
P11,Vertical,Right,1D,DT500,0,7,100,40,1.8073549209101785,97.0,38.08054886324683,1.826693767524752,1503.0,523.4285714285714,2027.0,0.0,0.9011809410580915,0.0,0.0,0.0,0.5714285714285714,9.558532936615526e-15,4.0,4.0
P11,Horizontal,Center,1D,DT500,0,7,500,40,3.754887499779624,501.7142857142857,29.692185755449763,4.161660589787489,5085.285714285715,524.7142857142857,5610.428571428572,0.0,0.7417723150386378,0.0,0.0,0.0,0.0,5.1675331741885206e-14,19.0,19.0
P11,Horizontal,Center,1D,DT500,0,7,100,40,1.8073549209101785,116.28571428571428,41.24851973421831,1.933251123757597,3055.1428571428573,523.5714285714286,3579.1428571428573,0.0,0.5401436044664797,0.4285714285714285,0.0,0.0,0.4285714285714285,1.7326323252696432e-14,26.0,26.0
P11,Horizontal,Center,1D,DT500,0,7,100,60,1.4150374983804868,97.2857142857143,24.432930391800227,2.316651362952482,1365.857142857143,525.0,1891.571428571429,0.0,1.2247231735267257,0.0,0.0,0.0,0.0,1.4438901989797288e-14,26.0,26.0
P11,Horizontal,Center,1D,DT500,0,7,250,40,2.857980993313141,250.42857142857144,39.61924381959444,2.872017500555313,3178.285714285714,527.4285714285714,3706.428571428572,0.0,0.7748746388085255,0.0,0.0,0.0,0.0,3.5019031064576434e-14,26.0,26.0
P11,Horizontal,Center,1D,DT500,0,7,500,60,3.222392419290665,504.57142857142856,49.40381940192013,3.4871270290388527,5821.0,530.0,6351.571428571428,0.0,0.549017997869413,0.0,0.0,0.0,0.0,6.592627293630959e-14,26.0,26.0
P11,Horizontal,Center,1D,DT500,0,7,250,60,2.3692338081615767,251.0,46.31961312248733,2.6823195255675287,3335.0,541.7142857142857,3877.142857142857,0.0,0.6918289122687067,0.1428571428571428,0.0,0.0,0.2857142857142857,3.5305278833741564e-14,26.0,26.0
P11,Joystick,Center,2D,DT500,0,7,100,60,1.4150374983804868,97.88463845995628,75.92470021245124,1.194864386566128,4119.285714285715,500.57142857142856,4620.285714285715,0.0,0.2586126617390048,0.7142857142857143,0.7142857142857143,1.7142857142857142,1.2857142857142858,17.925620566010288,29.0853808853064,1.2358407314150812
P11,Joystick,Center,2D,DT500,0,7,250,40,2.857980993313141,242.7286450214644,51.186956360028624,2.521553809795268,8856.714285714286,500.0,9357.0,0.0,0.2694831473544157,0.2857142857142857,2.142857142857143,3.7142857142857135,3.0,32.75234217100605,36.21737030889352,-0.776958851358125
P11,Joystick,Center,2D,DT500,0,7,100,40,1.8073549209101785,103.57998190108076,32.504779370186014,2.065781755193289,6070.285714285715,500.0,6571.0,0.0,0.3143785961335092,0.4285714285714285,1.1428571428571428,2.2857142857142856,2.2857142857142856,24.179625343431447,28.22913544685826,3.33263135779442
P11,Joystick,Center,2D,DT500,0,7,500,40,3.754887499779624,495.59603661271177,48.12605140781635,3.4979794701132327,7239.857142857143,500.0,7740.571428571428,0.0,0.4519019690460769,0.4285714285714285,0.8571428571428571,1.8571428571428568,1.0,27.6841171036337,46.704056740452,2.7939070060172564
P11,Joystick,Center,2D,DT500,0,7,250,60,2.3692338081615767,253.9803181264589,49.57252220789256,2.6143351019555,4097.285714285715,501.1428571428572,4599.142857142857,0.0,0.5684396382458999,0.1428571428571428,1.2857142857142858,1.4285714285714286,0.2857142857142857,15.69847937873646,26.385353531905903,-14.40822524977861
P11,Joystick,Center,2D,DT500,0,7,500,60,3.222392419290665,492.7836434390435,66.0144589429191,3.081473166332876,10141.57142857143,500.4285714285714,10643.0,0.0,0.2895305051520131,0.1428571428571428,1.8571428571428568,2.4285714285714284,1.5714285714285714,45.891093457449365,59.87831701500303,-13.918498392140098
P11,Horizontal,Rear,1D,DT500,0,7,250,60,2.3692338081615767,244.57142857142856,38.53700100729113,2.877038495464179,3502.714285714286,537.5714285714286,4040.857142857143,0.0,0.7119871833503942,0.0,0.0,0.0,0.0,1.90910027646502e-14,8.999999999999995,8.999999999999995
P11,Horizontal,Rear,1D,DT500,0,7,100,60,1.4150374983804868,107.0,56.93720903187081,1.525699659526592,1670.571428571429,516.7142857142857,2188.0,0.0,0.6973033178823546,0.0,0.0,0.0,0.0,1.2901113906145404e-14,16.0,16.0
P11,Horizontal,Rear,1D,DT500,0,7,500,60,3.222392419290665,514.5714285714286,47.92475197382284,3.5530004273275093,4591.285714285715,522.5714285714286,5114.428571428572,0.0,0.6947013488811085,0.0,0.0,0.0,0.1428571428571428,5.4317073484238113e-14,15.999999999999996,15.999999999999996
P11,Horizontal,Rear,1D,DT500,0,7,250,40,2.857980993313141,265.2857142857143,25.21917668255999,3.525969368320723,4962.571428571428,518.7142857142857,5481.714285714285,0.0,0.6432238501575384,0.5714285714285714,0.0,0.0,0.8571428571428571,3.8696462394283656e-14,15.999999999999996,15.999999999999996
P11,Horizontal,Rear,1D,DT500,0,7,500,40,3.754887499779624,508.4285714285714,22.31018845615566,4.572227304482888,7251.857142857143,520.0,7772.285714285715,0.0,0.5882731891956808,0.4285714285714285,0.0,0.0,0.8571428571428571,6.306664631934623e-14,16.0,16.0
P11,Horizontal,Rear,1D,DT500,0,7,100,40,1.8073549209101785,103.57142857142856,35.85861098051698,1.9591499052171235,2432.428571428572,524.1428571428571,2956.8571428571427,0.0,0.6625784779456887,0.2857142857142857,0.0,0.0,0.4285714285714285,1.7943514772106133e-14,16.0,16.0
P11,Joystick,Rear,2D,DT500,0,7,100,40,1.8073549209101785,98.05048086807236,57.45502308284591,1.436460709938192,4735.142857142857,500.0,5235.428571428572,0.0,0.2743730891062907,0.8571428571428571,1.4285714285714286,2.7142857142857144,2.4285714285714284,19.65423534212769,26.106643031151773,-14.133633307299846
P11,Joystick,Rear,2D,DT500,0,7,250,60,2.3692338081615767,244.5074579653485,44.62857479212104,2.695708769927593,3162.1428571428573,500.0,3663.0,0.0,0.7359292301194632,0.0,0.5714285714285714,1.0,0.1428571428571428,13.437452449743368,25.489981820448342,-21.881003665946643
P11,Joystick,Rear,2D,DT500,0,7,250,40,2.857980993313141,254.7220763956209,45.91066500964852,2.711100903022561,4805.571428571428,500.4285714285714,5306.714285714285,0.0,0.5108812641978606,0.5714285714285714,1.8571428571428568,2.571428571428572,0.7142857142857143,12.59499298265636,18.527312535236025,-12.820942088875256
P11,Joystick,Rear,2D,DT500,0,7,500,40,3.754887499779624,493.8936312232392,17.67608265385551,4.855060365328329,9635.0,500.4285714285714,10136.285714285714,0.0,0.4789782472770852,1.0,3.142857142857143,4.857142857142857,2.857142857142857,23.226477701353208,21.64904011469314,2.8536328959111814
P11,Joystick,Rear,2D,DT500,0,7,500,60,3.222392419290665,479.2599662693838,33.461833658332274,3.937587826928695,5891.714285714285,500.0,6392.714285714285,0.0,0.6159492902299687,0.0,1.1428571428571428,1.5714285714285714,0.0,12.260311082745956,17.427822730150403,13.070668506151929
P11,Joystick,Rear,2D,DT500,0,7,100,60,1.4150374983804868,106.23735501387485,62.957245645993005,1.4262391989707246,3023.1428571428573,500.7142857142857,3524.5714285714284,0.0,0.4046560632617977,0.2857142857142857,0.8571428571428571,1.5714285714285714,1.0,13.020093282086108,18.90424269782139,-14.625279743145253
P8,Vertical,Center,1D,DT500,0,7,500,40,3.754887499779624,508.7142857142857,53.6421828308638,3.390045068673368,5445.857142857143,516.8571428571429,5963.142857142857,0.0,0.5684997240360686,0.7142857142857143,0.0,0.0,1.7142857142857142,4.5021659424688233e-14,11.99999999999999,11.99999999999999
P8,Vertical,Center,1D,DT500,0,7,250,40,2.857980993313141,245.7142857142857,57.90039432695213,2.3905964677738187,3134.428571428572,526.8571428571429,3661.571428571429,0.0,0.6528881149552,0.2857142857142857,0.0,0.0,1.0,3.7846909295310016e-14,19.0,19.0
P8,Vertical,Center,1D,DT500,0,7,100,40,1.8073549209101785,106.0,22.18223056414909,2.5307199285963007,1240.428571428571,518.4285714285714,1759.7142857142858,0.0,1.438142515032806,0.0,0.0,0.0,1.1428571428571428,1.6511357022876773e-14,19.0,19.0
P8,Vertical,Center,1D,DT500,0,7,250,60,2.3692338081615767,236.0,86.57155084078305,1.8976542953505395,2591.285714285714,523.0,3114.714285714286,28.57142857142857,0.6092546928153821,0.0,0.0,0.0,1.1428571428571428,3.321560322568117e-14,19.0,19.0
P8,Vertical,Center,1D,DT500,0,7,500,60,3.222392419290665,489.57142857142856,47.26687142305066,3.5055863185776484,4937.571428571428,523.1428571428571,5461.142857142857,0.0,0.6419144143047907,0.0,0.0,0.0,1.2857142857142858,7.357893144165887e-14,19.0,19.0
P8,Vertical,Center,1D,DT500,0,7,100,60,1.4150374983804868,110.14285714285714,89.6499295319924,1.1561301420312406,1487.571428571429,518.7142857142857,2006.7142857142856,28.57142857142857,0.5761309172220891,0.1428571428571428,0.0,0.0,1.0,1.540032395720117e-14,19.0,19.0
P8,Joystick,Rear,2D,DT500,0,7,250,40,2.857980993313141,239.44742054761545,47.843421906943234,2.586119521031673,6779.857142857143,500.0,7280.142857142857,0.0,0.3552292271976945,0.1428571428571428,1.8571428571428568,3.2857142857142856,1.1428571428571428,19.564024180156828,19.619710638222468,4.536364428105221
P8,Joystick,Rear,2D,DT500,0,7,500,60,3.222392419290665,469.4606403659646,37.96244703063601,3.7405442646380673,6413.142857142857,500.1428571428572,6913.857142857143,0.0,0.541021341249798,0.0,0.8571428571428571,1.5714285714285714,0.1428571428571428,10.693720948429526,16.108326045464164,-1.441998899097759
P8,Joystick,Rear,2D,DT500,0,7,500,40,3.754887499779624,487.8230881606258,41.00205973641117,3.689022492076358,5955.428571428572,500.1428571428572,6456.142857142857,0.0,0.5713972837504593,0.2857142857142857,0.8571428571428571,2.7142857142857144,0.4285714285714285,12.329473903592344,16.746327602712896,-5.768906345612897
P8,Joystick,Rear,2D,DT500,0,7,250,60,2.3692338081615767,238.4465733900877,55.11484861424678,2.4131494332336767,3615.857142857143,500.7142857142857,4117.142857142857,0.0,0.5861223467257369,0.0,0.7142857142857143,2.142857142857143,0.1428571428571428,12.004168244784642,16.46226231692852,3.1974564488784774
P8,Joystick,Rear,2D,DT500,0,7,100,60,1.4150374983804868,105.18189935110443,46.89539977340938,1.697286501213153,1958.571428571429,501.4285714285714,2460.5714285714284,0.0,0.689793631473065,0.0,0.7142857142857143,1.1428571428571428,0.5714285714285714,10.8510234687822,14.472226338811998,0.1366537886781443
P8,Joystick,Rear,2D,DT500,0,7,100,40,1.8073549209101785,97.35705924955133,28.213276275952605,2.15404956964294,2971.5714285714284,500.8571428571428,3473.0,0.0,0.6202273451318571,0.2857142857142857,1.0,1.7142857142857142,0.7142857142857143,9.743597436148423,13.6295996868737,-8.240653533675445
P8,Horizontal,Front,1D,DT500,0,7,100,60,1.4150374983804868,101.42857142857144,76.01144770567176,1.2230428082599831,829.2857142857143,529.7142857142857,1359.2857142857142,0.0,0.8997687501649905,0.0,0.0,0.0,1.1428571428571428,8.981400238638327e-15,1.461300894133977e-14,-1.861550230796681e-15
P8,Horizontal,Front,1D,DT500,0,7,500,40,3.754887499779624,484.57142857142856,24.66484137039561,4.367807260996675,5242.714285714285,513.5714285714286,5756.714285714285,0.0,0.7587326805215456,0.5714285714285714,0.0,0.0,1.5714285714285714,4.5564094461866737e-14,6.999999999999986,6.999999999999986
P8,Horizontal,Front,1D,DT500,0,7,500,60,3.222392419290665,474.8571428571428,61.73460445447192,3.119673560982622,4162.571428571428,524.5714285714286,4687.714285714285,0.0,0.6654999368220379,0.0,0.0,0.0,0.7142857142857143,3.76155464370116e-14,6.99999999999999,6.99999999999999
P8,Horizontal,Front,1D,DT500,0,7,100,40,1.8073549209101785,97.71428571428572,63.5330442290553,1.3436962170099886,1512.7142857142858,514.5714285714286,2027.7142857142856,14.285714285714285,0.6626654585789715,0.2857142857142857,0.0,0.0,1.4285714285714286,1.2557538915523262e-14,6.999999999999996,6.999999999999996
P8,Horizontal,Front,1D,DT500,0,7,250,40,2.857980993313141,261.0,28.33257871927177,3.352194955901667,3106.428571428572,515.1428571428571,3621.857142857143,0.0,0.9255458798292776,0.4285714285714285,0.0,0.0,1.1428571428571428,2.363178341674981e-14,6.999999999999995,6.999999999999995
P8,Horizontal,Front,1D,DT500,0,7,250,60,2.3692338081615767,239.1428571428572,56.85859111960308,2.380153976609962,2525.714285714286,526.4285714285714,3052.714285714286,0.0,0.7796844885708144,0.0,0.0,0.0,0.1428571428571428,1.9038922966689555e-14,6.999999999999996,6.999999999999996
P8,Vertical,Right,1D,DT500,0,7,250,60,2.3692338081615767,255.7142857142857,55.07847963517424,2.496392277874566,2730.428571428572,511.1428571428572,3241.714285714286,0.0,0.7700839919408586,0.0,0.0,0.0,0.5714285714285714,2.1457711803797443e-14,2.0000000000000027,-2.0000000000000027
P8,Vertical,Right,1D,DT500,0,7,250,40,2.857980993313141,258.2857142857143,34.24602409785672,3.09458474858013,2755.714285714286,522.1428571428571,3278.1428571428573,0.0,0.9440054577967014,0.1428571428571428,0.0,0.0,0.7142857142857143,2.229105029751787e-14,3.999999999999997,3.999999999999997
P8,Vertical,Right,1D,DT500,0,7,500,40,3.754887499779624,516.5714285714287,18.54802665919401,4.850523368053627,4748.0,523.8571428571429,5272.285714285715,0.0,0.9200038903261092,0.1428571428571428,0.0,0.0,1.0,4.077926381431199e-14,3.9999999999999902,3.9999999999999902
P8,Vertical,Right,1D,DT500,0,7,100,40,1.8073549209101785,87.0,41.796957179310176,1.6236286862706817,1453.857142857143,513.7142857142857,1968.0,0.0,0.8250145763570537,0.0,0.0,0.0,0.5714285714285714,8.536953440568911e-15,3.999999999999997,3.999999999999997
P8,Vertical,Right,1D,DT500,0,7,100,60,1.4150374983804868,111.0,40.45214133481063,1.904573996009124,1565.571428571429,524.1428571428571,2090.285714285714,0.0,0.9111548641377708,0.0,0.0,0.0,0.4285714285714285,1.0531284830257998e-14,3.999999999999999,3.999999999999999
P8,Vertical,Right,1D,DT500,0,7,500,60,3.222392419290665,513.7142857142857,23.67211918224501,4.504699050516505,5277.571428571428,514.4285714285714,5792.714285714285,0.0,0.7776490999436617,0.0,0.0,0.0,0.4285714285714285,4.210322766137439e-14,3.999999999999993,3.999999999999993
P8,Horizontal,Rear,1D,DT500,0,7,250,60,2.3692338081615767,258.7142857142857,48.64901172246045,2.6594624970747005,3802.142857142857,518.8571428571429,4321.428571428572,0.0,0.6154128092404266,0.1428571428571428,0.0,0.0,0.4285714285714285,3.843413047150983e-14,17.0,17.0
P8,Horizontal,Rear,1D,DT500,0,7,100,40,1.8073549209101785,97.57142857142856,43.857422063324094,1.6891835321193571,1378.571428571429,526.2857142857143,1905.2857142857144,0.0,0.8865775455376397,0.1428571428571428,0.0,0.0,0.8571428571428571,1.5075019368745395e-14,24.0,24.0
P8,Horizontal,Rear,1D,DT500,0,7,100,60,1.4150374983804868,77.57142857142857,26.55443568115644,1.9713036932827728,1388.7142857142858,517.2857142857143,1906.428571428572,0.0,1.0340296630183146,0.0,0.0,0.0,0.5714285714285714,1.1351575961699044e-14,24.0,24.0
P8,Horizontal,Rear,1D,DT500,0,7,500,60,3.222392419290665,512.7142857142857,111.01376691482552,2.490178547519079,6801.285714285715,512.4285714285714,7314.142857142857,14.285714285714285,0.3404607479176069,0.0,0.0,0.0,0.7142857142857143,6.793729973276108e-14,24.0,24.0
P8,Horizontal,Rear,1D,DT500,0,7,250,40,2.857980993313141,237.1428571428572,36.18599057737202,2.9171345607381274,5457.142857142857,517.1428571428571,5974.714285714285,0.0,0.4882467045684645,0.2857142857142857,0.0,0.0,1.0,3.5567139961701564e-14,24.0,24.0
P8,Horizontal,Rear,1D,DT500,0,7,500,40,3.754887499779624,489.8571428571428,46.87812147655946,3.517224012642014,6678.428571428572,522.4285714285714,7201.428571428572,0.0,0.4884064290516583,0.1428571428571428,0.0,0.0,0.7142857142857143,7.588493401170766e-14,24.0,24.0
P8,Vertical,Left,1D,DT500,0,7,100,60,1.4150374983804868,88.0,80.12648450436046,1.0691959196731071,1083.428571428571,522.5714285714286,1606.571428571429,0.0,0.6655140883613506,0.0,0.0,0.0,1.1428571428571428,8.108915076642835e-15,1.3143375727645511e-14,-2.045162063084267e-15
P8,Vertical,Left,1D,DT500,0,7,500,40,3.754887499779624,490.7142857142857,43.80175363970711,3.609172702014672,4501.285714285715,522.4285714285714,5024.142857142857,0.0,0.7183658595383067,0.0,0.0,0.0,0.7142857142857143,4.135771807978064e-14,6.999999999999986,6.999999999999986
P8,Vertical,Left,1D,DT500,0,7,500,60,3.222392419290665,498.1428571428572,48.3639728398391,3.498234859712661,4915.142857142857,522.2857142857143,5438.142857142857,0.0,0.6432774849078895,0.1428571428571428,0.0,0.0,0.8571428571428571,3.9615792732167226e-14,6.999999999999988,6.999999999999988
P8,Vertical,Left,1D,DT500,0,7,250,40,2.857980993313141,255.28571428571428,38.610796453635466,2.928232009717327,2929.8571428571427,524.7142857142857,3454.8571428571427,0.0,0.847569635627741,0.1428571428571428,0.0,0.0,0.8571428571428571,2.485506773022637e-14,7.000000000000005,7.000000000000005
P8,Vertical,Left,1D,DT500,0,7,100,40,1.8073549209101785,100.14285714285714,48.16175325239812,1.622603629809328,1380.0,519.8571428571429,1900.142857142857,0.0,0.8539377045835123,0.0,0.0,0.0,0.4285714285714285,1.2306681842231261e-14,6.999999999999999,6.999999999999999
P8,Vertical,Left,1D,DT500,0,7,250,60,2.3692338081615767,260.0,57.286105343056256,2.469527179223304,2496.1428571428573,521.2857142857143,3018.0,0.0,0.8182661296299881,0.0,0.0,0.0,0.4285714285714285,2.2297314548090315e-14,6.999999999999996,6.999999999999996
P8,Horizontal,Center,1D,DT500,0,7,500,60,3.222392419290665,496.57142857142856,51.76726697169002,3.40495522524229,4731.571428571428,520.0,5252.142857142857,0.0,0.648298288499824,0.2857142857142857,0.0,0.0,0.7142857142857143,7.342902028957403e-14,19.0,19.0
P8,Horizontal,Center,1D,DT500,0,7,250,60,2.3692338081615767,267.7142857142857,39.97687158316709,2.9442454983961346,2528.8571428571427,517.0,3046.428571428572,0.0,0.9664580768475002,0.0,0.0,0.0,0.1428571428571428,3.550946465316078e-14,26.0,26.0
P8,Horizontal,Center,1D,DT500,0,7,250,40,2.857980993313141,246.1428571428572,33.40446983608428,3.064979481031215,3151.1428571428573,507.8571428571428,3659.428571428572,0.0,0.837556853810841,0.2857142857142857,0.0,0.0,0.2857142857142857,3.7456552614410325e-14,26.0,26.0
P8,Horizontal,Center,1D,DT500,0,7,100,40,1.8073549209101785,116.85714285714286,27.398600393625337,2.396454653682372,1490.857142857143,513.0,2004.7142857142856,0.0,1.195409575698468,0.0,0.0,0.0,0.0,1.545722560487177e-14,26.0,26.0
P8,Horizontal,Center,1D,DT500,0,7,100,60,1.4150374983804868,100.0,34.88135317979442,1.9511629999610047,1991.571428571429,523.4285714285714,2515.714285714286,0.0,0.7755900624490083,0.1428571428571428,0.0,0.0,0.2857142857142857,1.4041084668551432e-14,26.0,26.0
P8,Horizontal,Center,1D,DT500,0,7,500,40,3.754887499779624,500.2857142857143,41.8358561706788,3.695804543810307,5322.571428571428,520.4285714285714,5843.428571428572,0.0,0.6324719295587754,0.0,0.0,0.0,0.0,7.104838433193868e-14,26.0,26.0
P8,Joystick,Front,2D,DT500,0,7,250,60,2.3692338081615767,235.54683303270988,48.576590339193935,2.5481846379961777,3884.571428571429,500.2857142857143,4385.142857142857,0.0,0.5810950112709553,0.0,1.4285714285714286,2.4285714285714284,0.4285714285714285,9.684785475597025,11.37558471787042,8.302113216566244
P8,Joystick,Front,2D,DT500,0,7,250,40,2.857980993313141,241.30571405530893,42.4520799264666,2.740752872727353,5036.142857142857,501.1428571428572,5537.428571428572,0.0,0.4949504697665619,0.0,1.4285714285714286,2.4285714285714284,1.0,9.172412743638178,10.182187150893077,2.586975003068123
P8,Joystick,Front,2D,DT500,0,7,500,40,3.754887499779624,492.51175236698,61.232698426909465,3.176846167265562,5733.285714285715,503.1428571428572,6237.142857142857,0.0,0.5093431784438602,0.0,0.8571428571428571,2.571428571428572,0.1428571428571428,14.488615765849788,21.31134335947584,9.845093062152012
P8,Joystick,Front,2D,DT500,0,7,500,60,3.222392419290665,490.6281536130524,54.508384861038095,3.322067542390577,6057.142857142857,500.4285714285714,6557.857142857143,0.0,0.5065782114526529,0.1428571428571428,0.7142857142857143,3.0,0.4285714285714285,15.57607599557628,21.566584624266547,6.081583129169164
P8,Joystick,Front,2D,DT500,0,7,100,40,1.8073549209101785,100.55445774077444,48.18015381674278,1.626229505844309,3621.142857142857,500.2857142857143,4122.285714285715,0.0,0.3944970384291018,0.2857142857142857,1.7142857142857142,2.2857142857142856,1.2857142857142858,13.05327692561475,13.93183574175671,-1.8010028661942832
P8,Joystick,Front,2D,DT500,0,7,100,60,1.4150374983804868,111.75776319094862,36.14175602866384,2.0328788517440164,2148.8571428571427,503.4285714285714,2652.8571428571427,0.0,0.766297897803345,0.0,0.7142857142857143,1.4285714285714286,0.5714285714285714,12.823423657205185,17.560443132525883,2.087002645904154
P8,Joystick,Center,2D,DT500,0,7,250,60,2.3692338081615767,244.93836305154423,51.78792889637197,2.518444994926836,3371.714285714286,501.8571428571428,3874.0,0.0,0.6500890539305203,0.0,1.2857142857142858,1.7142857142857142,0.0,10.78669160920436,14.396642932535451,-3.494523452893988
P8,Joystick,Center,2D,DT500,0,7,500,40,3.754887499779624,488.8908342484702,46.56071421829021,3.523570939395076,5956.714285714285,500.4285714285714,6457.571428571428,0.0,0.5456495492725157,0.1428571428571428,1.5714285714285714,2.857142857142857,0.1428571428571428,14.28632503053939,17.037081415313487,7.499532050554093
P8,Joystick,Center,2D,DT500,0,7,100,40,1.8073549209101785,102.39483840956402,51.52535292714831,1.5788281098502113,4032.285714285714,501.1428571428572,4533.857142857143,0.0,0.3482306698475432,0.1428571428571428,0.4285714285714285,1.2857142857142858,0.4285714285714285,11.5525370744236,16.037040935985143,-7.835712059820291
P8,Joystick,Center,2D,DT500,0,7,500,60,3.222392419290665,492.8082471005099,36.72312393822597,3.8499554586148657,5622.285714285715,501.7142857142857,6124.285714285715,0.0,0.628637467000328,0.0,1.1428571428571428,1.5714285714285714,0.0,13.45191887840701,15.833756197926562,-8.674184918088178
P8,Joystick,Center,2D,DT500,0,7,100,60,1.4150374983804868,101.81485195572968,48.13363282376887,1.6393497248226627,2369.428571428572,501.0,2871.0,0.0,0.5710030389490292,0.0,1.2857142857142858,1.4285714285714286,0.5714285714285714,10.0029429756349,12.585082271451103,-6.256055080434209
P8,Joystick,Center,2D,DT500,0,7,250,40,2.857980993313141,246.71140660148217,39.957305692235785,2.842853241113231,3972.428571428572,501.0,4473.857142857143,0.0,0.6354367496181824,0.0,1.2857142857142858,2.0,0.2857142857142857,12.98478954295378,15.740010924887878,-5.72072738059434
P5,Joystick,Rear,2D,DT500,0,7,250,40,2.857980993313141,251.4407586112722,45.32174760065288,2.711033430231588,8646.285714285714,502.8571428571428,9149.857142857143,0.0,0.296292432537918,0.1428571428571428,1.2857142857142858,2.142857142857143,1.5714285714285714,18.467629734267245,25.14362153587852,5.816896272696375
P5,Joystick,Rear,2D,DT500,0,7,500,60,3.222392419290665,483.5406740217136,48.238173518564444,3.462579202907643,8249.285714285714,506.2857142857143,8756.142857142857,0.0,0.3954457184401726,0.0,0.7142857142857143,2.0,0.2857142857142857,18.207900816786303,27.750996040151907,-6.127124618395155
P5,Joystick,Rear,2D,DT500,0,7,100,40,1.8073549209101785,108.0138726575725,41.79239200285789,1.841785715792738,5549.285714285715,504.0,6053.857142857143,0.0,0.3042334287596849,0.1428571428571428,1.0,1.0,0.5714285714285714,11.28050400478772,17.953770292122712,-7.105907808460153
P5,Joystick,Rear,2D,DT500,0,7,100,60,1.4150374983804868,107.10015790481658,82.63616943081202,1.1991506407398715,4001.857142857143,508.1428571428572,4510.285714285715,0.0,0.2658702168117034,0.0,0.4285714285714285,0.8571428571428571,0.4285714285714285,12.013020710631023,24.62837728854985,-1.450381271991482
P5,Joystick,Rear,2D,DT500,0,7,250,60,2.3692338081615767,259.84140068341543,34.471406970703924,3.093878234190108,4700.142857142857,504.8571428571428,5205.285714285715,0.0,0.5943724137368815,0.0,0.8571428571428571,1.4285714285714286,0.5714285714285714,15.941430863717404,21.44569788277412,14.733717482622476
P5,Joystick,Rear,2D,DT500,0,7,500,40,3.754887499779624,488.6398962604723,38.44272812621774,3.777246503957871,7396.285714285715,503.7142857142857,7900.857142857143,0.0,0.4780805975428542,0.2857142857142857,1.8571428571428568,3.4285714285714284,0.4285714285714285,17.35589559644482,22.34677716293692,12.662440394862443
P5,Joystick,Center,2D,DT500,0,7,250,40,2.857980993313141,246.45621270609607,45.42532808504604,2.683814133427224,5071.857142857143,507.8571428571428,5580.571428571428,0.0,0.4809210253427854,0.0,0.8571428571428571,1.7142857142857142,0.4285714285714285,16.558385798514397,25.425756292478148,-1.7514367328019669
P5,Joystick,Center,2D,DT500,0,7,250,60,2.3692338081615767,243.9218479357082,49.97715140831564,2.5559798670208123,4719.0,503.4285714285714,5223.142857142857,0.0,0.4893566836919666,0.0,1.5714285714285714,1.8571428571428568,0.7142857142857143,28.03805241896783,34.10412814012344,4.46120051643342
P5,Joystick,Center,2D,DT500,0,7,500,60,3.222392419290665,506.0602340638308,43.655332622751246,3.654455532430803,7200.0,504.8571428571428,7705.142857142857,0.0,0.474287836083796,0.0,0.5714285714285714,2.142857142857143,0.2857142857142857,21.42526654851452,35.101410767215825,7.670264586567824
P5,Joystick,Center,2D,DT500,0,7,500,40,3.754887499779624,487.42992721497785,46.04377309619322,3.5343391809197326,7903.0,506.1428571428572,8409.714285714286,0.0,0.4202686394380329,0.1428571428571428,0.8571428571428571,2.2857142857142856,0.7142857142857143,22.763018130517075,33.50261164475135,-6.425399141515272
P5,Joystick,Center,2D,DT500,0,7,100,40,1.8073549209101785,85.63215104206995,52.81319316491613,1.3903462604286576,5974.0,506.0,6480.285714285715,0.0,0.2145501482077642,0.5714285714285714,0.7142857142857143,1.7142857142857142,1.7142857142857142,14.111536925877926,20.600718406710097,8.878422391024538
P5,Joystick,Center,2D,DT500,0,7,100,60,1.4150374983804868,81.89042098716168,51.2475213750887,1.3773676415263956,7146.857142857143,506.2857142857143,7653.428571428572,0.0,0.1799674000575795,0.0,0.8571428571428571,1.2857142857142858,1.2857142857142858,16.849043000625663,23.322657588331506,6.005400823292891
P5,Vertical,Center,1D,DT500,0,7,250,60,2.3692338081615767,232.57142857142856,40.45214133481061,2.7547375226040485,3290.285714285714,526.5714285714286,3817.428571428572,0.0,0.7216212356196519,0.0,0.0,0.0,0.5714285714285714,3.152349552357608e-14,31.0,-31.0
P5,Vertical,Center,1D,DT500,0,7,500,60,3.222392419290665,495.1428571428572,39.05064070758298,3.773944289235851,7141.714285714285,522.2857142857143,7664.428571428572,0.0,0.4923973462684937,0.0,0.0,0.0,0.5714285714285714,6.938224957142077e-14,24.0,-24.0
P5,Vertical,Center,1D,DT500,0,7,500,40,3.754887499779624,504.1428571428572,55.43173913867331,3.3355462888451006,7632.714285714285,530.1428571428571,8163.571428571428,14.285714285714285,0.4085890982923388,0.1428571428571428,0.0,0.0,1.2857142857142858,7.243373255261983e-14,24.0,-24.0
P5,Vertical,Center,1D,DT500,0,7,100,40,1.8073549209101785,113.14285714285714,41.787226773595904,1.8904833869567808,2061.428571428572,524.8571428571429,2586.8571428571427,0.0,0.7308031648275608,0.0,0.0,0.0,0.4285714285714285,1.4274874049244947e-14,24.0,-24.0
P5,Vertical,Center,1D,DT500,0,7,100,60,1.4150374983804868,91.28571428571428,77.91883198528066,1.1187243748237987,1395.428571428571,521.4285714285714,1917.428571428572,0.0,0.5834503519420795,0.0,0.0,0.0,0.2857142857142857,1.1770771074853738e-14,24.0,-24.0
P5,Vertical,Center,1D,DT500,0,7,250,40,2.857980993313141,239.1428571428572,31.11007144284571,3.118856636703739,5644.428571428572,531.7142857142857,6176.857142857143,0.0,0.5049261403609365,0.0,0.0,0.0,0.7142857142857143,3.3657025775263207e-14,24.0,-24.0
P5,Horizontal,Front,1D,DT500,0,7,250,40,2.857980993313141,265.7142857142857,15.904049628330048,4.146275194998164,3836.571428571429,524.8571428571429,4361.857142857143,0.0,0.9505756514259044,0.0,0.0,0.0,0.0,2.1706367407371972e-14,15.000000000000002,-15.000000000000002
P5,Horizontal,Front,1D,DT500,0,7,100,40,1.8073549209101785,102.85714285714286,56.18227861271986,1.5011973701797106,2584.0,528.8571428571429,3113.285714285714,0.0,0.4821906846812267,0.0,0.0,0.0,0.0,8.852479019375975e-15,8.000000000000002,-8.000000000000002
P5,Horizontal,Front,1D,DT500,0,7,500,40,3.754887499779624,504.7142857142857,48.11951720704488,3.5221517566654463,5477.857142857143,518.2857142857143,5996.428571428572,0.0,0.5873749207065664,0.0,0.0,0.0,0.0,3.709415029392117e-14,8.000000000000009,-8.000000000000009
P5,Horizontal,Front,1D,DT500,0,7,100,60,1.4150374983804868,101.28571428571426,55.79005105728712,1.4933808317970243,3436.1428571428573,525.2857142857143,3962.285714285714,0.0,0.3768988254463214,0.0,0.0,0.0,0.0,8.282143569554676e-15,8.0,-8.0
P5,Horizontal,Front,1D,DT500,0,7,500,60,3.222392419290665,505.0,26.53911728606495,4.323983573098367,5568.714285714285,552.1428571428571,6121.428571428572,0.0,0.7063683783357892,0.0,0.0,0.0,0.0,3.6990339827065885e-14,8.000000000000009,-8.000000000000009
P5,Horizontal,Front,1D,DT500,0,7,250,60,2.3692338081615767,254.0,42.174691964189634,2.811998929765464,4022.428571428572,529.5714285714286,4552.571428571428,0.0,0.6176726656319268,0.0,0.0,0.0,0.0,1.9695728597685965e-14,8.000000000000004,-8.000000000000004
P5,Vertical,Left,1D,DT500,0,7,500,60,3.222392419290665,515.1428571428571,45.825334812001145,3.613701640468689,6035.571428571428,534.4285714285714,6570.571428571428,0.0,0.5499828560960305,0.0,0.0,0.0,0.4285714285714285,4.3405443814644156e-14,8.000000000000009,-8.000000000000009
P5,Vertical,Left,1D,DT500,0,7,250,40,2.857980993313141,257.0,42.73979194524294,2.810058829535466,3115.1428571428573,536.4285714285714,3652.0,0.0,0.7694575108257026,0.0,0.0,0.0,0.4285714285714285,2.2012737369013223e-14,1.0000000000000038,-1.0000000000000038
P5,Vertical,Left,1D,DT500,0,7,100,60,1.4150374983804868,95.42857142857144,49.90339828897654,1.5421421291726338,1715.2857142857142,539.5714285714286,2255.428571428572,0.0,0.6837468269703849,0.0,0.0,0.0,0.5714285714285714,8.829077613633627e-15,1.0000000000000002,-1.0000000000000002
P5,Vertical,Left,1D,DT500,0,7,250,60,2.3692338081615767,238.0,43.73671759249292,2.6874307384035943,3092.0,520.5714285714286,3612.857142857143,0.0,0.7438519244296228,0.0,0.0,0.0,0.4285714285714285,2.153358083227668e-14,1.000000000000004,-1.000000000000004
P5,Vertical,Left,1D,DT500,0,7,500,40,3.754887499779624,506.57142857142856,50.58326832625158,3.4613457910841388,6140.285714285715,540.5714285714286,6681.571428571428,0.0,0.5180436710266826,0.0,0.0,0.0,0.5714285714285714,4.1727114010033766e-14,1.0000000000000069,-1.0000000000000069
P5,Vertical,Left,1D,DT500,0,7,100,40,1.8073549209101785,108.0,28.67497880368075,2.252884825440748,1844.2857142857144,525.8571428571429,2370.714285714286,0.0,0.9502979076881732,0.1428571428571428,0.0,0.0,0.8571428571428571,1.1391557519920912e-14,0.9999999999999992,-0.9999999999999992
P5,Joystick,Front,2D,DT500,0,7,100,60,1.4150374983804868,109.84006917707808,52.69560228782184,1.6250019061538803,3544.1428571428573,505.4285714285714,4050.142857142857,0.0,0.401220886144304,0.0,0.4285714285714285,0.8571428571428571,0.5714285714285714,12.858323994077008,23.75767254201217,7.840047675556041
P5,Joystick,Front,2D,DT500,0,7,500,60,3.222392419290665,490.2521133039817,36.83133661954918,3.839025731549762,8006.571428571428,504.1428571428572,8511.285714285714,0.0,0.451051211347091,0.2857142857142857,1.4285714285714286,3.142857142857143,0.7142857142857143,24.29567555931402,32.05553032962071,-2.0208811435903
P5,Joystick,Front,2D,DT500,0,7,500,40,3.754887499779624,492.8267796585516,51.02716704857553,3.413881809276303,7914.857142857143,505.7142857142857,8420.857142857143,0.0,0.4054078761058277,0.1428571428571428,0.2857142857142857,2.142857142857143,0.5714285714285714,18.58662628954832,33.41323456441763,-7.439117932344206
P5,Joystick,Front,2D,DT500,0,7,250,40,2.857980993313141,243.35514708744964,42.20804909811481,2.758219999871872,5186.857142857143,505.1428571428572,5692.428571428572,0.0,0.4845418726404272,0.1428571428571428,1.5714285714285714,1.8571428571428568,0.5714285714285714,15.73497553896412,16.86700276087831,0.816378119096618
P5,Joystick,Front,2D,DT500,0,7,250,60,2.3692338081615767,250.50414144009872,65.8905601588082,2.263581742165741,5839.571428571428,505.4285714285714,6345.571428571428,0.0,0.3567183456439854,0.0,1.0,1.8571428571428568,0.5714285714285714,20.02332325606987,23.02394623303921,-0.5808953789279379
P5,Joystick,Front,2D,DT500,0,7,100,40,1.8073549209101785,98.16687355638584,43.08635429466267,1.7129808979501722,4779.142857142857,507.2857142857143,5286.571428571428,0.0,0.3240249225977194,0.1428571428571428,1.2857142857142858,1.1428571428571428,1.0,16.645011132407003,22.132898757199865,-1.1705365269875705
P5,Horizontal,Center,1D,DT500,0,7,100,60,1.4150374983804868,111.7142857142857,71.1422224538366,1.3619340252338332,2602.8571428571427,528.5714285714286,3131.5714285714284,14.285714285714285,0.4349043463636163,0.0,0.0,0.0,0.5714285714285714,1.2707016892195866e-14,17.000000000000004,-17.000000000000004
P5,Horizontal,Center,1D,DT500,0,7,500,40,3.754887499779624,506.1428571428572,54.67089699061608,3.358676778919838,9187.57142857143,539.8571428571429,9727.57142857143,0.0,0.3452739261368843,0.8571428571428571,0.0,0.0,1.7142857142857142,4.423251948630699e-14,10.000000000000004,-10.000000000000004
P5,Horizontal,Center,1D,DT500,0,7,250,40,2.857980993313141,263.85714285714283,61.01238245507054,2.4126864428594104,4794.285714285715,534.8571428571429,5329.571428571428,28.57142857142857,0.452698021819387,0.0,0.0,0.0,1.1428571428571428,2.5343734631488562e-14,9.999999999999998,-9.999999999999998
P5,Horizontal,Center,1D,DT500,0,7,500,60,3.222392419290665,484.2857142857143,51.031483260341,3.39093451888744,5406.142857142857,535.5714285714286,5942.428571428572,0.0,0.5706310943628646,0.0,0.0,0.0,0.8571428571428571,3.962160629775327e-14,10.000000000000012,-10.000000000000012
P5,Horizontal,Center,1D,DT500,0,7,250,60,2.3692338081615767,247.57142857142856,59.40491144516594,2.3694733442981826,2933.1428571428573,543.2857142857143,3476.5714285714284,0.0,0.6815546273047041,0.1428571428571428,0.0,0.0,1.0,2.247316181841596e-14,10.000000000000009,-10.000000000000009
P5,Horizontal,Center,1D,DT500,0,7,100,40,1.8073549209101785,105.28571428571428,34.55338152860162,2.0168689499828543,3788.714285714286,531.0,4319.857142857143,0.0,0.4668832517570019,0.5714285714285714,0.0,0.0,1.1428571428571428,1.3233961443481634e-14,10.0,-10.0
P5,Vertical,Right,1D,DT500,0,7,250,40,2.857980993313141,243.7142857142857,27.76717493837884,3.28940136988416,3630.571428571429,533.8571428571429,4165.285714285715,0.0,0.7897180639019487,0.0,0.0,0.0,0.8571428571428571,2.1185240829975097e-14,5.000000000000004,-5.000000000000004
P5,Vertical,Right,1D,DT500,0,7,500,60,3.222392419290665,480.0,45.95825204410395,3.516552454543857,6005.571428571428,539.0,6545.571428571428,0.0,0.5372414758464173,0.0,0.0,0.0,1.1428571428571428,3.9099236141819215e-14,1.9999999999999976,1.9999999999999976
P5,Vertical,Right,1D,DT500,0,7,250,60,2.3692338081615767,255.0,54.952822334822805,2.495783155293772,2952.5714285714284,523.4285714285714,3476.714285714286,0.0,0.7178568470664586,0.0,0.0,0.0,0.5714285714285714,2.14358755977674e-14,1.999999999999996,1.999999999999996
P5,Vertical,Right,1D,DT500,0,7,100,40,1.8073549209101785,91.0,57.56228694380485,1.3678721118457806,2515.8571428571427,518.8571428571429,3035.1428571428573,14.285714285714285,0.450677999760918,0.2857142857142857,0.0,0.0,1.1428571428571428,1.0042224812445782e-14,2.000000000000003,2.000000000000003
P5,Vertical,Right,1D,DT500,0,7,500,40,3.754887499779624,499.1428571428572,43.438169955563296,3.642803369238517,5613.571428571428,518.5714285714286,6132.571428571428,0.0,0.5940091218940929,0.1428571428571428,0.0,0.0,0.8571428571428571,4.122844870605071e-14,1.9999999999999896,1.9999999999999896
P5,Vertical,Right,1D,DT500,0,7,100,60,1.4150374983804868,111.71428571428572,65.46856704943863,1.4363646827102758,1552.7142857142858,522.4285714285714,2075.8571428571427,0.0,0.6919381170581469,0.0,0.0,0.0,0.2857142857142857,9.785384552477088e-15,2.0,2.0
P5,Horizontal,Rear,1D,DT500,0,7,100,60,1.4150374983804868,95.85714285714286,48.0095295953212,1.5833397156867624,3647.571428571429,527.7142857142857,4175.714285714285,0.0,0.3791781734453417,0.1428571428571428,0.0,0.0,0.2857142857142857,1.5648231755105637e-14,39.0,-39.0
P5,Horizontal,Rear,1D,DT500,0,7,100,40,1.8073549209101785,123.57142857142856,8.066265659690588,4.028527927541657,4110.857142857143,530.1428571428571,4641.428571428572,0.0,0.8679499997781348,0.0,0.0,0.0,0.0,1.6546889056775207e-14,32.0,-32.0
P5,Horizontal,Rear,1D,DT500,0,7,500,60,3.222392419290665,506.4285714285714,86.78267267104896,2.773067018994261,5863.142857142857,543.1428571428571,6406.571428571428,14.285714285714285,0.4328472803139594,0.0,0.0,0.0,0.1428571428571428,7.04920435032143e-14,32.0,-32.0
P5,Horizontal,Rear,1D,DT500,0,7,250,40,2.857980993313141,253.57142857142856,31.292536769574745,3.186382611108251,3744.142857142857,541.4285714285714,4286.0,0.0,0.7434397132777069,0.1428571428571428,0.0,0.0,0.1428571428571428,3.892327967613739e-14,32.0,-32.0
P5,Horizontal,Rear,1D,DT500,0,7,500,40,3.754887499779624,514.4285714285714,33.52598522402364,4.03070461483406,5690.142857142857,536.7142857142857,6227.428571428572,0.0,0.64725023636994,0.0,0.0,0.0,0.0,7.253682109876148e-14,32.0,-32.0
P5,Horizontal,Rear,1D,DT500,0,7,250,60,2.3692338081615767,232.57142857142856,25.965984470854195,3.3156782367404856,3091.5714285714284,547.1428571428571,3639.0,0.0,0.9111509306788914,0.0,0.0,0.0,0.0,3.274628475799484e-14,32.0,-32.0
P4,Joystick,Center,2D,DT500,0,7,250,40,2.857980993313141,255.256787577763,42.732278318215,2.8018612500648983,9366.0,500.0,9866.57142857143,0.0,0.2839751650660859,1.5714285714285714,1.7142857142857142,4.142857142857143,3.142857142857143,23.120406224982577,27.254789382935407,-6.493363414861976
P4,Joystick,Center,2D,DT500,0,7,500,60,3.222392419290665,509.69862057417697,40.080245809535015,3.7778881863872376,6381.714285714285,500.1428571428572,6882.571428571428,0.0,0.5489064989146636,0.0,0.7142857142857143,2.0,0.4285714285714285,21.96043031459272,33.44154787818833,12.824319794845144
P4,Joystick,Center,2D,DT500,0,7,500,40,3.754887499779624,491.049317289314,47.93420546772016,3.491113742591265,10075.857142857143,500.1428571428572,10576.285714285714,0.0,0.3300888267301355,1.0,2.4285714285714284,3.0,2.0,24.64689724780024,30.787589736816248,-8.209646772649355
P4,Joystick,Center,2D,DT500,0,7,100,40,1.8073549209101785,96.15421757946062,33.21992563034352,1.9614285583936115,9242.57142857143,500.0,9742.714285714286,0.0,0.2013225987002049,1.4285714285714286,2.7142857142857144,5.0,5.142857142857143,22.32825703900173,23.689040314804267,-15.357331867821346
P4,Joystick,Center,2D,DT500,0,7,250,60,2.3692338081615767,249.39427481144972,88.8236985089603,1.92893677744924,5549.142857142857,500.0,6049.428571428572,0.0,0.3188626420947592,0.1428571428571428,1.4285714285714286,2.2857142857142856,0.8571428571428571,22.061845694741788,25.44399447502516,-9.613081836048508
P4,Joystick,Center,2D,DT500,0,7,100,60,1.4150374983804868,104.99778856422796,70.07264635117585,1.3210121809037745,3712.428571428572,500.1428571428572,4212.571428571428,0.0,0.3135880787549654,0.2857142857142857,1.1428571428571428,1.2857142857142858,1.2857142857142858,20.0812318635077,25.348731298065296,-20.242413268612125
P4,Horizontal,Front,1D,DT500,0,7,250,40,2.857980993313141,274.0,13.67701885889326,4.394624263437836,4556.857142857143,500.0,5057.142857142857,0.0,0.8689934984199111,0.0,0.0,0.0,0.0,3.6329351639191744e-14,17.0,-17.0
P4,Horizontal,Front,1D,DT500,0,7,100,60,1.4150374983804868,135.0,32.528660217223695,2.3646246190721985,3065.1428571428573,504.1428571428572,3569.8571428571427,0.0,0.6623863433312813,0.0,0.0,0.0,0.1428571428571428,1.5545215504973396e-14,10.0,-10.0
P4,Horizontal,Front,1D,DT500,0,7,500,60,3.222392419290665,516.2857142857143,22.81484458727761,4.562509670864094,6056.428571428572,500.0,6556.714285714285,0.0,0.6958530556691866,0.0,0.0,0.0,0.0,7.125972367628087e-14,10.0,-10.0
P4,Horizontal,Front,1D,DT500,0,7,100,40,1.8073549209101785,115.71428571428572,27.81107563763064,2.3675742369609574,3796.0,500.0,4296.285714285715,0.0,0.5510746711021713,0.5714285714285714,0.0,0.0,0.7142857142857143,1.7410428049867073e-14,10.0,-10.0
P4,Horizontal,Front,1D,DT500,0,7,500,40,3.754887499779624,508.0,58.27144230528332,3.2806328477736373,7036.0,500.0,7536.285714285715,0.0,0.4353116338934575,0.5714285714285714,0.0,0.0,0.5714285714285714,7.761255032481545e-14,10.0,-10.0
P4,Horizontal,Front,1D,DT500,0,7,250,60,2.3692338081615767,265.7142857142857,51.19855224705862,2.629911181497793,3490.285714285714,500.7142857142857,3991.0,0.0,0.6589604564013513,0.0,0.0,0.0,0.1428571428571428,3.5829406647095075e-14,10.0,-10.0
P4,Joystick,Rear,2D,DT500,0,7,250,40,2.857980993313141,256.2268170946224,40.75805151028591,2.86523243726819,3984.0,500.0,4484.428571428572,0.0,0.6389292173195288,0.1428571428571428,0.7142857142857143,1.1428571428571428,0.4285714285714285,15.013754775199512,22.43944692124596,-1.5055155249910044
P4,Joystick,Rear,2D,DT500,0,7,100,60,1.4150374983804868,112.2629714840632,61.07288732137081,1.5049661838448258,3621.714285714286,500.4285714285714,4122.285714285715,0.0,0.3650805131311955,0.2857142857142857,1.5714285714285714,1.7142857142857142,1.1428571428571428,17.972447584116015,20.968091827201462,8.121790423724702
P4,Joystick,Rear,2D,DT500,0,7,500,40,3.754887499779624,486.87024899176174,33.66558761161054,3.9506509361514976,12827.0,500.0,13327.42857142857,0.0,0.2964300963969095,1.7142857142857142,4.142857142857143,6.857142857142857,4.0,22.979738786580533,26.17197153842461,8.228441521605172
P4,Joystick,Rear,2D,DT500,0,7,100,40,1.8073549209101785,100.00017515851128,38.3556482260394,1.8508724182075555,7883.571428571428,500.0,8383.857142857143,0.0,0.2207662161543934,1.7142857142857142,3.0,4.0,3.571428571428572,25.016621550571926,22.73913237674377,-3.430263032956732
P4,Joystick,Rear,2D,DT500,0,7,500,60,3.222392419290665,490.71783652498414,54.84479098724372,3.314318308304004,8371.285714285714,500.0,8871.42857142857,0.0,0.3735946563305641,0.2857142857142857,2.0,3.4285714285714284,1.1428571428571428,30.131229974392088,38.92623078321411,21.001286997584312
P4,Joystick,Rear,2D,DT500,0,7,250,60,2.3692338081615767,239.46200963756863,52.91405508651194,2.466102320259347,4788.714285714285,500.1428571428572,5289.142857142857,0.0,0.4662574611553432,0.5714285714285714,1.2857142857142858,2.2857142857142856,1.0,19.31745560651594,27.74611341288261,-6.807716851447235
P4,Vertical,Center,1D,DT500,0,7,250,40,2.857980993313141,260.0,37.15082383886625,2.999729270119317,4346.714285714285,504.2857142857143,4851.428571428572,0.0,0.6183187541470913,0.1428571428571428,0.0,0.0,1.0,2.1877481574855235e-14,2.000000000000002,-2.000000000000002
P4,Vertical,Center,1D,DT500,0,7,500,60,3.222392419290665,479.8571428571428,70.79842748537321,2.959360985564804,6920.142857142857,505.8571428571428,7426.142857142857,0.0,0.3985057980292332,0.2857142857142857,0.0,0.0,1.0,4.3093795475441767e-14,4.999999999999998,4.999999999999998
P4,Vertical,Center,1D,DT500,0,7,250,60,2.3692338081615767,268.2857142857143,46.41608501424527,2.7612886773224434,3337.8571428571427,509.7142857142857,3848.0,0.0,0.7175906126097826,0.0,0.0,0.0,0.7142857142857143,2.4004930838886536e-14,4.999999999999999,4.999999999999999
P4,Vertical,Center,1D,DT500,0,7,100,60,1.4150374983804868,112.42857142857144,76.36905014290613,1.3057806041466704,1878.0,504.2857142857143,2382.428571428572,0.0,0.548088039157324,0.0,0.0,0.0,0.5714285714285714,1.1603447877285586e-14,5.000000000000004,5.000000000000004
P4,Vertical,Center,1D,DT500,0,7,100,40,1.8073549209101785,92.42857142857144,47.464336281147546,1.559407007175079,3561.5714285714284,502.7142857142857,4064.571428571429,0.0,0.3836584089071261,0.4285714285714285,0.0,0.0,1.2857142857142858,1.2312181249076307e-14,5.0,5.0
P4,Vertical,Center,1D,DT500,0,7,500,40,3.754887499779624,505.8571428571428,26.50845393985091,4.327892904795154,7360.0,500.0,7860.428571428572,0.0,0.5505924855708717,0.4285714285714285,0.0,0.0,1.7142857142857142,4.256442261163903e-14,5.000000000000007,5.000000000000007
P4,Horizontal,Center,1D,DT500,0,7,500,40,3.754887499779624,513.7142857142857,36.47700539539648,3.91487410071477,6003.142857142857,500.0,6503.285714285715,0.0,0.6019840235705772,0.0,0.0,0.0,0.0,7.068996448437644e-14,14.0,-14.0
P4,Horizontal,Center,1D,DT500,0,7,100,60,1.4150374983804868,117.14285714285712,70.45872665009833,1.4128216993126204,2224.5714285714284,502.7142857142857,2727.714285714286,0.0,0.5179507643861078,0.0,0.0,0.0,0.0,1.1106211363969128e-14,7.000000000000002,-7.000000000000002
P4,Horizontal,Center,1D,DT500,0,7,100,40,1.8073549209101785,98.28571428571428,52.89404118410929,1.515087851000949,3999.857142857143,500.0,4499.857142857143,0.0,0.3366968779010966,0.4285714285714285,0.0,0.0,0.4285714285714285,1.1355144384865538e-14,7.0,-7.0
P4,Horizontal,Center,1D,DT500,0,7,250,60,2.3692338081615767,260.85714285714283,49.36264611415949,2.6517990791764103,4248.0,501.7142857142857,4750.285714285715,14.285714285714285,0.5582399120123562,0.0,0.0,0.0,0.1428571428571428,2.5600062521592623e-14,7.00000000000001,-7.00000000000001
P4,Horizontal,Center,1D,DT500,0,7,250,40,2.857980993313141,263.1428571428572,38.09122615179629,2.9833543779344884,3873.571428571429,500.0,4373.714285714285,0.0,0.6821100289241383,0.0,0.0,0.0,0.0,2.3080381955713707e-14,6.999999999999998,-6.999999999999998
P4,Horizontal,Center,1D,DT500,0,7,500,60,3.222392419290665,507.7142857142857,55.775471140389136,3.3366866829265645,6533.0,500.8571428571428,7034.142857142857,0.0,0.4743558313630648,0.0,0.0,0.0,0.0,4.6118320156119205e-14,7.000000000000009,-7.000000000000009
P4,Vertical,Right,1D,DT500,0,7,100,60,1.4150374983804868,108.14285714285714,92.14627361373768,1.1200864010264964,1672.7142857142858,509.8571428571428,2183.0,0.0,0.5130950073415009,0.0,0.0,0.0,0.7142857142857143,1.345664135301975e-14,8.999999999999998,-8.999999999999998
P4,Vertical,Right,1D,DT500,0,7,100,40,1.8073549209101785,84.42857142857143,50.438353365119966,1.4189434968792431,2562.714285714286,504.4285714285714,3067.285714285714,0.0,0.4626055832590332,0.7142857142857143,0.0,0.0,1.8571428571428568,1.0107401408336131e-14,1.999999999999997,-1.999999999999997
P4,Vertical,Right,1D,DT500,0,7,250,40,2.857980993313141,258.2857142857143,35.52821482763301,3.047865685714205,5116.142857142857,511.8571428571428,5628.428571428572,0.0,0.5415127236731753,0.4285714285714285,0.0,0.0,1.8571428571428568,2.1585637524435152e-14,2.000000000000002,-2.000000000000002
P4,Vertical,Right,1D,DT500,0,7,500,40,3.754887499779624,506.4285714285714,46.63459712036352,3.567971707144838,6372.857142857143,503.0,6876.285714285715,0.0,0.5188806654342848,0.2857142857142857,0.0,0.0,1.0,4.098489755273598e-14,2.0000000000000075,-2.0000000000000075
P4,Vertical,Right,1D,DT500,0,7,500,60,3.222392419290665,505.2857142857142,70.59710726128294,3.028094310553716,6333.571428571428,504.4285714285714,6838.571428571428,0.0,0.4427963270080637,0.0,0.0,0.0,0.8571428571428571,3.790297970793906e-14,2.0000000000000084,-2.0000000000000084
P4,Vertical,Right,1D,DT500,0,7,250,60,2.3692338081615767,256.2857142857143,59.14421188082542,2.4150106477015267,2800.714285714286,506.7142857142857,3307.8571428571427,0.0,0.7300831152628239,0.0,0.0,0.0,0.7142857142857143,2.0210651593138143e-14,2.0000000000000053,-2.0000000000000053
P4,Joystick,Front,2D,DT500,0,7,250,40,2.857980993313141,249.09879983039448,40.75691449913203,2.830218184383415,5784.0,500.1428571428572,6284.571428571428,0.0,0.4503438645818309,0.8571428571428571,1.8571428571428568,2.857142857142857,1.2857142857142858,14.860265683585489,17.850089991698617,-0.9846031592334482
P4,Joystick,Front,2D,DT500,0,7,500,40,3.754887499779624,481.9421946303182,35.83299927556231,3.8529651369191447,7130.0,500.0,7630.285714285715,0.0,0.504956862847937,0.4285714285714285,1.8571428571428568,2.857142857142857,1.0,16.539819118770872,17.132426824456438,-10.534940870318232
P4,Joystick,Front,2D,DT500,0,7,500,60,3.222392419290665,482.44627904591977,40.40302357593546,3.693860018868044,8787.714285714286,500.0,9288.142857142857,0.0,0.397696296846614,0.0,1.5714285714285714,2.857142857142857,1.2857142857142858,35.43965771534641,45.29259117348845,-2.4449225872075075
P4,Joystick,Front,2D,DT500,0,7,250,60,2.3692338081615767,263.48637249647123,49.86967426206676,2.651568146286803,3641.0,500.0,4141.285714285715,0.0,0.6402765540035054,0.1428571428571428,1.4285714285714286,1.7142857142857142,0.2857142857142857,17.551808407409126,19.710517650718312,-7.15257757465968
P4,Joystick,Front,2D,DT500,0,7,100,40,1.8073549209101785,85.86397936457374,27.09874898124908,2.059548681753616,9845.42857142857,500.0,10345.42857142857,0.0,0.1990781404108828,2.142857142857143,3.2857142857142856,5.0,4.428571428571429,21.240482249488743,22.860178773644275,-16.577501274608046
P4,Joystick,Front,2D,DT500,0,7,100,60,1.4150374983804868,92.73979509246468,55.101064169985385,1.4238929590120968,3238.8571428571427,500.0,3738.857142857143,0.0,0.3808364172812424,0.1428571428571428,0.7142857142857143,1.4285714285714286,1.0,17.520569043284393,27.255103120084616,-14.994806020951842
P4,Vertical,Left,1D,DT500,0,7,100,40,1.8073549209101785,106.14285714285714,63.39207310496796,1.4192081955699127,2013.857142857143,509.0,2523.428571428572,0.0,0.5624126680813739,0.4285714285714285,0.0,0.0,0.8571428571428571,1.2763347129988972e-14,3.0,3.0
P4,Vertical,Left,1D,DT500,0,7,100,60,1.4150374983804868,115.71428571428572,39.23763606607304,1.9815106148756831,1377.428571428571,505.8571428571428,1883.7142857142856,0.0,1.0519167529296058,0.0,0.0,0.0,0.2857142857142857,1.385381598083868e-14,10.0,10.0
P4,Vertical,Left,1D,DT500,0,7,250,60,2.3692338081615767,261.0,39.83420576942392,2.916888898051237,2976.285714285714,502.1428571428572,3478.714285714286,0.0,0.838496254213735,0.0,0.0,0.0,0.8571428571428571,3.5888328259476436e-14,10.0,10.0
P4,Vertical,Left,1D,DT500,0,7,500,60,3.222392419290665,517.5714285714286,45.00152189299153,3.6439944871411343,5496.714285714285,505.7142857142857,6002.714285714285,0.0,0.607057793140911,0.0,0.0,0.0,0.2857142857142857,6.840749595388091e-14,10.0,10.0
P4,Vertical,Left,1D,DT500,0,7,250,40,2.857980993313141,246.1428571428572,47.284075016495,2.6335750132953075,3281.285714285714,505.4285714285714,3787.428571428572,0.0,0.6953464504023519,0.5714285714285714,0.0,0.0,1.0,4.062120358982686e-14,10.0,10.0
P4,Vertical,Left,1D,DT500,0,7,500,40,3.754887499779624,496.1428571428572,32.17671690734068,4.037321823725243,6184.285714285715,507.8571428571428,6692.428571428572,0.0,0.6032670772104233,0.2857142857142857,0.0,0.0,1.0,7.657633575371948e-14,10.0,10.0
P4,Horizontal,Rear,1D,DT500,0,7,100,40,1.8073549209101785,131.0,9.961103281332464,3.822847765989824,1896.428571428572,500.0,2396.428571428572,0.0,1.5952270856589428,0.0,0.0,0.0,0.0,1.5584390807215e-14,11.0,11.0
P4,Horizontal,Rear,1D,DT500,0,7,250,40,2.857980993313141,254.7142857142857,39.6397666097921,2.8925321139059315,3554.0,500.0,4054.285714285714,0.0,0.7134504861642537,0.0,0.0,0.0,0.0,3.5241756513082973e-14,18.0,18.0
P4,Horizontal,Rear,1D,DT500,0,7,100,60,1.4150374983804868,118.85714285714286,39.76268090977639,1.996086148392736,2225.1428571428573,500.7142857142857,2726.0,0.0,0.7322399663949876,0.0,0.0,0.0,0.1428571428571428,1.4196957273279886e-14,18.0,18.0
P4,Horizontal,Rear,1D,DT500,0,7,250,60,2.3692338081615767,245.1428571428572,57.00145212649744,2.4061671904749966,3186.5714285714284,500.0,3686.571428571429,0.0,0.6526842723911097,0.0,0.0,0.0,0.0,3.3662273087745585e-14,18.0,18.0
P4,Horizontal,Rear,1D,DT500,0,7,500,60,3.222392419290665,493.8571428571428,32.252456636078136,4.0278824130220965,5576.285714285715,500.0,6076.571428571428,0.0,0.6628544501399914,0.0,0.0,0.0,0.0,6.927685818373943e-14,18.0,18.0
P4,Horizontal,Rear,1D,DT500,0,7,500,40,3.754887499779624,510.4285714285714,55.51970281073049,3.3495984489990698,6313.857142857143,500.0,6814.0,0.0,0.4915759390958423,0.1428571428571428,0.0,0.0,0.1428571428571428,7.251234715835336e-14,18.0,18.0
P10,Joystick,Front,2D,DT500,0,7,250,40,2.857980993313141,243.57264465012472,52.30195753805435,2.500049010385105,8635.42857142857,500.4285714285714,9136.0,0.0,0.2736480965833083,0.7142857142857143,0.7142857142857143,3.857142857142857,2.857142857142857,19.5758695994162,24.50773308797952,0.3125401416745783
P10,Joystick,Front,2D,DT500,0,7,250,60,2.3692338081615767,253.0598727165971,37.66404720762359,2.9483898364079013,4746.857142857143,500.1428571428572,5247.571428571428,0.0,0.5618579711663982,0.0,1.1428571428571428,1.8571428571428568,0.8571428571428571,22.091679582352302,25.96344257687741,9.814077439773213
P10,Joystick,Front,2D,DT500,0,7,500,60,3.222392419290665,493.9502459143751,50.93213682370843,3.419296693028864,7525.285714285715,502.4285714285714,8028.285714285715,0.0,0.4259062039788256,0.0,2.142857142857143,2.857142857142857,0.7142857142857143,22.14050662437744,25.643318276113057,7.801920776712856
P10,Joystick,Front,2D,DT500,0,7,100,60,1.4150374983804868,120.42418445751495,51.29718940461431,1.743117931944211,5728.0,501.8571428571428,6230.285714285715,0.0,0.2797813795196156,0.1428571428571428,1.0,2.4285714285714284,2.0,22.506644616969844,32.78706077126488,15.788106766119968
P10,Joystick,Front,2D,DT500,0,7,500,40,3.754887499779624,491.7135328750217,34.92610149043784,3.9144385779408672,6580.0,500.0,7080.285714285715,0.0,0.5528644938780934,0.0,1.1428571428571428,2.4285714285714284,0.2857142857142857,18.994545267115534,25.44053419526916,18.22694194627509
P10,Joystick,Front,2D,DT500,0,7,100,40,1.8073549209101785,99.3835974351842,53.71957185174598,1.51098443490191,10528.142857142857,500.0,11028.714285714286,0.0,0.1370045860068311,1.4285714285714286,2.2857142857142856,5.142857142857143,4.857142857142857,27.53707933200688,25.83154199580453,-11.762553936055651
P10,Horizontal,Rear,1D,DT500,0,7,500,60,3.222392419290665,484.2857142857143,67.65572808773616,3.0282312214477263,7267.142857142857,531.1428571428571,7798.714285714285,0.0,0.3882987772734349,0.1428571428571428,0.0,0.0,0.4285714285714285,5.803909445890203e-14,13.999999999999998,13.999999999999998
P10,Horizontal,Rear,1D,DT500,0,7,250,60,2.3692338081615767,254.42857142857144,81.75429846731596,2.039879721471941,4431.571428571428,516.1428571428571,4948.285714285715,0.0,0.4122396804175641,0.0,0.0,0.0,0.7142857142857143,3.6315183100370584e-14,21.0,21.0
P10,Horizontal,Rear,1D,DT500,0,7,100,40,1.8073549209101785,97.57142857142856,66.2465854378386,1.3061760082834404,2346.0,512.0,2858.428571428572,14.285714285714285,0.4569559727114839,0.1428571428571428,0.0,0.0,1.5714285714285714,1.5222942278282367e-14,21.0,21.0
P10,Horizontal,Rear,1D,DT500,0,7,500,40,3.754887499779624,496.8571428571428,50.446415117487504,3.4395175776377527,12074.142857142857,523.4285714285714,12598.0,0.0,0.2730209221811202,1.4285714285714286,0.0,0.0,1.8571428571428568,8.398183399600067e-14,21.0,21.0
P10,Horizontal,Rear,1D,DT500,0,7,250,40,2.857980993313141,255.8571428571429,23.962375986911432,3.5456537285177547,5804.571428571428,531.4285714285714,6336.571428571428,0.0,0.5595539746511021,0.1428571428571428,0.0,0.0,0.2857142857142857,3.7583506484207206e-14,21.0,21.0
P10,Horizontal,Rear,1D,DT500,0,7,100,60,1.4150374983804868,110.71428571428572,77.73595434038126,1.2775297002622543,3769.428571428572,521.1428571428571,4291.285714285715,0.0,0.2977032491706042,0.1428571428571428,0.0,0.0,0.1428571428571428,1.5566217977596012e-14,21.0,21.0
P10,Joystick,Center,2D,DT500,0,7,500,60,3.222392419290665,500.4310984504946,34.25356615986579,3.964362195735949,6187.714285714285,500.0,6688.0,0.0,0.5927575053432939,0.0,1.5714285714285714,3.571428571428572,0.4285714285714285,17.249019268064362,21.16831793348956,12.814713565758264
P10,Joystick,Center,2D,DT500,0,7,250,60,2.3692338081615767,240.32444207087605,57.11802568606535,2.3805926255060723,4334.285714285715,500.0,4834.714285714285,0.0,0.4923957207854655,0.0,1.5714285714285714,1.2857142857142858,0.7142857142857143,15.691198489519213,19.52429389937523,5.893101165448284
P10,Joystick,Center,2D,DT500,0,7,500,40,3.754887499779624,505.4430447844311,26.00035445782501,4.353312848142063,10356.285714285714,500.2857142857143,10857.42857142857,0.0,0.4009524741058715,1.0,2.0,4.142857142857143,2.4285714285714284,18.99696143425384,18.797742580007743,4.219108572062766
P10,Joystick,Center,2D,DT500,0,7,250,40,2.857980993313141,253.8840667043212,37.87695373377021,2.945394937400662,11462.42857142857,502.0,11964.714285714286,0.0,0.2461734452712694,1.0,2.571428571428572,6.0,5.142857142857143,24.565499413781257,22.105063203058688,-10.215223545341749
P10,Joystick,Center,2D,DT500,0,7,100,40,1.8073549209101785,111.02410092636616,21.72530591859555,2.6112570159038566,11956.714285714286,501.57142857142856,12459.142857142857,0.0,0.20958560679853,2.0,2.7142857142857144,4.714285714285714,4.428571428571429,24.604254803324217,23.372556573682733,-9.23737660426228
P10,Joystick,Center,2D,DT500,0,7,100,60,1.4150374983804868,109.6674971611004,36.00696964010293,2.01639993685034,3658.0,502.4285714285714,4161.142857142857,0.0,0.4845783973479942,0.0,1.0,1.5714285714285714,0.5714285714285714,12.713221902313077,17.340652286316377,-4.647415418828261
P10,Joystick,Rear,2D,DT500,0,7,100,40,1.8073549209101785,90.40938696797735,55.42924849821217,1.3956536141258555,8267.57142857143,500.1428571428572,8768.42857142857,0.0,0.1591680427977156,0.8571428571428571,2.0,3.571428571428572,3.142857142857143,17.967561911167422,22.650682171905377,1.4042451665672917
P10,Joystick,Rear,2D,DT500,0,7,100,60,1.4150374983804868,98.22187952099866,44.04851163634514,1.6914702655345168,3732.428571428572,500.0,4233.0,0.0,0.3995913691317073,0.2857142857142857,0.7142857142857143,1.1428571428571428,1.0,13.83517272073146,25.3346982565136,-20.69690557966808
P10,Joystick,Rear,2D,DT500,0,7,250,60,2.3692338081615767,234.0300174710385,69.37446008055747,2.1287658317799982,4498.857142857143,500.4285714285714,5000.142857142857,0.0,0.4257410023273618,0.0,0.8571428571428571,1.2857142857142858,0.8571428571428571,15.695094678837586,22.90519223163141,-0.0596397710242708
P10,Joystick,Rear,2D,DT500,0,7,500,40,3.754887499779624,498.8434281137302,32.63809900594051,4.025390610212908,10932.142857142857,501.1428571428572,11434.0,0.0,0.3520544525286783,0.4285714285714285,1.8571428571428568,5.428571428571429,2.7142857142857144,36.59752331626424,42.344455075427526,19.01666909505983
P10,Joystick,Rear,2D,DT500,0,7,500,60,3.222392419290665,497.1956993524768,42.56150073875364,3.664689653918473,8159.428571428572,502.1428571428572,8662.285714285714,0.0,0.4230626620725198,0.1428571428571428,2.2857142857142856,4.0,1.7142857142857142,26.82195054737692,37.91778509416456,2.833207482523183
P10,Joystick,Rear,2D,DT500,0,7,250,40,2.857980993313141,245.4568068690228,36.805617297785865,2.9390392094507107,6873.428571428572,500.0,7374.0,0.0,0.3985678342081246,0.7142857142857143,1.2857142857142858,4.142857142857143,2.0,18.315479763847662,25.63216404483427,4.713826363166412
P10,Vertical,Right,1D,DT500,0,7,250,40,2.857980993313141,241.0,34.565148387968314,2.995003411136823,3295.285714285714,531.4285714285714,3827.285714285714,0.0,0.7825398035891814,0.0,0.0,0.0,0.4285714285714285,2.0985397619552813e-14,3.000000000000004,-3.000000000000004
P10,Vertical,Right,1D,DT500,0,7,100,60,1.4150374983804868,82.42857142857143,52.096150209078736,1.3686226510966644,1838.428571428572,519.0,2358.285714285714,0.0,0.5803464112961383,0.0,0.0,0.0,0.2857142857142857,8.605261381802304e-15,4.0,4.0
P10,Vertical,Right,1D,DT500,0,7,100,40,1.8073549209101785,91.0,39.76268090977639,1.7174639239343883,1871.142857142857,519.4285714285714,2391.428571428572,0.0,0.7181748785866618,0.1428571428571428,0.0,0.0,1.0,9.805724969122576e-15,3.999999999999997,3.999999999999997
P10,Vertical,Right,1D,DT500,0,7,500,60,3.222392419290665,487.8571428571428,43.53168603787349,3.609630093099754,5622.285714285715,525.7142857142857,6148.714285714285,0.0,0.5870544516088909,0.0,0.0,0.0,0.8571428571428571,4.0626338245343216e-14,3.999999999999992,3.999999999999992
P10,Vertical,Right,1D,DT500,0,7,250,60,2.3692338081615767,236.7142857142857,16.82353088276239,3.913648515007651,2873.5714285714284,521.8571428571429,3395.714285714286,0.0,1.1525258563337637,0.0,0.0,0.0,0.7142857142857143,2.0608794142177962e-14,3.999999999999993,3.999999999999993
P10,Vertical,Right,1D,DT500,0,7,500,40,3.754887499779624,503.4285714285714,25.523709075057884,4.373227672341117,5337.285714285715,521.2857142857143,5858.857142857143,0.0,0.7464301596212771,0.1428571428571428,0.0,0.0,1.1428571428571428,4.233335705502501e-14,3.999999999999989,3.999999999999989
P10,Vertical,Center,1D,DT500,0,7,100,40,1.8073549209101785,106.57142857142856,38.240395160661066,1.9210100638023488,1558.428571428571,517.1428571428571,2075.8571428571427,0.0,0.9254057151342951,0.0,0.0,0.0,0.7142857142857143,9.970897475713204e-15,0.9999999999999988,0.9999999999999988
P10,Vertical,Center,1D,DT500,0,7,500,40,3.754887499779624,497.1428571428572,36.643847272539126,3.8646204823268384,5522.0,521.1428571428571,6043.428571428572,0.0,0.6394748339704961,0.0,0.0,0.0,0.7142857142857143,4.4806364815900986e-14,7.999999999999992,7.999999999999992
P10,Vertical,Center,1D,DT500,0,7,250,60,2.3692338081615767,252.42857142857144,61.74777731378212,2.347115465676958,2705.8571428571427,513.7142857142857,3220.0,0.0,0.7289178464835273,0.0,0.0,0.0,0.5714285714285714,2.330015379722845e-14,8.000000000000005,8.000000000000005
P10,Vertical,Center,1D,DT500,0,7,250,40,2.857980993313141,241.0,47.9247519738228,2.5918509315792817,2918.0,524.1428571428571,3443.1428571428573,0.0,0.7527573031721422,0.2857142857142857,0.0,0.0,1.0,2.6240543843546627e-14,8.000000000000002,8.000000000000002
P10,Vertical,Center,1D,DT500,0,7,500,60,3.222392419290665,488.0,61.377868601048185,3.1620083383963813,5512.142857142857,520.5714285714286,6033.285714285715,0.0,0.5240939163397028,0.0,0.0,0.0,0.8571428571428571,4.098755131430442e-14,7.999999999999995,7.999999999999995
P10,Vertical,Center,1D,DT500,0,7,100,60,1.4150374983804868,87.85714285714286,83.83194266407725,1.0342263607994522,1891.0,518.4285714285714,2410.1428571428573,14.285714285714285,0.4291141322740895,0.2857142857142857,0.0,0.0,1.2857142857142858,9.536427893265831e-15,8.000000000000005,8.000000000000005
P10,Horizontal,Center,1D,DT500,0,7,500,40,3.754887499779624,476.8571428571428,26.88923261846956,4.227597062216288,5385.0,530.8571428571429,5916.428571428572,0.0,0.7145522017509119,0.0,0.0,0.0,0.8571428571428571,4.337805482350831e-14,9.99999999999998,9.99999999999998
P10,Horizontal,Center,1D,DT500,0,7,250,40,2.857980993313141,257.7142857142857,29.389336815767752,3.2882068224016763,3571.1428571428573,516.5714285714286,4087.857142857143,0.0,0.8043839859098981,0.0,0.0,0.0,0.2857142857142857,3.4997364316027136e-14,17.0,17.0
P10,Horizontal,Center,1D,DT500,0,7,250,60,2.3692338081615767,247.57142857142856,51.9476276090148,2.52751802288407,3901.571428571429,526.0,4428.285714285715,0.0,0.5707666997931636,0.0,0.0,0.0,0.1428571428571428,3.2665599856256686e-14,17.0,17.0
P10,Horizontal,Center,1D,DT500,0,7,100,40,1.8073549209101785,82.14285714285714,53.29232224144965,1.345602922012607,2707.714285714286,522.5714285714286,3230.8571428571427,0.0,0.4164848096077223,0.0,0.0,0.0,0.8571428571428571,1.1335333219653404e-14,17.0,17.0
P10,Horizontal,Center,1D,DT500,0,7,100,60,1.4150374983804868,85.71428571428571,56.15331867336644,1.3371019914226003,2843.8571428571427,525.4285714285714,3369.5714285714284,0.0,0.3968166337371519,0.1428571428571428,0.0,0.0,0.5714285714285714,1.064827150706186e-14,17.0,17.0
P10,Horizontal,Center,1D,DT500,0,7,500,60,3.222392419290665,528.5714285714286,61.65550819591236,3.2589680685310256,5376.428571428572,520.1428571428571,5897.285714285715,0.0,0.5526217019868022,0.0,0.0,0.0,0.5714285714285714,6.75793229074116e-14,17.0,17.0
P10,Horizontal,Front,1D,DT500,0,7,250,40,2.857980993313141,245.8571428571429,38.74747226670575,2.876784952049182,2839.714285714286,521.7142857142857,3361.714285714286,0.0,0.8557493908016435,0.1428571428571428,0.0,0.0,0.7142857142857143,2.3912288054291447e-14,8.000000000000002,8.000000000000002
P10,Horizontal,Front,1D,DT500,0,7,500,40,3.754887499779624,492.57142857142856,47.62684191726212,3.5036422251761072,5435.428571428572,529.4285714285714,5965.428571428572,0.0,0.587324478572555,0.1428571428571428,0.0,0.0,0.7142857142857143,6.09614860021499e-14,15.0,15.0
P10,Horizontal,Front,1D,DT500,0,7,250,60,2.3692338081615767,259.42857142857144,30.073219307692675,3.267021049736948,2237.285714285714,524.2857142857143,2761.714285714286,0.0,1.1829685158368837,0.0,0.0,0.0,0.5714285714285714,2.8143331326463283e-14,14.999999999999996,14.999999999999996
P10,Horizontal,Front,1D,DT500,0,7,100,40,1.8073549209101785,105.71428571428572,44.04247529900794,1.7656536767644826,5064.714285714285,513.7142857142857,5578.857142857143,0.0,0.3164902114450317,1.0,0.0,0.0,2.7142857142857144,1.7255406138121868e-14,15.0,15.0
P10,Horizontal,Front,1D,DT500,0,7,500,60,3.222392419290665,504.57142857142856,96.83299115456336,2.634764903790037,8904.142857142857,527.2857142857143,9431.857142857143,28.57142857142857,0.2793474141818799,0.5714285714285714,0.0,0.0,2.4285714285714284,6.603910749814662e-14,15.0,15.0
P10,Horizontal,Front,1D,DT500,0,7,100,60,1.4150374983804868,98.57142857142856,53.67249771479288,1.5041297402027574,1214.0,524.4285714285714,1739.142857142857,0.0,0.8648684229849928,0.0,0.0,0.0,0.5714285714285714,1.3177209737865851e-14,15.0,15.0
P10,Vertical,Left,1D,DT500,0,7,250,60,2.3692338081615767,229.28571428571428,20.624259867109192,3.5989942275693405,3142.714285714286,534.1428571428571,3677.285714285714,0.0,0.9787094360353282,0.0,0.0,0.0,0.5714285714285714,1.983111046451196e-14,1.9999999999999976,1.9999999999999976
P10,Vertical,Left,1D,DT500,0,7,100,40,1.8073549209101785,104.0,46.23173671413732,1.7002341516560102,1585.428571428571,517.0,2102.714285714286,0.0,0.8085901937354488,0.0,0.0,0.0,0.7142857142857143,1.3873531522523232e-14,9.0,9.0
P10,Vertical,Left,1D,DT500,0,7,500,60,3.222392419290665,508.7142857142857,28.774078013720093,4.223391911941996,5851.0,525.5714285714286,6377.0,0.0,0.6622850732228315,0.0,0.0,0.0,0.1428571428571428,4.4405855663474814e-14,8.999999999999995,8.999999999999995
P10,Vertical,Left,1D,DT500,0,7,250,40,2.857980993313141,251.1428571428572,40.05816677965062,2.861847122204659,3069.714285714286,525.4285714285714,3595.285714285714,0.0,0.7959999147865304,0.0,0.0,0.0,0.2857142857142857,2.392500437323376e-14,8.999999999999991,8.999999999999991
P10,Vertical,Left,1D,DT500,0,7,500,40,3.754887499779624,495.7142857142857,34.28162905368494,3.9504736641854894,5471.571428571428,515.4285714285714,5987.571428571428,0.0,0.6597789623577037,0.1428571428571428,0.0,0.0,0.7142857142857143,4.363059386958687e-14,8.999999999999988,8.999999999999988
P10,Vertical,Left,1D,DT500,0,7,100,60,1.4150374983804868,98.14285714285714,39.54733018407641,1.799773538782353,1370.571428571429,517.5714285714286,1888.857142857143,0.0,0.9528372993099736,0.0,0.0,0.0,0.4285714285714285,1.1875961371761331e-14,9.000000000000004,9.000000000000004
P3,Horizontal,Rear,1D,DT500,0,7,100,60,1.4150374983804868,103.14285714285714,54.96762045609142,1.524279042120773,1440.857142857143,512.8571428571429,1954.0,0.0,0.7800813931017262,0.0,0.0,0.0,0.0,1.0056513533712744e-14,9.000000000000004,-9.000000000000004
P3,Horizontal,Rear,1D,DT500,0,7,250,60,2.3692338081615767,258.7142857142857,59.0685314763388,2.427579467238372,3494.714285714286,513.0,4008.285714285714,14.285714285714285,0.6056403261340297,0.0,0.0,0.0,0.0,1.888548286105537e-14,2.000000000000003,-2.000000000000003
P3,Horizontal,Rear,1D,DT500,0,7,500,40,3.754887499779624,510.7142857142857,18.63551783650797,4.828094578585128,5401.142857142857,508.0,5909.714285714285,0.0,0.8169759729765979,0.1428571428571428,0.0,0.0,0.2857142857142857,3.719092231517917e-14,2.0000000000000093,-2.0000000000000093
P3,Horizontal,Rear,1D,DT500,0,7,250,40,2.857980993313141,246.0,41.85529210955341,2.7818617828833387,4425.714285714285,511.4285714285714,4937.714285714285,0.0,0.5633905936865922,0.1428571428571428,0.0,0.0,0.4285714285714285,1.9338826790739328e-14,2.0000000000000044,-2.0000000000000044
P3,Horizontal,Rear,1D,DT500,0,7,500,60,3.222392419290665,512.8571428571429,36.37653296323552,3.916340131584812,6009.142857142857,510.7142857142857,6520.571428571428,0.0,0.6006130251751312,0.0,0.0,0.0,0.0,3.746686809033893e-14,2.0000000000000093,-2.0000000000000093
P3,Horizontal,Rear,1D,DT500,0,7,100,40,1.8073549209101785,101.14285714285712,38.65290202389345,1.8546719551859872,1547.2857142857142,510.2857142857143,2057.8571428571427,0.0,0.9012637060952384,0.0,0.0,0.0,0.1428571428571428,8.054420973375481e-15,2.0000000000000004,-2.0000000000000004
P3,Horizontal,Center,1D,DT500,0,7,500,40,3.754887499779624,509.1428571428572,51.269986584601504,3.4503035927710104,8540.142857142857,512.4285714285714,9053.0,0.0,0.3811226767669292,0.4285714285714285,0.0,0.0,1.0,7.88264211102856e-14,28.0,28.0
P3,Horizontal,Center,1D,DT500,0,7,500,60,3.222392419290665,513.4285714285714,66.80285257455921,3.118646814517624,5321.857142857143,511.1428571428572,5833.857142857143,0.0,0.5345771653555199,0.1428571428571428,0.0,0.0,0.5714285714285714,7.159796967487368e-14,35.0,35.0
P3,Horizontal,Center,1D,DT500,0,7,100,60,1.4150374983804868,110.85714285714286,72.84244319104056,1.334497157282087,4550.142857142857,514.1428571428571,5065.0,14.285714285714285,0.2634742659984377,0.2857142857142857,0.0,0.0,1.2857142857142858,1.6005744631654627e-14,35.0,35.0
P3,Horizontal,Center,1D,DT500,0,7,250,40,2.857980993313141,248.7142857142857,37.5319795993634,2.931064577134317,2925.714285714286,515.1428571428571,3441.0,0.0,0.8518060381093627,0.2857142857142857,0.0,0.0,1.4285714285714286,3.8679438930257684e-14,35.0,35.0
P3,Horizontal,Center,1D,DT500,0,7,100,40,1.8073549209101785,106.85714285714286,35.82457337343428,1.993779044066449,2631.1428571428573,513.7142857142857,3145.285714285714,0.0,0.6338944137923035,0.1428571428571428,0.0,0.0,0.7142857142857143,1.5831475797925558e-14,35.0,35.0
P3,Horizontal,Center,1D,DT500,0,7,250,60,2.3692338081615767,255.7142857142857,87.25932439624216,1.974716363319416,4280.0,517.5714285714286,4798.142857142857,14.285714285714285,0.4115584762924915,0.1428571428571428,0.0,0.0,0.8571428571428571,3.5087271701985204e-14,35.0,35.0
P3,Horizontal,Front,1D,DT500,0,7,250,40,2.857980993313141,243.28571428571428,51.775121803230775,2.5106814930275068,3947.714285714286,515.2857142857143,4463.571428571428,0.0,0.5624826516624276,0.1428571428571428,0.0,0.0,1.0,2.5158557806352423e-14,6.000000000000019,-6.000000000000019
P3,Horizontal,Front,1D,DT500,0,7,100,40,1.8073549209101785,102.71428571428572,68.38509429446641,1.3230807269513989,3991.571428571429,518.1428571428571,4510.0,0.0,0.2933660148450995,0.7142857142857143,0.0,0.0,1.7142857142857142,1.0955607405521686e-14,0.9999999999999948,0.9999999999999948
P3,Horizontal,Front,1D,DT500,0,7,500,60,3.222392419290665,499.0,81.76921940404259,2.828335218062362,5666.714285714285,516.7142857142857,6184.0,0.0,0.4573633923128011,0.0,0.0,0.0,1.1428571428571428,4.092274497896329e-14,0.9999999999999866,0.9999999999999866
P3,Horizontal,Front,1D,DT500,0,7,500,40,3.754887499779624,507.0,30.40939361542,4.143432583022919,5472.857142857143,514.7142857142857,5988.142857142857,0.0,0.6919395014232992,0.2857142857142857,0.0,0.0,1.2857142857142858,3.990675965191188e-14,0.999999999999985,0.999999999999985
P3,Horizontal,Front,1D,DT500,0,7,250,60,2.3692338081615767,261.7142857142857,72.1919510720243,2.2095331390997144,2775.0,511.1428571428572,3286.428571428572,14.285714285714285,0.6723204509323191,0.1428571428571428,0.0,0.0,0.8571428571428571,2.0821221766034525e-14,0.9999999999999958,0.9999999999999958
P3,Horizontal,Front,1D,DT500,0,7,100,60,1.4150374983804868,108.0,69.80932360926792,1.3488393362453577,1149.142857142857,514.8571428571429,1664.7142857142858,0.0,0.8102527549744704,0.0,0.0,0.0,0.8571428571428571,9.340569353443655e-15,0.999999999999996,0.999999999999996
P3,Joystick,Center,2D,DT500,0,7,250,40,2.857980993313141,256.4930806478969,28.96542484225892,3.300877316657157,5246.0,500.2857142857143,5746.714285714285,0.0,0.5743938453426829,0.0,1.5714285714285714,1.4285714285714286,0.4285714285714285,17.039141650296617,23.126211802630785,8.471631520490117
P3,Joystick,Center,2D,DT500,0,7,250,60,2.3692338081615767,246.4021464079433,64.23823478875022,2.273741226795602,4789.428571428572,500.0,5289.857142857143,0.0,0.4298303650535853,0.0,1.4285714285714286,2.0,0.7142857142857143,18.56252761356524,27.976235291386413,18.36003101851083
P3,Joystick,Center,2D,DT500,0,7,100,40,1.8073549209101785,101.72754879618272,37.80691235798846,1.8838995344568896,3356.0,500.0,3856.285714285714,0.0,0.488526959368683,0.4285714285714285,1.1428571428571428,1.8571428571428568,1.1428571428571428,11.565908545574198,21.02054041190265,-3.0454767661441244
P3,Joystick,Center,2D,DT500,0,7,500,40,3.754887499779624,486.211246811784,26.50408291116065,4.273871504189732,8949.285714285714,501.57142857142856,9451.285714285714,0.0,0.4522000110238686,0.1428571428571428,1.0,2.857142857142857,1.0,23.59632553193426,27.9247635856807,2.1568826650605053
P3,Joystick,Center,2D,DT500,0,7,500,60,3.222392419290665,492.3799770541262,42.11824716586904,3.665667850397108,7197.285714285715,500.0,7697.714285714285,0.0,0.4762021184911988,0.0,1.2857142857142858,3.7142857142857135,0.5714285714285714,25.521044004439545,44.896483140012535,3.449674749214037
P3,Joystick,Center,2D,DT500,0,7,100,60,1.4150374983804868,106.87117923128667,58.95656442882294,1.49196103292184,5385.714285714285,500.0,5886.0,0.0,0.2534762203401019,0.1428571428571428,1.8571428571428568,2.142857142857143,0.8571428571428571,21.416267987642584,30.22368363885204,3.5981605975230857
P3,Joystick,Front,2D,DT500,0,7,250,60,2.3692338081615767,248.9919457465159,49.71319566759185,2.5870213175646786,6369.0,500.0,6869.142857142857,0.0,0.376614866129123,0.1428571428571428,1.4285714285714286,2.0,1.2857142857142858,24.81341360230569,27.73713135429542,0.9238278500673902
P3,Joystick,Front,2D,DT500,0,7,500,40,3.754887499779624,487.4167250004933,62.58488134181837,3.135549738344616,10491.142857142857,500.1428571428572,10991.57142857143,0.0,0.2852685586152026,0.1428571428571428,1.0,2.857142857142857,1.7142857142857142,39.58002329799208,57.07253215367804,-16.075339757080194
P3,Joystick,Front,2D,DT500,0,7,500,60,3.222392419290665,501.0664253703764,49.76532854982067,3.46839885371419,8205.285714285714,500.0,8705.285714285714,0.0,0.3984244707812878,0.0,2.142857142857143,3.857142857142857,1.1428571428571428,25.077564591593053,30.1021417718888,-1.6035763871880062
P3,Joystick,Front,2D,DT500,0,7,100,40,1.8073549209101785,88.29213132513344,45.28247878918658,1.560620965741763,8477.857142857143,500.0,8978.285714285714,0.0,0.1738217088879891,0.5714285714285714,2.142857142857143,3.571428571428572,3.571428571428572,31.866206232870407,28.78222081136256,1.6497287901744409
P3,Joystick,Front,2D,DT500,0,7,250,40,2.857980993313141,241.6829044212964,40.02845069586132,2.815120032415341,12307.57142857143,500.57142857142856,12808.285714285714,0.0,0.2197889784169554,0.7142857142857143,2.4285714285714284,4.571428571428571,3.857142857142857,31.732357429110216,32.196933519114914,5.189549646692862
P3,Joystick,Front,2D,DT500,0,7,100,60,1.4150374983804868,111.72294783469684,51.67009568726265,1.6609451002371969,4860.857142857143,502.8571428571428,5363.857142857143,0.0,0.3096549844637488,0.5714285714285714,1.7142857142857142,3.571428571428572,2.857142857142857,24.617680646986408,29.12823162693456,2.8275572700830094
P3,Vertical,Right,1D,DT500,0,7,100,40,1.8073549209101785,105.0,42.84432522231384,1.7869028321802358,1030.7142857142858,508.0,1539.142857142857,0.0,1.1609726958661268,0.0,0.0,0.0,0.8571428571428571,8.989337624161179e-15,1.000000000000001,-1.000000000000001
P3,Vertical,Right,1D,DT500,0,7,250,40,2.857980993313141,239.8571428571429,49.41204994248565,2.5494778678678096,3799.857142857143,518.5714285714286,4318.857142857143,0.0,0.5903130813401252,0.4285714285714285,0.0,0.0,1.7142857142857142,2.76690301088092e-14,6.000000000000002,6.000000000000002
P3,Vertical,Right,1D,DT500,0,7,100,60,1.4150374983804868,100.0,73.59776777129566,1.2380144810871878,2248.1428571428573,511.57142857142856,2760.285714285714,0.0,0.4485095418492038,0.1428571428571428,0.0,0.0,1.1428571428571428,1.235730376307352e-14,5.999999999999999,5.999999999999999
P3,Vertical,Right,1D,DT500,0,7,500,40,3.754887499779624,501.7142857142857,61.793860207471546,3.1889010584897326,5925.714285714285,514.2857142857143,6440.428571428572,0.0,0.4951380211926475,0.2857142857142857,0.0,0.0,1.4285714285714286,4.144696705302606e-14,5.999999999999981,5.999999999999981
P3,Vertical,Right,1D,DT500,0,7,250,60,2.3692338081615767,261.7142857142857,51.50738553858068,2.6043328146146423,3419.8571428571427,514.7142857142857,3935.428571428572,14.285714285714285,0.6617659976151624,0.0,0.0,0.0,1.2857142857142858,2.4085277863383083e-14,5.999999999999995,5.999999999999995
P3,Vertical,Right,1D,DT500,0,7,500,60,3.222392419290665,478.4285714285714,42.24213297671413,3.623616644139927,4751.285714285715,510.2857142857143,5261.857142857143,0.0,0.6886573591339149,0.0,0.0,0.0,1.0,4.1167250789122415e-14,5.999999999999988,5.999999999999988
P3,Vertical,Left,1D,DT500,0,7,250,40,2.857980993313141,237.0,34.57691124295845,2.973479924922541,3224.428571428572,512.5714285714286,3737.571428571429,0.0,0.7955647087282723,0.1428571428571428,0.0,0.0,0.8571428571428571,3.9611975269584725e-14,12.0,12.0
P3,Vertical,Left,1D,DT500,0,7,100,40,1.8073549209101785,98.85714285714286,50.82387505100659,1.5583129912607572,1523.0,506.4285714285714,2030.0,0.0,0.7676418676161366,0.1428571428571428,0.0,0.0,0.8571428571428571,1.443837946269573e-14,19.0,19.0
P3,Vertical,Left,1D,DT500,0,7,100,60,1.4150374983804868,89.57142857142858,38.13390541017171,1.7436725889460636,851.7142857142857,513.0,1365.142857142857,0.0,1.2772821392447096,0.0,0.0,0.0,0.5714285714285714,1.4307483439836138e-14,19.0,19.0
P3,Vertical,Left,1D,DT500,0,7,500,40,3.754887499779624,492.57142857142856,40.55254392492634,3.716606728605252,5927.857142857143,512.5714285714286,6440.857142857143,0.0,0.5770360444536389,0.2857142857142857,0.0,0.0,1.2857142857142858,7.31610341830032e-14,19.0,19.0
P3,Vertical,Left,1D,DT500,0,7,250,60,2.3692338081615767,248.0,58.88235808966842,2.3817783557385788,2978.714285714286,517.5714285714286,3496.428571428572,0.0,0.6812032069528111,0.0,0.0,0.0,1.1428571428571428,3.708585255753242e-14,19.0,19.0
P3,Vertical,Left,1D,DT500,0,7,500,60,3.222392419290665,487.7142857142857,64.17625588290521,3.104270629906645,5281.714285714285,512.2857142857143,5794.142857142857,0.0,0.5357601126592499,0.1428571428571428,0.0,0.0,1.0,7.465890467072405e-14,19.0,19.0
P3,Joystick,Rear,2D,DT500,0,7,250,40,2.857980993313141,243.2481654679357,44.18393116323926,2.7016274802819424,8014.857142857143,500.0,8515.285714285714,0.0,0.3172679779551663,0.4285714285714285,1.4285714285714286,2.142857142857143,1.7142857142857142,24.62944430166249,33.89020493046923,19.653763471632168
P3,Joystick,Rear,2D,DT500,0,7,100,60,1.4150374983804868,111.91521092850697,54.497339587213794,1.610506533605935,2691.5714285714284,500.1428571428572,3192.0,0.0,0.504544653385318,0.0,1.0,0.8571428571428571,0.2857142857142857,11.329035128124673,12.687620239028496,-8.382092670292973
P3,Joystick,Rear,2D,DT500,0,7,100,40,1.8073549209101785,106.54906487337205,32.310395476174946,2.1035551541968007,6035.285714285715,500.0,6535.714285714285,0.0,0.3218554334290187,0.8571428571428571,1.8571428571428568,2.2857142857142856,2.2857142857142856,17.8818683599094,16.51881865651423,0.4352320716838574
P3,Joystick,Rear,2D,DT500,0,7,500,40,3.754887499779624,500.37786102183,29.803754105553462,4.152920670431863,10142.0,500.0,10642.57142857143,0.0,0.390217786961033,0.2857142857142857,2.0,3.7142857142857135,1.8571428571428568,26.02692930549164,32.87330976914348,18.577110187061383
P3,Joystick,Rear,2D,DT500,0,7,500,60,3.222392419290665,486.0110649991438,67.58497184029582,3.0340592225678544,8323.42857142857,500.0,8823.714285714286,0.0,0.3438528406886471,0.2857142857142857,1.7142857142857142,2.571428571428572,0.8571428571428571,20.57095746443888,26.79999042933118,6.725626381467393
P3,Joystick,Rear,2D,DT500,0,7,250,60,2.3692338081615767,249.5536122284786,72.76060951998885,2.147238312021079,9632.42857142857,500.0,10132.857142857143,0.0,0.211908475738722,0.0,1.2857142857142858,3.0,1.8571428571428568,23.695147700450665,36.576434318481006,-14.34176042417772
P3,Vertical,Center,1D,DT500,0,7,250,60,2.3692338081615767,266.42857142857144,28.101994387323995,3.389672933107563,3022.428571428572,514.8571428571429,3538.0,0.0,0.9580760127494524,0.0,0.0,0.0,0.1428571428571428,3.406352196659463e-14,20.0,-20.0
P3,Vertical,Center,1D,DT500,0,7,500,60,3.222392419290665,508.7142857142857,38.65290202389341,3.823860312098661,5362.285714285715,513.0,5875.857142857143,0.0,0.6507748944759579,0.0,0.0,0.0,0.5714285714285714,6.977490260359551e-14,13.000000000000002,-13.000000000000002
P3,Vertical,Center,1D,DT500,0,7,100,60,1.4150374983804868,110.57142857142856,50.99959854416329,1.6636107207247393,2858.285714285714,515.8571428571429,3374.8571428571427,0.0,0.492942560323111,0.1428571428571428,0.0,0.0,1.1428571428571428,1.2822407791122482e-14,13.0,-13.0
P3,Vertical,Center,1D,DT500,0,7,500,40,3.754887499779624,492.4285714285714,35.34460525313456,3.900356092800867,4942.571428571428,520.8571428571429,5464.0,0.0,0.713827981844961,0.0,0.0,0.0,0.7142857142857143,7.31130364275784e-14,13.0,-13.0
P3,Vertical,Center,1D,DT500,0,7,100,40,1.8073549209101785,104.71428571428572,38.251027830173015,1.9020947398501853,1317.428571428571,514.8571428571429,1832.571428571429,0.0,1.0379375724159103,0.1428571428571428,0.0,0.0,0.7142857142857143,1.593466047150201e-14,13.0,-13.0
P3,Vertical,Center,1D,DT500,0,7,250,40,2.857980993313141,239.00000000000003,41.90384251690815,2.7449219096678217,3479.5714285714284,515.1428571428571,3995.0,14.285714285714285,0.6870893390908189,0.2857142857142857,0.0,0.0,2.0,4.018166834109936e-14,13.0,-13.0
P7,Horizontal,Rear,1D,DT500,0,7,500,40,3.754887499779624,514.7142857142857,28.6324027166436,4.246152371116499,5316.714285714285,520.5714285714286,5837.714285714285,0.0,0.7273655686622821,0.0,0.0,0.0,0.0,7.18430645876831e-14,21.0,-21.0
P7,Horizontal,Rear,1D,DT500,0,7,100,40,1.8073549209101785,122.28571428571428,17.76410741381656,2.978903039728664,2413.5714285714284,528.8571428571429,2943.1428571428573,0.0,1.0121503387098651,0.0,0.0,0.0,0.1428571428571428,1.5097347666674594e-14,14.0,-14.0
P7,Horizontal,Rear,1D,DT500,0,7,100,60,1.4150374983804868,117.14285714285714,34.69432044751727,2.129753664749749,1944.7142857142856,516.7142857142857,2462.1428571428573,0.0,0.8650000379024222,0.0,0.0,0.0,0.0,1.3528432254725971e-14,14.000000000000002,-14.000000000000002
P7,Horizontal,Rear,1D,DT500,0,7,250,60,2.3692338081615767,241.7142857142857,26.431639944872977,3.342680485846148,2778.285714285714,520.1428571428571,3298.8571428571427,0.0,1.0132844015643097,0.0,0.0,0.0,0.0,2.079095838520825e-14,14.000000000000002,-14.000000000000002
P7,Horizontal,Rear,1D,DT500,0,7,250,40,2.857980993313141,246.42857142857144,29.97841495777364,3.2047980681990555,2840.1428571428573,519.0,3359.714285714286,0.0,0.953890061969274,0.0,0.0,0.0,0.0,2.1948899006993646e-14,14.000000000000002,-14.000000000000002
P7,Horizontal,Rear,1D,DT500,0,7,500,60,3.222392419290665,489.1428571428572,48.865860783600446,3.460730737898279,5011.285714285715,524.7142857142857,5536.285714285715,0.0,0.62509973590566,0.0,0.0,0.0,0.0,4.012478711674382e-14,14.00000000000001,-14.00000000000001
P7,Joystick,Front,2D,DT500,0,7,500,60,3.222392419290665,499.342550246739,40.21467092448791,3.745982146603732,5431.142857142857,500.0,5931.714285714285,0.0,0.6315176298402323,0.0,1.1428571428571428,1.8571428571428568,0.0,11.347122690144536,13.394084067857728,-0.2067182146421322
P7,Joystick,Front,2D,DT500,0,7,250,60,2.3692338081615767,252.0535902587173,57.48636052704013,2.4288340199618617,3550.5714285714284,500.2857142857143,4051.571428571429,0.0,0.5994795014186042,0.0,0.7142857142857143,1.4285714285714286,0.1428571428571428,13.22286431468151,19.60852656831084,1.4611169083851303
P7,Joystick,Front,2D,DT500,0,7,500,40,3.754887499779624,494.66619128142,29.372550613383087,4.15713301571978,6073.0,500.0,6573.285714285715,0.0,0.6324284682598061,0.0,0.7142857142857143,2.2857142857142856,0.2857142857142857,18.61512094285404,26.46656842044941,0.3541572061961051
P7,Joystick,Front,2D,DT500,0,7,100,40,1.8073549209101785,102.10356269521591,32.65370806249668,2.045044379087042,3594.1428571428573,500.1428571428572,4094.571428571429,0.0,0.499452608108621,0.4285714285714285,1.2857142857142858,2.142857142857143,1.0,10.609596532943485,10.864186231381106,-1.6785697996547024
P7,Joystick,Front,2D,DT500,0,7,100,60,1.4150374983804868,100.11347451357474,44.50400222905225,1.7002349205768157,2914.0,500.57142857142856,3415.1428571428573,0.0,0.497851771272388,0.0,1.0,1.4285714285714286,0.5714285714285714,14.67454443736993,19.31209389651382,0.3120912115396156
P7,Joystick,Front,2D,DT500,0,7,250,40,2.857980993313141,248.19808867315604,21.79286778847366,3.630983119085248,4300.285714285715,500.0,4800.857142857143,0.0,0.7563197593762049,0.1428571428571428,1.2857142857142858,2.4285714285714284,0.7142857142857143,12.911460104735932,15.255542528399774,-4.567909930612762
P7,Vertical,Center,1D,DT500,0,7,250,40,2.857980993313141,259.85714285714283,40.54251485492635,2.889375679988061,4045.428571428572,518.8571428571429,4564.857142857143,0.0,0.6329608111634358,0.0,0.0,0.0,0.0,3.4621873322031764e-14,24.0,24.0
P7,Vertical,Center,1D,DT500,0,7,250,60,2.3692338081615767,253.8571428571429,59.35697387552618,2.399659787852624,3305.428571428572,524.0,3829.857142857143,0.0,0.6265663961717473,0.0,0.0,0.0,0.0,3.4066550014843885e-14,31.0,31.0
P7,Vertical,Center,1D,DT500,0,7,500,40,3.754887499779624,512.5714285714286,25.587359321212304,4.3945287406057965,5451.428571428572,519.7142857142857,5971.714285714285,0.0,0.7358906555724745,0.0,0.0,0.0,0.0,7.159369864235126e-14,31.0,31.0
P7,Vertical,Center,1D,DT500,0,7,100,60,1.4150374983804868,118.42857142857144,49.93598294689776,1.7534367652831446,2084.5714285714284,521.2857142857143,2606.428571428572,0.0,0.6727353991220615,0.0,0.0,0.0,0.0,1.5209916117767872e-14,31.0,31.0
P7,Vertical,Center,1D,DT500,0,7,100,40,1.8073549209101785,109.14285714285714,55.38036247434475,1.5708448073310142,2249.428571428572,515.5714285714286,2765.5714285714284,0.0,0.5680000852997107,0.1428571428571428,0.0,0.0,0.1428571428571428,1.4143059858968635e-14,31.0,31.0
P7,Vertical,Center,1D,DT500,0,7,500,60,3.222392419290665,494.7142857142857,23.308576922113303,4.474082938768476,5448.714285714285,515.7142857142857,5964.857142857143,0.0,0.7500737790721685,0.0,0.0,0.0,0.0,6.959783302710028e-14,31.0,31.0
P7,Joystick,Center,2D,DT500,0,7,500,60,3.222392419290665,489.768063455222,29.26212392578504,4.148712053979319,6323.714285714285,501.57142857142856,6825.857142857143,0.0,0.6077935660169362,0.0,0.5714285714285714,2.142857142857143,0.1428571428571428,15.731628710110009,27.81208644783686,17.21342239237927
P7,Joystick,Center,2D,DT500,0,7,100,40,1.8073549209101785,98.5761105749996,25.731734343490345,2.272296740082359,4747.571428571428,502.7142857142857,5250.857142857143,0.0,0.4327477739845606,0.7142857142857143,1.2857142857142858,2.142857142857143,1.2857142857142858,13.099563531827458,16.49781476337672,4.918162526676703
P7,Joystick,Center,2D,DT500,0,7,250,60,2.3692338081615767,239.0351480147464,34.117243844755166,3.001133045524379,3767.285714285714,500.0,4267.714285714285,0.0,0.7032178924372584,0.0,0.7142857142857143,2.0,0.4285714285714285,8.8819197805767,15.051245324105198,3.722151851480082
P7,Joystick,Center,2D,DT500,0,7,500,40,3.754887499779624,500.5808337001688,30.645824188910176,4.115565132593528,5806.142857142857,500.0,6306.571428571428,0.0,0.6525836073065442,0.0,0.7142857142857143,2.857142857142857,0.1428571428571428,11.549734133282245,18.01830618403529,8.194051203385822
P7,Joystick,Center,2D,DT500,0,7,250,40,2.857980993313141,239.79522750701,32.13836617762441,3.080885892190179,4264.714285714285,500.0,4765.285714285715,0.0,0.6465270031876743,0.0,1.4285714285714286,1.5714285714285714,0.2857142857142857,12.491733115052211,14.707219347529572,-1.1333925806048042
P7,Joystick,Center,2D,DT500,0,7,100,60,1.4150374983804868,108.9221871511278,47.91979382512302,1.7106181617467988,4138.142857142857,500.57142857142856,4639.0,0.0,0.3687471786477255,0.2857142857142857,0.4285714285714285,1.4285714285714286,0.8571428571428571,8.343514892901908,20.557218675200783,-6.386059687341478
P7,Joystick,Rear,2D,DT500,0,7,500,40,3.754887499779624,502.9784663562217,32.20068777991677,4.054858511265554,6331.0,500.2857142857143,6832.0,0.0,0.5935097352554968,0.1428571428571428,1.0,1.7142857142857142,0.2857142857142857,12.30106414755856,19.21051250985463,-9.564181368447342
P7,Joystick,Rear,2D,DT500,0,7,500,60,3.222392419290665,496.921716177962,48.599530429877696,3.48862110493121,6257.714285714285,500.0,6758.285714285715,0.0,0.5161991150443576,0.0,0.5714285714285714,2.0,0.0,11.231171226470908,17.937494764321183,9.800991851433997
P7,Joystick,Rear,2D,DT500,0,7,100,40,1.8073549209101785,106.06336620867292,24.554631709529023,2.411286609623289,4810.0,500.1428571428572,5310.857142857143,0.0,0.4540296499721062,0.2857142857142857,1.2857142857142858,2.0,1.1428571428571428,12.940538969185356,17.604480434425614,-4.718962041860107
P7,Joystick,Rear,2D,DT500,0,7,250,60,2.3692338081615767,239.96849289638976,50.03079791932031,2.5351610040298387,4870.142857142857,500.0,5370.428571428572,0.0,0.4720593469052448,0.1428571428571428,1.4285714285714286,1.5714285714285714,0.7142857142857143,10.03785153996276,11.273549314752724,5.837832501717621
P7,Joystick,Rear,2D,DT500,0,7,250,40,2.857980993313141,243.1212058524845,23.156849607938973,3.523422636458013,4372.0,500.2857142857143,4872.857142857143,0.0,0.7230711948169478,0.0,0.5714285714285714,2.0,0.4285714285714285,11.127012324041305,19.01010516275539,-2.229820648119766
P7,Joystick,Rear,2D,DT500,0,7,100,60,1.4150374983804868,101.47327421170289,40.2328906395049,1.816455221067973,2759.8571428571427,500.0,3260.5714285714284,0.0,0.5570972023955403,0.0,0.5714285714285714,0.8571428571428571,0.0,7.1254909579257175,9.84881158959207,-2.6946475694663463
P7,Horizontal,Center,1D,DT500,0,7,500,60,3.222392419290665,504.1428571428572,20.72261168800508,4.662669938408928,5086.142857142857,523.2857142857143,5609.714285714285,0.0,0.831177792830358,0.0,0.0,0.0,0.0,7.12993164404198e-14,135.0,135.0
P7,Horizontal,Center,1D,DT500,0,7,100,40,1.8073549209101785,107.57142857142858,26.01292512586988,2.3604504949666403,1888.428571428572,516.0,2404.8571428571427,0.0,0.981534600496999,0.0,0.0,0.0,0.0,1.871438584287909e-14,142.0,142.0
P7,Horizontal,Center,1D,DT500,0,7,100,60,1.4150374983804868,94.7142857142857,34.19849316017225,1.91439061694875,2038.0,522.4285714285714,2560.8571428571427,0.0,0.7475585361285982,0.0,0.0,0.0,0.0,1.8679952370028443e-14,142.0,142.0
P7,Horizontal,Center,1D,DT500,0,7,250,60,2.3692338081615767,253.57142857142856,41.66052468648064,2.8250959580371133,3026.5714285714284,523.7142857142857,3550.428571428572,0.0,0.7957056172799981,0.0,0.0,0.0,0.0,3.72417040936025e-14,142.0,142.0
P7,Horizontal,Center,1D,DT500,0,7,500,40,3.754887499779624,506.57142857142856,42.7968417485403,3.6821973452118986,5510.142857142857,527.2857142857143,6037.857142857143,0.0,0.6098516838160012,0.1428571428571428,0.0,0.0,0.1428571428571428,7.306462033732266e-14,142.0,142.0
P7,Horizontal,Center,1D,DT500,0,7,250,40,2.857980993313141,259.57142857142856,29.32007125442989,3.300567238753313,2868.428571428572,527.7142857142857,3396.5714285714284,0.0,0.971734971032688,0.0,0.0,0.0,0.0,3.7554232394780256e-14,142.0,142.0
P7,Vertical,Left,1D,DT500,0,7,500,60,3.222392419290665,491.0,75.88294136236591,2.9012033479402954,5323.0,517.5714285714286,5841.571428571428,0.0,0.4966477571001459,0.0,0.0,0.0,0.2857142857142857,7.079996802147902e-14,24.0,24.0
P7,Vertical,Left,1D,DT500,0,7,250,60,2.3692338081615767,252.57142857142856,47.95868100601879,2.6476456511697988,3107.428571428572,520.1428571428571,3628.285714285714,0.0,0.7297235828879672,0.0,0.0,0.0,0.0,3.4651113127316746e-14,31.0,31.0
P7,Vertical,Left,1D,DT500,0,7,500,40,3.754887499779624,500.7142857142857,30.62260845186267,4.116957806547899,5246.285714285715,515.8571428571429,5762.714285714285,0.0,0.7144129662568556,0.0,0.0,0.0,0.0,7.014825867444122e-14,31.0,31.0
P7,Vertical,Left,1D,DT500,0,7,100,40,1.8073549209101785,106.0,30.688934300524075,2.155105999463682,1772.7142857142858,522.2857142857143,2295.285714285714,0.0,0.9389271174609928,0.0,0.0,0.0,0.0,1.4266913197330522e-14,31.0,31.0
P7,Vertical,Left,1D,DT500,0,7,250,40,2.857980993313141,258.71428571428567,17.83265084817984,3.954931275607935,3191.0,520.7142857142857,3712.142857142857,0.0,1.0654038456515509,0.0,0.0,0.0,0.0,3.5747748100336e-14,31.0,31.0
P7,Vertical,Left,1D,DT500,0,7,100,60,1.4150374983804868,106.0,46.964788441795925,1.703548174942653,1805.857142857143,517.4285714285714,2323.714285714286,0.0,0.7331143012786532,0.0,0.0,0.0,0.0,1.3286099887803378e-14,31.0,31.0
P7,Horizontal,Front,1D,DT500,0,7,100,60,1.4150374983804868,107.0,77.46345318993714,1.251747289117216,1241.428571428571,523.7142857142857,1765.428571428571,14.285714285714285,0.7090330978977596,0.0,0.0,0.0,0.1428571428571428,9.168053673568126e-15,3.999999999999997,3.999999999999997
P7,Horizontal,Front,1D,DT500,0,7,500,40,3.754887499779624,510.7142857142857,27.708532476006432,4.280337340835391,5957.142857142857,523.0,6480.428571428572,0.0,0.6605022019233238,0.2857142857142857,0.0,0.0,0.4285714285714285,3.896820998028024e-14,10.99999999999999,10.99999999999999
P7,Horizontal,Front,1D,DT500,0,7,250,40,2.857980993313141,265.0,24.316145487770964,3.572660372907769,3343.714285714286,529.4285714285714,3873.428571428572,0.0,0.9223509113503866,0.4285714285714285,0.0,0.0,0.4285714285714285,2.086164385298001e-14,10.999999999999996,10.999999999999996
P7,Horizontal,Front,1D,DT500,0,7,100,40,1.8073549209101785,107.14285714285714,28.632402716643675,2.2454999772813014,1514.571428571429,527.0,2041.857142857143,0.0,1.0997341244643608,0.0,0.0,0.0,0.0,1.0194412182304362e-14,11.0,11.0
P7,Horizontal,Front,1D,DT500,0,7,250,60,2.3692338081615767,247.0,34.65913944764837,3.0226425445109943,2468.8571428571427,526.2857142857143,2995.285714285714,0.0,1.0091332957302883,0.0,0.0,0.0,0.0,2.0093579901836344e-14,10.999999999999996,10.999999999999996
P7,Horizontal,Front,1D,DT500,0,7,500,60,3.222392419290665,489.8571428571428,60.898970241573856,3.1769238626427474,4673.428571428572,528.5714285714286,5202.857142857143,0.0,0.6106113958950915,0.0,0.0,0.0,0.0,3.9457962042097446e-14,10.999999999999991,10.999999999999991
P7,Vertical,Right,1D,DT500,0,7,100,40,1.8073549209101785,106.71428571428572,35.36760857822061,2.006222142286442,3381.5714285714284,514.5714285714286,3896.857142857143,0.0,0.5148308158957803,0.4285714285714285,0.0,0.0,0.4285714285714285,1.4941864367182262e-14,15.0,15.0
P7,Vertical,Right,1D,DT500,0,7,250,60,2.3692338081615767,239.0,32.36573390566837,3.067699434225376,3269.1428571428573,519.8571428571429,3789.714285714286,0.0,0.809480399561883,0.0,0.0,0.0,0.0,3.295721341366393e-14,22.0,22.0
P7,Vertical,Right,1D,DT500,0,7,500,40,3.754887499779624,497.57142857142856,36.14101108133284,3.884353862539973,5530.0,521.8571428571429,6052.285714285715,0.0,0.6417994863281833,0.0,0.0,0.0,0.0,7.129242602970644e-14,22.0,22.0
P7,Vertical,Right,1D,DT500,0,7,250,40,2.857980993313141,253.42857142857144,28.999318851969424,3.283791643252199,2912.8571428571427,520.8571428571429,3434.285714285714,0.0,0.9561789310634524,0.0,0.0,0.0,0.0,3.5265965628573474e-14,22.0,22.0
P7,Vertical,Right,1D,DT500,0,7,500,60,3.222392419290665,501.2857142857143,55.54899308067125,3.325416469015268,5861.0,527.0,6388.571428571428,0.0,0.5205258337009587,0.0,0.0,0.0,0.0,6.875529228519999e-14,22.0,22.0
P7,Vertical,Right,1D,DT500,0,7,100,60,1.4150374983804868,89.14285714285714,32.54115922257148,1.9028021255332053,1752.857142857143,521.8571428571429,2275.0,0.0,0.8363965386959145,0.0,0.0,0.0,0.0,1.2281829049646386e-14,22.0,22.0
P1,Joystick,Rear,2D,DT500,0,7,250,60,2.3692338081615767,244.97413501432325,16.39286534699824,3.994937044896124,2923.8571428571427,510.4285714285714,3434.714285714286,0.0,1.16310607304716,0.0,0.8571428571428571,1.2857142857142858,0.0,11.7903623192335,17.70481362281958,-5.009873008648079
P1,Joystick,Rear,2D,DT500,0,7,250,40,2.857980993313141,251.74543460430488,29.15825638438752,3.2680992225119763,4106.857142857143,516.4285714285714,4623.857142857143,0.0,0.7067906990942575,0.1428571428571428,0.7142857142857143,1.4285714285714286,0.4285714285714285,7.542467261256571,12.988949812933596,-1.032658851402575
P1,Joystick,Rear,2D,DT500,0,7,500,60,3.222392419290665,503.195530372488,60.82362147894929,3.21304052654987,5502.571428571428,511.8571428571428,6014.714285714285,0.0,0.5341967006115738,0.0,1.5714285714285714,2.0,0.0,15.151034179458208,15.21702158919024,1.5685403189610458
P1,Joystick,Rear,2D,DT500,0,7,100,40,1.8073549209101785,96.27949363669585,22.26419843465161,2.4126213175701854,4386.714285714285,511.2857142857143,4898.142857142857,0.0,0.4925583813979438,0.2857142857142857,0.8571428571428571,1.5714285714285714,1.4285714285714286,15.07491882129196,21.54256251732826,6.405348105192554
P1,Joystick,Rear,2D,DT500,0,7,100,60,1.4150374983804868,89.27834151154438,56.36679184466548,1.3695401317021303,2146.714285714286,511.8571428571428,2659.5714285714284,0.0,0.5149476780316332,0.0,0.4285714285714285,1.1428571428571428,0.5714285714285714,9.584931823823762,16.366201390761553,9.905767591919354
P1,Joystick,Rear,2D,DT500,0,7,500,40,3.754887499779624,482.7113432893684,35.632693310430575,3.862636523184252,6343.285714285715,508.8571428571428,6853.0,0.0,0.5636416931539839,0.0,1.4285714285714286,2.571428571428572,0.1428571428571428,15.861073607043144,17.772540771769652,7.184731646638355
P1,Vertical,Left,1D,DT500,0,7,100,40,1.8073549209101785,119.28571428571428,17.205932689098866,2.9878346577264097,2742.8571428571427,539.5714285714286,3282.8571428571427,0.0,0.9101324022665304,0.1428571428571428,0.0,0.0,0.4285714285714285,1.0549647114259838e-14,10.0,-10.0
P1,Vertical,Left,1D,DT500,0,7,500,40,3.754887499779624,515.8571428571429,29.55491185445403,4.205876761452701,5241.142857142857,543.1428571428571,5784.857142857143,0.0,0.7270493734916014,0.0,0.0,0.0,0.0,3.910218942238401e-14,3.00000000000001,-3.00000000000001
P1,Vertical,Left,1D,DT500,0,7,100,60,1.4150374983804868,116.28571428571428,33.803812946590874,2.1505654209265592,1503.7142857142858,528.7142857142857,2033.0,0.0,1.057828539560531,0.0,0.0,0.0,0.0,1.0575715726522976e-14,3.000000000000001,-3.000000000000001
P1,Vertical,Left,1D,DT500,0,7,500,60,3.222392419290665,504.7142857142857,21.34133294452165,4.623493145050962,4938.571428571428,558.5714285714286,5497.571428571428,0.0,0.841006470788575,0.0,0.0,0.0,0.0,3.850495871416437e-14,3.0000000000000093,-3.0000000000000093
P1,Vertical,Left,1D,DT500,0,7,250,40,2.857980993313141,256.1428571428572,38.62132714971391,2.932091590902806,3122.428571428572,531.5714285714286,3654.571428571429,0.0,0.8023079171417263,0.0,0.0,0.0,0.1428571428571428,2.0730946959942874e-14,3.0000000000000067,-3.0000000000000067
P1,Vertical,Left,1D,DT500,0,7,250,60,2.3692338081615767,249.0,27.502299170754423,3.32966733771623,2788.8571428571427,547.5714285714286,3336.5714285714284,0.0,0.99793078284011,0.0,0.0,0.0,0.0,1.993389627878116e-14,3.000000000000005,-3.000000000000005
P1,Vertical,Right,1D,DT500,0,7,500,40,3.754887499779624,510.0,33.73155676219455,4.010723750722894,5080.0,557.4285714285714,5638.142857142857,0.0,0.7113554679874392,0.0,0.0,0.0,0.0,5.808635729988455e-14,35.99999999999999,35.99999999999999
P1,Vertical,Right,1D,DT500,0,7,100,60,1.4150374983804868,113.42857142857144,18.23850269769826,2.851835414913702,1615.857142857143,535.2857142857143,2151.428571428572,0.0,1.325554309720844,0.0,0.0,0.0,0.0,1.6845107950447203e-14,43.0,43.0
P1,Vertical,Right,1D,DT500,0,7,250,60,2.3692338081615767,252.8571428571429,36.61053972382398,2.9830713390567007,3047.714285714286,544.2857142857143,3592.428571428572,0.0,0.8303773560821134,0.0,0.0,0.0,0.0,3.741241780456696e-14,43.0,43.0
P1,Vertical,Right,1D,DT500,0,7,250,40,2.857980993313141,261.7142857142857,26.40085176908288,3.447989078037086,2783.428571428572,522.1428571428571,3306.1428571428573,0.0,1.042903839012211,0.0,0.0,0.0,0.0,3.863193346183009e-14,43.0,43.0
P1,Vertical,Right,1D,DT500,0,7,100,40,1.8073549209101785,105.42857142857144,56.90863326644136,1.5122742390964463,2344.0,540.0,2884.1428571428573,0.0,0.5243409615966677,0.0,0.0,0.0,0.2857142857142857,1.5850621259622813e-14,43.0,43.0
P1,Vertical,Right,1D,DT500,0,7,500,60,3.222392419290665,507.7142857142857,41.31747253175473,3.732065691046201,5502.142857142857,528.8571428571429,6031.428571428572,0.0,0.6187697735036336,0.0,0.0,0.0,0.0,7.351051092600184e-14,43.0,43.0
P1,Horizontal,Rear,1D,DT500,0,7,500,60,3.222392419290665,493.5714285714285,46.869445965894506,3.5274171440017024,5497.714285714285,552.4285714285714,6051.0,0.0,0.5829478010249054,0.0,0.0,0.0,0.0,3.7286718909473284e-14,12.99999999999999,12.99999999999999
P1,Horizontal,Rear,1D,DT500,0,7,100,40,1.8073549209101785,101.57142857142856,21.92407445035816,2.4938706626719225,2964.8571428571427,543.4285714285714,3508.714285714286,0.0,0.7107648157120418,0.2857142857142857,0.0,0.0,0.2857142857142857,1.3184209458505684e-14,20.0,20.0
P1,Horizontal,Rear,1D,DT500,0,7,250,60,2.3692338081615767,246.57142857142856,34.162801559047686,3.038706786755114,3228.714285714286,561.7142857142857,3791.0,0.0,0.8015581078225044,0.0,0.0,0.0,0.0,2.2110918730534097e-14,19.99999999999999,19.99999999999999
P1,Horizontal,Rear,1D,DT500,0,7,250,40,2.857980993313141,262.85714285714283,37.70493894684849,2.99483759314025,3127.285714285714,554.1428571428571,3682.142857142857,0.0,0.8133409564299419,0.0,0.0,0.0,0.0,2.2561261509585715e-14,20.0,20.0
P1,Horizontal,Rear,1D,DT500,0,7,100,60,1.4150374983804868,102.14285714285714,51.93979886545307,1.5687921436802008,2042.0,545.0,2587.428571428572,0.0,0.6063132180742825,0.0,0.0,0.0,0.0,1.0780954831897036e-14,20.0,20.0
P1,Horizontal,Rear,1D,DT500,0,7,500,40,3.754887499779624,495.7142857142857,37.53197959936345,3.828609662658639,4833.428571428572,529.4285714285714,5363.285714285715,0.0,0.71385524967665,0.0,0.0,0.0,0.0,4.29079695816885e-14,20.0,20.0
P1,Horizontal,Front,1D,DT500,0,7,250,40,2.857980993313141,251.2857142857143,25.88756090161541,3.420457211008759,3424.5714285714284,557.0,3982.142857142857,0.0,0.858948896038074,0.0,0.0,0.0,0.0,3.740272290144338e-14,74.0,74.0
P1,Horizontal,Front,1D,DT500,0,7,500,40,3.754887499779624,496.4285714285714,11.118579910048611,5.512497411289798,4995.142857142857,550.2857142857143,5546.0,0.0,0.9939591437594298,0.0,0.0,0.0,0.0,7.386483059873953e-14,81.0,81.0
P1,Horizontal,Front,1D,DT500,0,7,250,60,2.3692338081615767,246.57142857142856,63.65454077607593,2.284984122428326,3008.1428571428573,552.8571428571429,3561.5714285714284,0.0,0.6415662772050171,0.0,0.0,0.0,0.0,3.770691058122433e-14,81.0,81.0
P1,Horizontal,Front,1D,DT500,0,7,100,40,1.8073549209101785,100.57142857142856,39.81378320680528,1.8180510969462325,1614.2857142857142,551.1428571428571,2166.0,0.0,0.8393587705199597,0.0,0.0,0.0,0.0,1.7238862618973787e-14,81.0,81.0
P1,Horizontal,Front,1D,DT500,0,7,500,60,3.222392419290665,500.4285714285714,37.72650311157776,3.834371669320024,5317.0,543.5714285714286,5861.142857142857,0.0,0.654202049459885,0.0,0.0,0.0,0.0,7.382932233321142e-14,81.0,81.0
P1,Horizontal,Front,1D,DT500,0,7,100,60,1.4150374983804868,99.57142857142856,54.29771244445411,1.5027405984134343,1815.428571428572,537.8571428571429,2353.8571428571427,0.0,0.6384162280083779,0.0,0.0,0.0,0.1428571428571428,1.5881928207898827e-14,81.0,81.0
P1,Vertical,Center,1D,DT500,0,7,250,60,2.3692338081615767,263.42857142857144,25.90326461000628,3.481519235257937,3310.8571428571427,528.2857142857143,3839.428571428572,0.0,0.9067805717668388,0.0,0.0,0.0,0.0,3.7339806349785197e-14,85.0,85.0
P1,Vertical,Center,1D,DT500,0,7,500,60,3.222392419290665,503.8571428571428,35.52821482763312,3.924279250718011,5077.285714285715,537.5714285714286,5615.714285714285,0.0,0.6988032244982467,0.0,0.0,0.0,0.0,7.434683565567069e-14,92.0,92.0
P1,Vertical,Center,1D,DT500,0,7,500,40,3.754887499779624,504.8571428571428,22.3648034422988,4.559108438672471,5317.571428571428,550.8571428571429,5868.571428571428,0.0,0.7768685265508105,0.0,0.0,0.0,0.0,7.41676800023335e-14,92.0,92.0
P1,Vertical,Center,1D,DT500,0,7,100,60,1.4150374983804868,112.14285714285714,33.404469836084296,2.123375275761224,1844.428571428572,542.8571428571429,2387.5714285714284,0.0,0.8893452360634576,0.0,0.0,0.0,0.0,1.7409523243806392e-14,92.0,92.0
P1,Vertical,Center,1D,DT500,0,7,100,40,1.8073549209101785,117.42857142857144,19.96298901386784,2.7828937311427864,2588.285714285714,542.1428571428571,3130.5714285714284,0.0,0.8889411389066125,0.2857142857142857,0.0,0.0,0.2857142857142857,1.855964156534059e-14,92.0,92.0
P1,Vertical,Center,1D,DT500,0,7,250,40,2.857980993313141,251.28571428571428,37.18364742692616,2.955677897222101,2760.8571428571427,543.0,3304.1428571428573,0.0,0.8945369570908689,0.0,0.0,0.0,0.0,3.718987221322303e-14,92.0,92.0
P1,Joystick,Front,2D,DT500,0,7,250,60,2.3692338081615767,262.3015366802246,62.441662858130016,2.3787184501832,3696.714285714286,513.0,4209.857142857143,0.0,0.5650354321925547,0.0,0.7142857142857143,1.0,0.0,9.1427841361571,12.61733467288447,-2.453419019810665
P1,Joystick,Front,2D,DT500,0,7,500,40,3.754887499779624,483.678137406868,33.907693268023394,3.932113573818872,7183.714285714285,513.7142857142857,7698.0,0.0,0.5107967749829659,0.1428571428571428,1.1428571428571428,3.4285714285714284,0.4285714285714285,13.324101340610724,16.877766546642935,8.341840325031706
P1,Joystick,Front,2D,DT500,0,7,250,40,2.857980993313141,237.53307822202564,37.35193923561825,2.8795732215948235,3109.714285714286,508.1428571428572,3618.428571428572,0.0,0.7958076730689629,0.0,1.0,1.7142857142857142,0.0,11.718623546100698,11.54378507146061,-1.3877295264440557
P1,Joystick,Front,2D,DT500,0,7,500,60,3.222392419290665,491.5290671022268,67.16507370897243,3.056275566504917,6484.857142857143,511.8571428571428,6996.857142857143,14.285714285714285,0.4368069126043207,0.0,1.7142857142857142,3.7142857142857135,0.2857142857142857,24.148411968005263,30.45473250158556,15.501048322133672
P1,Joystick,Front,2D,DT500,0,7,100,60,1.4150374983804868,100.8363179449608,66.05358171305868,1.337187945243104,3871.857142857143,511.57142857142856,4384.142857142857,0.0,0.3050055595393049,0.1428571428571428,0.5714285714285714,1.1428571428571428,0.8571428571428571,12.084127115239228,15.201714748751076,5.905723252100719
P1,Joystick,Front,2D,DT500,0,7,100,40,1.8073549209101785,96.28595254046408,34.70807106907641,1.916157897931341,4828.428571428572,517.5714285714286,5346.285714285715,0.0,0.3584091835591969,0.8571428571428571,1.5714285714285714,1.7142857142857142,1.5714285714285714,8.369780818030033,9.20617324678526,-1.8270397299528471
P1,Horizontal,Center,1D,DT500,0,7,500,40,3.754887499779624,511.8571428571428,44.17155128314994,3.653969928432491,7370.714285714285,553.4285714285714,7924.571428571428,0.0,0.4610936959011291,0.4285714285714285,0.0,0.0,0.5714285714285714,7.901257997200725e-14,94.0,94.0
P1,Horizontal,Center,1D,DT500,0,7,250,60,2.3692338081615767,256.2857142857143,61.42422901555744,2.3708304915773755,3206.428571428572,536.4285714285714,3743.0,0.0,0.6334038182146341,0.0,0.0,0.0,0.5714285714285714,3.922635117201736e-14,101.0,101.0
P1,Horizontal,Center,1D,DT500,0,7,500,60,3.222392419290665,520.2857142857143,60.805413115839336,3.256492756073312,4428.142857142857,536.7142857142857,4965.0,0.0,0.655889779672369,0.0,0.0,0.0,0.2857142857142857,7.448549873113294e-14,101.0,101.0
P1,Horizontal,Center,1D,DT500,0,7,100,40,1.8073549209101785,113.42857142857144,28.717491768171858,2.3073724894987304,1625.2857142857142,559.7142857142857,2185.5714285714284,0.0,1.0557296180463502,0.0,0.0,0.0,0.0,1.7527189520753315e-14,101.0,101.0
P1,Horizontal,Center,1D,DT500,0,7,100,60,1.4150374983804868,106.57142857142856,51.82222579035307,1.611871651220309,2125.714285714286,547.7142857142857,2674.0,0.0,0.6027941851983205,0.0,0.0,0.0,0.4285714285714285,0.2322409525865658,98.5,98.5
P1,Horizontal,Center,1D,DT500,0,7,250,40,2.857980993313141,257.42857142857144,29.194979126117165,3.2953649673313348,4038.142857142857,545.0,4583.428571428572,0.0,0.7189737804301004,0.4285714285714285,0.0,0.0,0.4285714285714285,4.070355367582786e-14,95.0,95.0
P1,Joystick,Center,2D,DT500,0,7,500,40,3.754887499779624,499.2259161809651,23.556342269137232,4.4720227327062005,7368.0,514.2857142857143,7882.714285714285,0.0,0.5673201603679553,0.1428571428571428,1.2857142857142858,2.857142857142857,0.8571428571428571,21.93946483102265,27.208435579502595,-4.673717488869971
P1,Joystick,Center,2D,DT500,0,7,250,60,2.3692338081615767,244.3246304953628,47.192462526611294,2.626952117142271,3194.285714285714,513.4285714285714,3708.428571428572,0.0,0.7083733895757116,0.0,0.5714285714285714,1.2857142857142858,0.0,11.602087189024669,18.87663390678565,6.036015292521512
P1,Joystick,Center,2D,DT500,0,7,100,60,1.4150374983804868,91.5478235495272,55.173601959271785,1.4110294863693351,2517.8571428571427,514.1428571428571,3032.714285714286,0.0,0.4652695089069361,0.0,1.1428571428571428,1.4285714285714286,0.7142857142857143,9.895088956535044,16.480723742954048,1.7992186098365028
P1,Joystick,Center,2D,DT500,0,7,250,40,2.857980993313141,247.8555963582477,38.91730553000454,2.881424971093184,4061.428571428572,517.5714285714286,4579.428571428572,0.0,0.6292105938873311,0.0,1.1428571428571428,1.8571428571428568,0.2857142857142857,12.330238749391455,16.108512515476562,-0.0242573931424787
P1,Joystick,Center,2D,DT500,0,7,100,40,1.8073549209101785,102.6617385275571,51.73379951374492,1.5774520018096505,4046.285714285714,513.8571428571429,4560.428571428572,0.0,0.3458999471436754,0.4285714285714285,1.2857142857142858,1.4285714285714286,1.0,11.174898961213666,11.076881562341685,-2.3941768015097744
P1,Joystick,Center,2D,DT500,0,7,500,60,3.222392419290665,490.51630284102464,47.4167659148625,3.503957505760422,6053.0,504.7142857142857,6558.142857142857,0.0,0.5342911220581383,0.0,0.5714285714285714,2.4285714285714284,0.1428571428571428,15.888382930521528,21.85468536726525,17.922777975460214
