Participant,Widget,Location,TaskType,SelectionMethod,Trial,A,W,Ae,dx,PT(ms),ST(ms),MT(ms),Errors,TRE,TAC,MDC,ODC,MV,ME,MO
P9,Vertical,Left,1D,DT500,0,500.0,40.0,491.0,-9.0,4976,539,5515,0,0,0,0,1,7.143622949867583e-14,25.0,25.0
P9,Vertical,Left,1D,DT500,1,500.0,40.0,513.0,13.0,5202,507,5709,0,0,0,0,0,7.111493986951611e-14,25.000000000000004,25.000000000000004
P9,Vertical,Left,1D,DT500,2,500.0,40.0,499.0,-1.000000000000029,4911,516,5427,0,0,0,0,0,7.076540474298336e-14,25.0,25.0
P9,Vertical,Left,1D,DT500,3,500.0,40.0,517.0,17.0,5257,506,5763,0,0,0,0,0,7.439521564610602e-14,25.0,25.0
P9,Vertical,Left,1D,DT500,4,500.0,40.0,507.0,7.0,4902,514,5416,0,0,0,0,0,7.21975241278865e-14,25.0,25.0
P9,Vertical,Left,1D,DT500,5,500.0,40.0,517.0,17.0,7785,508,8294,0,1,0,0,1,8.16646162444592e-14,25.0,25.0
P9,Vertical,Left,1D,DT500,6,500.0,40.0,505.0,5.0,5625,528,6153,0,0,0,0,0,6.731860913692977e-14,25.0,25.0
P9,Vertical,Left,1D,DT500,0,250.0,40.0,257.00000000000006,7.000000000000029,2603,502,3106,0,0,0,0,0,3.742454063654488e-14,32.0,32.0
P9,Vertical,Left,1D,DT500,1,250.0,40.0,263.0,13.0,3097,536,3634,0,0,0,0,0,3.779927078048327e-14,32.0,32.0
P9,Vertical,Left,1D,DT500,2,250.0,40.0,257.99999999999994,7.999999999999971,2888,515,3404,0,0,0,0,0,3.5998587590917743e-14,32.0,32.0
P9,Vertical,Left,1D,DT500,3,250.0,40.0,257.00000000000006,7.000000000000029,2829,534,3363,0,0,0,0,0,3.6934891578301494e-14,32.0,32.0
P9,Vertical,Left,1D,DT500,4,250.0,40.0,250.0,0.0,3021,513,3535,0,0,0,0,0,3.4224828996996074e-14,32.0,32.0
P9,Vertical,Left,1D,DT500,5,250.0,40.0,251.00000000000003,1.0000000000000149,2749,506,3255,0,0,0,0,0,3.7124240056142925e-14,32.0,32.0
P9,Vertical,Left,1D,DT500,6,250.0,40.0,235.0,-15.000000000000014,3095,518,3614,0,0,0,0,0,3.46088034410532e-14,32.0,32.0
P9,Vertical,Left,1D,DT500,0,250.0,60.0,250.0,0.0,2452,520,2972,0,0,0,0,0,3.614050417806253e-14,32.0,32.0
P9,Vertical,Left,1D,DT500,1,250.0,60.0,245.0,-5.0,2758,534,3292,0,0,0,0,0,3.510907658990637e-14,32.0,32.0
P9,Vertical,Left,1D,DT500,2,250.0,60.0,248.00000000000003,-1.999999999999985,2620,521,3141,0,0,0,0,0,3.4822063249895494e-14,32.0,32.0
P9,Vertical,Left,1D,DT500,3,250.0,60.0,243.0,-7.0,3548,523,4071,0,0,0,0,0,3.5090229720512073e-14,32.0,32.0
P9,Vertical,Left,1D,DT500,4,250.0,60.0,233.0,-17.000000000000014,2475,512,2987,0,0,0,0,0,3.5445330187363084e-14,32.0,32.0
P9,Vertical,Left,1D,DT500,5,250.0,60.0,257.00000000000006,7.000000000000029,2986,505,3491,0,0,0,0,0,3.160263583723516e-14,32.00000000000001,32.00000000000001
P9,Vertical,Left,1D,DT500,6,250.0,60.0,228.0,-21.999999999999982,2681,511,3193,0,0,0,0,0,3.347087321382715e-14,32.0,32.0
P9,Vertical,Left,1D,DT500,0,500.0,60.0,480.0,-20.0,5163,517,5680,0,0,0,0,0,6.499669217691237e-14,32.0,32.0
P9,Vertical,Left,1D,DT500,1,500.0,60.0,503.0,2.9999999999999707,4673,531,5204,0,0,0,0,0,6.731684906937927e-14,32.00000000000001,32.00000000000001
P9,Vertical,Left,1D,DT500,2,500.0,60.0,484.0,-16.00000000000003,4788,530,5319,0,0,0,0,0,6.914029373207115e-14,32.0,32.0
P9,Vertical,Left,1D,DT500,3,500.0,60.0,507.0,7.0,4715,515,5230,0,0,0,0,0,6.626490137952908e-14,32.00000000000001,32.00000000000001
P9,Vertical,Left,1D,DT500,4,500.0,60.0,501.0,1.0,4682,506,5188,0,0,0,0,0,7.122030747641462e-14,32.0,32.0
P9,Vertical,Left,1D,DT500,5,500.0,60.0,501.0,1.0,5672,526,6199,0,0,0,0,0,7.110226701179358e-14,32.0,32.0
P9,Vertical,Left,1D,DT500,6,500.0,60.0,503.0,2.9999999999999707,4705,507,5213,0,0,0,0,0,7.158356448062071e-14,32.0,32.0
P9,Vertical,Left,1D,DT500,0,100.0,40.0,105.0,5.000000000000009,1516,544,2061,0,0,0,0,0,1.4986438538715197e-14,32.0,32.0
P9,Vertical,Left,1D,DT500,1,100.0,40.0,115.0,15.0,1430,540,1971,0,0,0,0,0,1.6390957428877372e-14,32.0,32.0
P9,Vertical,Left,1D,DT500,2,100.0,40.0,116.0,16.0,1309,537,1847,0,0,0,0,0,1.7130564986077266e-14,32.0,32.0
P9,Vertical,Left,1D,DT500,3,100.0,40.0,106.0,6.0,1596,503,2099,0,0,0,0,0,1.5387237567771015e-14,32.0,32.0
P9,Vertical,Left,1D,DT500,4,100.0,40.0,109.0,9.0,1579,530,2109,0,0,0,0,0,1.479112654199449e-14,32.0,32.0
P9,Vertical,Left,1D,DT500,5,100.0,40.0,91.0,-9.0,1839,528,2367,0,0,0,0,0,1.1803599967113824e-14,32.0,32.0
P9,Vertical,Left,1D,DT500,6,100.0,40.0,103.0,2.999999999999991,1945,513,2459,0,0,0,0,0,8.481987653619656e-15,32.0,32.0
P9,Vertical,Left,1D,DT500,0,100.0,60.0,106.0,6.0,1749,532,2281,0,0,0,0,0,1.15968609239782e-14,32.0,32.0
P9,Vertical,Left,1D,DT500,1,100.0,60.0,85.0,-15.0,1469,513,1982,0,0,0,0,0,1.2916150057355731e-14,32.0,32.0
P9,Vertical,Left,1D,DT500,2,100.0,60.0,98.0,-2.0,1360,535,1896,0,0,0,0,1,1.4325526295383288e-14,32.0,32.0
P9,Vertical,Left,1D,DT500,3,100.0,60.0,113.0,13.0,2145,537,2683,0,0,0,0,0,1.7845365764727633e-14,32.0,32.0
P9,Vertical,Left,1D,DT500,4,100.0,60.0,77.0,-23.000000000000004,1469,528,1998,0,0,0,0,0,1.0070996650203782e-14,32.0,32.0
P9,Vertical,Left,1D,DT500,5,100.0,60.0,104.0,4.000000000000009,1876,538,2415,0,0,0,0,0,9.256083150133486e-15,32.00000000000001,32.00000000000001
P9,Vertical,Left,1D,DT500,6,100.0,60.0,102.0,1.999999999999991,1445,537,1983,0,0,0,0,0,1.4497585446930778e-14,32.0,32.0
P9,Vertical,Right,1D,DT500,0,250.0,40.0,252.0,2.0,3271,542,3814,0,0,0,0,0,1.8065023124811807e-14,0.9999999999999694,0.9999999999999694
P9,Vertical,Right,1D,DT500,1,250.0,40.0,263.0,12.999999999999972,2659,544,3203,0,0,0,0,0,1.9926103713784326e-14,1.0000000000000313,1.0000000000000313
P9,Vertical,Right,1D,DT500,2,250.0,40.0,261.0,11.000000000000028,3100,503,3603,0,0,0,0,0,2.078657550330005e-14,0.9999999999999712,0.9999999999999712
P9,Vertical,Right,1D,DT500,3,250.0,40.0,255.0,5.0,2938,516,3454,0,0,0,0,0,1.9321790762301937e-14,1.000000000000031,1.000000000000031
P9,Vertical,Right,1D,DT500,4,250.0,40.0,253.0,3.0,2672,513,3186,0,0,0,0,0,1.9481926506619013e-14,0.9999999999999682,0.9999999999999682
P9,Vertical,Right,1D,DT500,5,250.0,40.0,248.0,-2.0000000000000147,3217,510,3727,0,0,0,0,0,1.885297414101043e-14,1.0000000000000306,1.0000000000000306
P9,Vertical,Right,1D,DT500,6,250.0,40.0,244.0,-6.0,2496,537,3034,0,0,0,0,0,1.858892984719193e-14,0.9999999999999694,0.9999999999999694
P9,Vertical,Right,1D,DT500,0,100.0,60.0,100.0,9.094947017729284e-15,1881,540,2422,0,0,0,0,0,1.0095584626684811e-14,7.999999999999994,7.999999999999994
P9,Vertical,Right,1D,DT500,1,100.0,60.0,114.0,14.000000000000009,1432,551,1984,0,0,0,0,0,1.0215839468868112e-14,8.000000000000018,8.000000000000018
P9,Vertical,Right,1D,DT500,2,100.0,60.0,91.0,-9.0,1424,524,1948,0,0,0,0,1,9.342994138804324e-15,7.999999999999987,7.999999999999987
P9,Vertical,Right,1D,DT500,3,100.0,60.0,103.0,2.999999999999991,1526,527,2054,0,0,0,0,0,7.866011289688626e-15,8.000000000000016,8.000000000000016
P9,Vertical,Right,1D,DT500,4,100.0,60.0,105.0,5.0,1615,534,2149,0,0,0,0,0,8.484996081147141e-15,7.999999999999987,7.999999999999987
P9,Vertical,Right,1D,DT500,5,100.0,60.0,106.0,6.0,1465,531,1996,0,0,0,0,0,9.68888268694076e-15,8.000000000000016,8.000000000000016
P9,Vertical,Right,1D,DT500,6,100.0,60.0,88.0,-11.999999999999996,1951,553,2504,0,0,0,0,0,8.679643797334464e-15,7.9999999999999964,7.9999999999999964
P9,Vertical,Right,1D,DT500,0,250.0,60.0,233.0,-17.0,3447,508,3955,0,0,0,0,1,1.9337012930511257e-14,7.999999999999965,7.999999999999965
P9,Vertical,Right,1D,DT500,1,250.0,60.0,247.00000000000003,-2.9999999999999853,3115,512,3627,0,0,0,0,0,1.7523453187797196e-14,8.000000000000036,8.000000000000036
P9,Vertical,Right,1D,DT500,2,250.0,60.0,231.0,-18.999999999999982,3127,541,3668,0,0,0,0,0,1.87635554330124e-14,7.999999999999976,7.999999999999976
P9,Vertical,Right,1D,DT500,3,250.0,60.0,261.0,11.000000000000028,2692,511,3203,0,0,0,0,0,1.847874664433891e-14,8.000000000000036,8.000000000000036
P9,Vertical,Right,1D,DT500,4,250.0,60.0,244.0,-6.0,2945,544,3489,0,0,0,0,0,2.0393384793537363e-14,7.999999999999965,7.999999999999965
P9,Vertical,Right,1D,DT500,5,250.0,60.0,234.0,-16.000000000000014,2824,511,3336,0,0,0,0,0,1.8498387238960502e-14,8.000000000000036,8.000000000000036
P9,Vertical,Right,1D,DT500,6,250.0,60.0,240.0,-10.0,3145,526,3672,0,0,0,0,0,1.9679223415742536e-14,7.999999999999958,7.999999999999958
P9,Vertical,Right,1D,DT500,0,500.0,40.0,500.0,-2.9103830456733704e-14,5172,509,5682,0,0,0,0,0,4.026478807405282e-14,7.999999999999929,7.999999999999929
P9,Vertical,Right,1D,DT500,1,500.0,40.0,511.0,11.0,7409,531,7940,0,0,0,0,0,3.859268952043609e-14,8.000000000000073,8.000000000000073
P9,Vertical,Right,1D,DT500,2,500.0,40.0,510.0,9.999999999999972,4987,534,5522,0,0,0,0,0,3.9022884785756585e-14,7.999999999999926,7.999999999999926
P9,Vertical,Right,1D,DT500,3,500.0,40.0,512.0,11.99999999999994,5048,511,5560,0,0,0,0,0,3.845908279727487e-14,8.000000000000073,8.000000000000073
P9,Vertical,Right,1D,DT500,4,500.0,40.0,502.0,1.999999999999971,4941,532,5473,0,0,0,0,0,3.9405827105039846e-14,7.999999999999928,7.999999999999928
P9,Vertical,Right,1D,DT500,5,500.0,40.0,509.0,8.999999999999972,5056,524,5580,0,0,0,0,0,3.963458216549986e-14,8.000000000000073,8.000000000000073
P9,Vertical,Right,1D,DT500,6,500.0,40.0,501.0,0.9999999999999708,5287,541,5829,0,0,0,0,0,4.1541691302371e-14,7.999999999999927,7.999999999999927
P9,Vertical,Right,1D,DT500,0,500.0,60.0,515.0000000000001,15.00000000000006,4655,529,5185,0,0,0,0,0,3.901865122597003e-14,7.999999999999927,7.999999999999927
P9,Vertical,Right,1D,DT500,1,500.0,60.0,502.0,1.999999999999971,5085,521,5607,0,0,0,0,0,3.972708113253818e-14,8.000000000000071,8.000000000000071
P9,Vertical,Right,1D,DT500,2,500.0,60.0,501.0,0.9999999999999708,4683,532,5216,0,0,0,0,0,3.7759336310028376e-14,7.99999999999993,7.99999999999993
P9,Vertical,Right,1D,DT500,3,500.0,60.0,484.0,-16.0,4968,508,5477,0,0,0,0,0,3.733417238611288e-14,8.000000000000071,8.000000000000071
P9,Vertical,Right,1D,DT500,4,500.0,60.0,481.0,-18.99999999999997,4431,518,4949,0,0,0,0,0,3.498785092519545e-14,7.999999999999933,7.999999999999933
P9,Vertical,Right,1D,DT500,5,500.0,60.0,494.0,-6.0,4864,543,5408,0,0,0,0,0,3.5108228698181564e-14,8.00000000000007,8.00000000000007
P9,Vertical,Right,1D,DT500,6,500.0,60.0,489.0,-11.000000000000028,4498,517,5015,0,0,0,0,0,3.677270406291479e-14,7.999999999999931,7.999999999999931
P9,Vertical,Right,1D,DT500,0,100.0,40.0,113.0,13.000000000000009,1304,507,1811,0,0,0,0,0,9.811740289445456e-15,7.999999999999984,7.999999999999984
P9,Vertical,Right,1D,DT500,1,100.0,40.0,118.0,18.0,1616,515,2132,0,0,0,0,0,1.054154666935233e-14,8.000000000000014,8.000000000000014
P9,Vertical,Right,1D,DT500,2,100.0,40.0,106.0,6.0,1856,511,2367,0,0,0,0,0,1.1246071519848996e-14,7.999999999999996,7.999999999999996
P9,Vertical,Right,1D,DT500,3,100.0,40.0,119.0,19.00000000000001,1850,515,2366,0,0,0,0,0,1.0040738204297797e-14,8.000000000000016,8.000000000000016
P9,Vertical,Right,1D,DT500,4,100.0,40.0,113.0,13.000000000000009,1820,515,2336,0,0,0,0,0,1.0447900638882317e-14,7.999999999999988,7.999999999999988
P9,Vertical,Right,1D,DT500,5,100.0,40.0,119.0,19.00000000000001,2974,529,3503,0,1,0,0,1,1.2039872153624074e-14,8.000000000000018,8.000000000000018
P9,Vertical,Right,1D,DT500,6,100.0,40.0,107.0,7.000000000000009,2265,524,2789,0,0,0,0,0,1.0895028840385852e-14,7.999999999999994,7.999999999999994
P9,Joystick,Center,2D,DT500,0,500.0,60.0,498.535609975647,11.07165388473514,5429,500,5930,0,0,1,4,0,19.84504098439628,29.99243850029432,-27.804743800254045
P9,Joystick,Center,2D,DT500,1,500.0,60.0,483.0721137405198,-4.391842350392066,5096,500,5596,0,0,0,1,0,2.3787894846862896,6.109650169102513,-6.109650169102513
P9,Joystick,Center,2D,DT500,2,500.0,60.0,489.9356857308153,2.4717296399035287,5652,500,6153,0,0,1,1,0,8.801840139560984,10.84833125318851,-9.309372279118532
P9,Joystick,Center,2D,DT500,3,500.0,60.0,492.7319780454559,5.268021954544111,4699,500,5199,0,0,0,0,0,3.234524650306704,12.414225941422592,12.414225941422592
P9,Joystick,Center,2D,DT500,4,500.0,60.0,503.5898213283487,16.12586523743684,5209,500,5710,0,0,2,2,0,24.79076818309273,26.05266520770971,18.85121973570557
P9,Joystick,Center,2D,DT500,5,500.0,60.0,458.8745345149706,-28.58942157594125,6089,500,6590,0,0,2,3,0,18.924701112043536,20.65727762380242,-17.596044021131032
P9,Joystick,Center,2D,DT500,6,500.0,60.0,479.9398863086567,-7.524069782255061,5200,500,5700,0,0,4,3,0,12.278454305661873,11.658766590807367,-9.226182771307572
P9,Joystick,Center,2D,DT500,0,250.0,40.0,249.3158223804936,5.58384433503764,2853,500,3354,0,0,1,1,0,9.9049923509786,11.017769895144973,-8.845668400207533
P9,Joystick,Center,2D,DT500,1,250.0,40.0,248.80017581280765,5.068197767351709,3154,500,3655,0,0,0,3,0,14.329365281863693,19.98310097811546,19.775101533851128
P9,Joystick,Center,2D,DT500,2,250.0,40.0,245.7680747275869,2.0360966821309643,4336,500,4836,0,0,1,1,0,4.911722934865439,6.53049390933777,5.909417690885941
P9,Joystick,Center,2D,DT500,3,250.0,40.0,235.865989022728,-7.865989022727934,4549,500,5049,0,0,0,0,1,4.231726900783407,2.844999999999992,2.544999999999982
P9,Joystick,Center,2D,DT500,4,250.0,40.0,243.937466949,0.2054889035440145,3614,500,4115,0,0,0,1,1,22.49648335935283,30.06267301912185,-29.540271495145745
P9,Joystick,Center,2D,DT500,5,250.0,40.0,242.4563207165033,-1.2756573289526578,3650,500,4151,0,0,1,2,0,9.348293412404187,8.116430830262935,0.2569929393285036
P9,Joystick,Center,2D,DT500,6,250.0,40.0,239.3023803524595,-4.429597692996464,3650,500,4151,0,0,1,1,0,8.737237593167155,9.201252798270968,6.403716798219142
P9,Joystick,Center,2D,DT500,0,100.0,60.0,106.26714242781878,8.77435120963638,4340,500,4840,0,0,0,1,0,7.016663278037491,10.02606429692217,10.02606429692217
P9,Joystick,Center,2D,DT500,1,100.0,60.0,110.4419442800164,12.949153061833972,5090,500,5591,0,0,1,2,2,12.57888506230214,15.847620348537133,14.306159724812334
P9,Joystick,Center,2D,DT500,2,100.0,60.0,97.13310335848344,-0.3596878596989481,2354,502,2857,0,0,1,1,0,10.117174377177893,21.20179730713032,-20.738436569806183
P9,Joystick,Center,2D,DT500,3,100.0,60.0,82.74639560909117,-14.746395609091216,2805,511,3317,0,0,0,0,0,8.233218464945365e-15,3.999999999999999,3.999999999999999
P9,Joystick,Center,2D,DT500,4,100.0,60.0,105.04261483160136,7.549823613418935,2831,500,3332,0,0,2,1,2,23.826959545959344,24.46211852980908,17.048439474258863
P9,Joystick,Center,2D,DT500,5,100.0,60.0,105.13734250392795,7.644551285745472,1998,500,2498,0,0,1,2,0,14.429481750085731,18.172699034119983,-16.74605179124324
P9,Joystick,Center,2D,DT500,6,100.0,60.0,112.25438665850952,14.761595440327092,2559,500,3060,0,0,1,2,0,13.911277919084808,12.861315591324622,-2.262988622475328
P9,Joystick,Center,2D,DT500,0,250.0,60.0,254.2112829275325,10.479304882076589,3281,500,3782,0,0,1,2,0,12.611901532019326,11.27932613576758,-4.509611394695716
P9,Joystick,Center,2D,DT500,1,250.0,60.0,239.42807494376973,-4.303903101686212,2996,500,3497,0,0,0,2,0,8.22829536742121,20.84482418373212,-20.84482418373212
P9,Joystick,Center,2D,DT500,2,250.0,60.0,236.22489814044323,-7.507079905012704,8179,501,8680,0,2,3,2,2,21.46846121810488,15.207614988210924,-3.3702531327475085
P9,Joystick,Center,2D,DT500,3,250.0,60.0,235.865989022728,-7.865989022727949,3654,500,4155,0,0,0,2,0,11.20077952080292,28.59558823529412,28.59558823529412
P9,Joystick,Center,2D,DT500,4,250.0,60.0,251.8469784221179,8.115000376661943,3516,500,4016,0,0,2,1,0,8.139316347632532,6.898743327164922,-2.575084789626445
P9,Joystick,Center,2D,DT500,5,250.0,60.0,216.2499951972796,-27.481982848176383,3320,500,3821,0,0,1,0,0,5.689454938981566,5.031679555047871,-1.024454171232306
P9,Joystick,Center,2D,DT500,6,250.0,60.0,247.4091687602269,3.6771907147709912,2692,500,3193,0,0,0,2,0,16.404668491388946,24.172088369030103,-23.76537103700996
P9,Joystick,Center,2D,DT500,0,500.0,40.0,495.7276820105714,8.263725919659626,5407,500,5908,0,0,1,4,0,12.875562434133766,16.469918098817843,13.823212853677411
P9,Joystick,Center,2D,DT500,1,500.0,40.0,490.2471849221845,2.783228831272646,6135,500,6636,0,0,0,3,0,9.765484085253975,15.463034229448033,-15.463034229448033
P9,Joystick,Center,2D,DT500,2,500.0,40.0,488.66723590313,1.2032798122181578,6302,500,6803,0,0,0,2,0,19.248824935834065,30.36257776221501,30.173530878832736
P9,Joystick,Center,2D,DT500,3,500.0,40.0,501.731978045456,14.268021954544157,5910,500,6411,0,0,2,1,1,9.111596225182032,9.094202898550725,6.065217391304348
P9,Joystick,Center,2D,DT500,4,500.0,40.0,498.25267657371137,10.788720482799558,5632,500,6133,0,0,1,2,0,21.594838121889097,27.13468761048361,25.17615651210481
P9,Joystick,Center,2D,DT500,5,500.0,40.0,496.2045963105129,8.740640219601087,5502,500,6003,0,0,2,2,0,7.995451862620878,7.42126155826872,5.038423674919937
P9,Joystick,Center,2D,DT500,6,500.0,40.0,471.6746001571597,-15.789355933752084,7297,500,7798,0,0,3,3,1,15.178778756946135,14.292350573237345,-6.51873818874665
P9,Joystick,Center,2D,DT500,0,100.0,40.0,101.72068896335234,4.22789774516994,1523,500,2023,0,0,0,0,0,0.5773804943719708,4.719764025308511,4.719764025308511
P9,Joystick,Center,2D,DT500,1,100.0,40.0,92.7567497033134,-4.736041514869035,11950,500,12451,0,3,4,5,4,18.615488952806988,22.715405461740684,-19.23443311734838
P9,Joystick,Center,2D,DT500,2,100.0,40.0,107.27617063308118,9.783379414898787,3521,500,4021,0,0,1,1,0,12.650638059846058,16.122748350037924,12.874420212238602
P9,Joystick,Center,2D,DT500,3,100.0,40.0,95.74639560909117,-1.7463956090912276,2608,501,3109,0,0,1,0,1,6.713234075351672,10.428571428571429,-8.983193277310924
P9,Joystick,Center,2D,DT500,4,100.0,40.0,92.19437527985376,-5.298415938328664,8436,500,8937,0,2,0,2,2,6.770636573509217,14.367504513048315,-13.941279721834006
P9,Joystick,Center,2D,DT500,5,100.0,40.0,102.0396473357912,4.546856117608708,7582,500,8082,0,2,2,2,2,14.8235269167651,15.957729707439276,-10.076564695512818
P9,Joystick,Center,2D,DT500,6,100.0,40.0,98.46771913036424,0.9749279121818188,13023,503,13526,0,3,3,4,6,21.87396149813307,16.713862539334333,-2.072866651677938
P9,Horizontal,Center,1D,DT500,0,250.0,60.0,235.0,-15.000000000000014,3582,523,4105,0,0,0,0,0,1.7286425625262133e-14,4.999999999999971,4.999999999999971
P9,Horizontal,Center,1D,DT500,1,250.0,60.0,254.0,4.0,2663,545,3209,0,0,0,0,0,1.8097202891172342e-14,5.000000000000034,5.000000000000034
P9,Horizontal,Center,1D,DT500,2,250.0,60.0,252.0,1.999999999999985,2797,511,3308,0,0,0,0,0,1.936591896264204e-14,4.99999999999997,4.99999999999997
P9,Horizontal,Center,1D,DT500,3,250.0,60.0,257.99999999999994,7.999999999999971,3153,515,3668,0,0,0,0,0,1.9203069390811287e-14,5.00000000000003,5.00000000000003
P9,Horizontal,Center,1D,DT500,4,250.0,60.0,259.0,8.999999999999972,3367,517,3884,0,0,0,0,0,2.0397453817906623e-14,4.999999999999969,4.999999999999969
P9,Horizontal,Center,1D,DT500,5,250.0,60.0,249.0,-1.0,2916,538,3454,0,0,0,0,0,1.9452699651522107e-14,5.000000000000028,5.000000000000028
P9,Horizontal,Center,1D,DT500,6,250.0,60.0,254.0,4.0,2680,500,3180,0,0,0,0,0,1.9017183860881526e-14,4.999999999999968,4.999999999999968
P9,Horizontal,Center,1D,DT500,0,500.0,60.0,507.0,6.999999999999971,5063,531,5595,0,0,0,0,0,3.7133931414897734e-14,11.99999999999993,11.99999999999993
P9,Horizontal,Center,1D,DT500,1,500.0,60.0,497.0,-3.0,5576,522,6098,0,0,0,0,0,4.0169677982174844e-14,12.000000000000046,12.000000000000046
P9,Horizontal,Center,1D,DT500,2,500.0,60.0,513.9999999999999,13.99999999999994,4954,529,5483,0,0,0,0,0,3.791236223770152e-14,11.999999999999927,11.999999999999927
P9,Horizontal,Center,1D,DT500,3,500.0,60.0,502.0,1.999999999999971,5516,523,6040,0,0,0,0,0,4.2319790723550375e-14,12.000000000000036,12.000000000000036
P9,Horizontal,Center,1D,DT500,4,500.0,60.0,502.0,1.999999999999971,5098,544,5643,0,0,0,0,0,3.637251503026824e-14,11.99999999999994,11.99999999999994
P9,Horizontal,Center,1D,DT500,5,500.0,60.0,502.0,1.999999999999971,5257,501,5758,0,0,0,0,0,3.6517595226323584e-14,12.000000000000064,12.000000000000064
P9,Horizontal,Center,1D,DT500,6,500.0,60.0,486.0,-13.999999999999972,5483,522,6005,0,0,0,0,0,3.628529578877472e-14,11.999999999999943,11.999999999999943
P9,Horizontal,Center,1D,DT500,0,250.0,40.0,263.0,13.000000000000028,3036,500,3537,0,0,0,0,0,2.068840313503016e-14,11.999999999999972,11.999999999999972
P9,Horizontal,Center,1D,DT500,1,250.0,40.0,243.0,-7.0,3245,512,3757,0,0,0,0,0,2.0967225575690203e-14,12.00000000000002,12.00000000000002
P9,Horizontal,Center,1D,DT500,2,250.0,40.0,253.0,3.0,3463,510,3973,0,0,0,0,0,1.8649891712217712e-14,11.99999999999997,11.99999999999997
P9,Horizontal,Center,1D,DT500,3,250.0,40.0,258.0,8.0,3049,511,3561,0,0,0,0,0,2.0108198645161682e-14,12.000000000000034,12.000000000000034
P9,Horizontal,Center,1D,DT500,4,250.0,40.0,232.0,-18.0,3274,545,3820,0,0,0,0,0,2.2190305341380926e-14,11.999999999999984,11.999999999999984
P9,Horizontal,Center,1D,DT500,5,250.0,40.0,265.0,15.0,2955,526,3482,0,0,0,0,0,2.0485946440854968e-14,12.000000000000044,12.000000000000044
P9,Horizontal,Center,1D,DT500,6,250.0,40.0,254.0,3.999999999999985,3199,531,3730,0,0,0,0,0,2.2079179675309744e-14,11.99999999999998,11.99999999999998
P9,Horizontal,Center,1D,DT500,0,100.0,40.0,109.0,8.999999999999991,1592,537,2130,0,0,0,0,0,9.140905156548206e-15,11.99999999999999,11.99999999999999
P9,Horizontal,Center,1D,DT500,1,100.0,40.0,113.0,13.0,1800,508,2308,0,0,0,0,0,1.3304900868912743e-14,12.000000000000004,12.000000000000004
P9,Horizontal,Center,1D,DT500,2,100.0,40.0,116.0,16.0,2279,507,2787,0,0,0,0,0,1.4056012452644638e-14,11.999999999999996,11.999999999999996
P9,Horizontal,Center,1D,DT500,3,100.0,40.0,101.0,1.0,1947,533,2480,0,0,0,0,0,1.2918994878153631e-14,12.000000000000002,12.000000000000002
P9,Horizontal,Center,1D,DT500,4,100.0,40.0,109.0,8.999999999999991,2597,516,3114,0,0,0,0,0,8.895983701186277e-15,11.99999999999999,11.99999999999999
P9,Horizontal,Center,1D,DT500,5,100.0,40.0,96.0,-4.000000000000009,3175,506,3681,0,0,0,0,0,1.1245064757477915e-14,12.000000000000004,12.000000000000004
P9,Horizontal,Center,1D,DT500,6,100.0,40.0,101.0,1.0,2089,527,2617,0,0,0,0,0,8.148361360181681e-15,11.99999999999999,11.99999999999999
P9,Horizontal,Center,1D,DT500,0,100.0,60.0,106.0,6.0,1795,520,2316,0,0,0,0,0,8.661033461645526e-15,11.999999999999982,11.999999999999982
P9,Horizontal,Center,1D,DT500,1,100.0,60.0,103.0,3.0,2239,531,2771,0,0,0,0,0,1.1572858396445952e-14,12.000000000000004,12.000000000000004
P9,Horizontal,Center,1D,DT500,2,100.0,60.0,101.0,1.0,1888,504,2393,0,0,0,0,0,9.38498987654954e-15,11.999999999999991,11.999999999999991
P9,Horizontal,Center,1D,DT500,3,100.0,60.0,90.0,-10.0,1724,518,2243,0,0,0,0,0,7.588599744428075e-15,12.000000000000012,12.000000000000012
P9,Horizontal,Center,1D,DT500,4,100.0,60.0,104.0,4.0,1279,535,1814,0,0,0,0,0,8.771129953521035e-15,11.999999999999982,11.999999999999982
P9,Horizontal,Center,1D,DT500,5,100.0,60.0,88.0,-11.999999999999996,2011,529,2541,0,0,0,0,0,7.635909270407872e-15,12.000000000000009,12.000000000000009
P9,Horizontal,Center,1D,DT500,6,100.0,60.0,109.0,8.999999999999991,1676,521,2197,0,0,0,0,0,8.421540943311385e-15,11.999999999999982,11.999999999999982
P9,Horizontal,Center,1D,DT500,0,500.0,40.0,505.0,5.0,4914,511,5426,0,0,0,0,0,3.6506244361662e-14,11.99999999999993,11.99999999999993
P9,Horizontal,Center,1D,DT500,1,500.0,40.0,502.0,1.999999999999971,5168,511,5680,0,0,0,0,0,3.6869496994266926e-14,12.000000000000057,12.000000000000057
P9,Horizontal,Center,1D,DT500,2,500.0,40.0,506.0,5.999999999999971,5444,518,5963,0,0,0,0,0,3.889045173769702e-14,11.99999999999995,11.99999999999995
P9,Horizontal,Center,1D,DT500,3,500.0,40.0,488.0,-12.000000000000028,5285,525,5810,0,0,0,0,0,3.72358338289499e-14,12.000000000000052,12.000000000000052
P9,Horizontal,Center,1D,DT500,4,500.0,40.0,489.0,-10.999999999999972,6511,531,7043,0,0,0,0,0,3.4312302427731234e-14,11.999999999999943,11.999999999999943
P9,Horizontal,Center,1D,DT500,5,500.0,40.0,502.0,1.999999999999971,5455,514,5970,0,0,0,0,0,3.5859036205821675e-14,12.000000000000062,12.000000000000062
P9,Horizontal,Center,1D,DT500,6,500.0,40.0,502.0,1.999999999999971,6671,504,7176,0,0,0,0,0,3.6024338728949617e-14,11.999999999999938,11.999999999999938
P9,Vertical,Center,1D,DT500,0,100.0,60.0,100.0,0.0,1692,542,2235,0,0,0,0,0,8.203290389435464e-15,1.0000000000000109,-1.0000000000000109
P9,Vertical,Center,1D,DT500,1,100.0,60.0,107.0,7.0,2392,556,2949,0,0,0,0,0,8.660670202399026e-15,0.9999999999999868,-0.9999999999999868
P9,Vertical,Center,1D,DT500,2,100.0,60.0,102.0,2.0,1714,551,2266,0,0,0,0,0,9.016842915263511e-15,1.0000000000000115,-1.0000000000000115
P9,Vertical,Center,1D,DT500,3,100.0,60.0,95.0,-5.0,1761,535,2297,0,0,0,0,0,7.951511128636428e-15,0.9999999999999886,-0.9999999999999886
P9,Vertical,Center,1D,DT500,4,100.0,60.0,106.0,6.0,1693,516,2209,0,0,0,0,0,8.362094871429676e-15,1.0000000000000122,-1.0000000000000122
P9,Vertical,Center,1D,DT500,5,100.0,60.0,114.0,14.000000000000009,2144,538,2683,0,0,0,0,0,1.0211068959582651e-14,0.99999999999999,-0.99999999999999
P9,Vertical,Center,1D,DT500,6,100.0,60.0,96.0,-4.0,1714,517,2231,0,0,0,0,1,9.062021330999064e-15,1.000000000000011,-1.000000000000011
P9,Vertical,Center,1D,DT500,0,100.0,40.0,102.0,2.0,1746,522,2268,0,0,0,0,1,1.0172718802731512e-14,5.999999999999985,5.999999999999985
P9,Vertical,Center,1D,DT500,1,100.0,40.0,118.0,18.00000000000001,1756,541,2297,0,0,0,0,0,9.390600607107404e-15,6.000000000000013,6.000000000000013
P9,Vertical,Center,1D,DT500,2,100.0,40.0,111.0,11.0,2526,506,3033,0,0,0,0,0,1.0991682387833203e-14,5.999999999999985,5.999999999999985
P9,Vertical,Center,1D,DT500,3,100.0,40.0,117.0,17.0,1963,541,2504,0,0,0,0,0,9.965684510223438e-15,6.000000000000014,6.000000000000014
P9,Vertical,Center,1D,DT500,4,100.0,40.0,81.0,-19.0,1719,535,2255,0,0,0,0,0,9.277411248854066e-15,5.999999999999989,5.999999999999989
P9,Vertical,Center,1D,DT500,5,100.0,40.0,113.0,12.999999999999991,1681,521,2202,0,0,0,0,0,7.745174439418644e-15,6.000000000000017,6.000000000000017
P9,Vertical,Center,1D,DT500,6,100.0,40.0,101.0,1.0,1615,506,2121,0,0,0,0,0,9.389462534325012e-15,5.999999999999986,5.999999999999986
P9,Vertical,Center,1D,DT500,0,500.0,60.0,499.00000000000006,-0.9999999999999708,5085,511,5597,0,0,0,0,1,3.6053807631418056e-14,5.999999999999939,5.999999999999939
P9,Vertical,Center,1D,DT500,1,500.0,60.0,492.0,-8.0,5025,529,5555,0,0,0,0,0,3.5444493527739234e-14,6.000000000000059,6.000000000000059
P9,Vertical,Center,1D,DT500,2,500.0,60.0,503.0,3.0,5323,511,5834,0,0,0,0,0,3.572894410305363e-14,5.9999999999999405,5.9999999999999405
P9,Vertical,Center,1D,DT500,3,500.0,60.0,507.0,7.0,5312,519,5831,0,0,0,0,0,3.7128197061787264e-14,6.00000000000006,6.00000000000006
P9,Vertical,Center,1D,DT500,4,500.0,60.0,488.0,-11.999999999999972,5362,519,5882,0,0,0,0,1,3.711607530004888e-14,5.9999999999999405,5.9999999999999405
P9,Vertical,Center,1D,DT500,5,500.0,60.0,498.0,-2.0,5025,552,5578,0,0,0,0,0,3.5352257440889854e-14,6.00000000000006,6.00000000000006
P9,Vertical,Center,1D,DT500,6,500.0,60.0,501.00000000000006,1.000000000000029,4770,515,5286,0,0,0,0,0,3.6237343090983794e-14,5.9999999999999405,5.9999999999999405
P9,Vertical,Center,1D,DT500,0,500.0,40.0,502.0,2.0,4790,502,5292,0,0,0,0,0,3.6374251812840016e-14,5.9999999999999405,5.9999999999999405
P9,Vertical,Center,1D,DT500,1,500.0,40.0,507.0,7.0,5627,525,6152,0,0,0,0,0,3.679015221812939e-14,6.000000000000062,6.000000000000062
P9,Vertical,Center,1D,DT500,2,500.0,40.0,504.0,4.0,4786,519,5306,0,0,0,0,0,3.6519584849723466e-14,5.999999999999938,5.999999999999938
P9,Vertical,Center,1D,DT500,3,500.0,40.0,518.0,18.0,5067,505,5573,0,0,0,0,0,3.8422966092641765e-14,6.000000000000062,6.000000000000062
P9,Vertical,Center,1D,DT500,4,500.0,40.0,494.0,-6.0,4898,519,5417,0,0,0,0,1,3.807276379741339e-14,5.999999999999941,5.999999999999941
P9,Vertical,Center,1D,DT500,5,500.0,40.0,507.0,7.0,5273,506,5780,0,0,0,0,0,3.620635288177711e-14,6.000000000000063,6.000000000000063
P9,Vertical,Center,1D,DT500,6,500.0,40.0,506.0,6.0,6079,511,6590,0,0,0,0,0,3.824579092368976e-14,5.99999999999994,5.99999999999994
P9,Vertical,Center,1D,DT500,0,250.0,60.0,249.0,-1.0,2526,544,3071,0,0,0,0,0,1.9087993044454264e-14,5.999999999999968,5.999999999999968
P9,Vertical,Center,1D,DT500,1,250.0,60.0,244.0,-6.000000000000014,3006,510,3516,0,0,0,0,0,1.7700543951819067e-14,6.000000000000029,6.000000000000029
P9,Vertical,Center,1D,DT500,2,250.0,60.0,242.0,-7.999999999999986,2502,511,3014,0,0,0,0,0,1.7665682860819074e-14,5.99999999999997,5.99999999999997
P9,Vertical,Center,1D,DT500,3,250.0,60.0,243.0,-6.999999999999986,2889,500,3390,0,0,0,0,0,1.7777329829016553e-14,6.000000000000031,6.000000000000031
P9,Vertical,Center,1D,DT500,4,250.0,60.0,258.0,8.0,3018,506,3525,0,0,0,0,0,1.8699363143449587e-14,5.99999999999997,5.99999999999997
P9,Vertical,Center,1D,DT500,5,250.0,60.0,242.0,-7.999999999999986,3487,515,4002,0,0,0,0,0,1.9130074369818903e-14,6.000000000000028,6.000000000000028
P9,Vertical,Center,1D,DT500,6,250.0,60.0,251.0,0.9999999999999856,2518,538,3057,0,0,0,0,0,1.7954694177261033e-14,5.999999999999969,5.999999999999969
P9,Vertical,Center,1D,DT500,0,250.0,40.0,255.0,5.000000000000014,2794,506,3301,0,0,0,0,0,2.0848275341941742e-14,5.999999999999968,5.999999999999968
P9,Vertical,Center,1D,DT500,1,250.0,40.0,247.0,-3.0,2854,514,3368,0,0,0,0,0,1.8942890599441464e-14,6.00000000000003,6.00000000000003
P9,Vertical,Center,1D,DT500,2,250.0,40.0,237.0,-12.999999999999986,2602,505,3108,0,0,0,0,0,1.7738784591144986e-14,5.99999999999997,5.99999999999997
P9,Vertical,Center,1D,DT500,3,250.0,40.0,258.0,8.0,2585,510,3096,0,0,0,0,0,1.8288334646673145e-14,6.000000000000034,6.000000000000034
P9,Vertical,Center,1D,DT500,4,250.0,40.0,239.0,-11.0,3009,501,3510,0,0,0,0,0,1.851296093320792e-14,5.9999999999999725,5.9999999999999725
P9,Vertical,Center,1D,DT500,5,250.0,40.0,268.0,18.00000000000003,3028,535,3564,0,0,0,0,0,2.1450320991815223e-14,6.000000000000031,6.000000000000031
P9,Vertical,Center,1D,DT500,6,250.0,40.0,265.0,15.000000000000028,2840,503,3344,0,0,0,0,0,2.1484178160120543e-14,5.99999999999997,5.99999999999997
P9,Horizontal,Front,1D,DT500,0,100.0,60.0,86.0,-14.0,1516,505,2022,0,0,0,0,0,7.504757272046966e-15,4.000000000000011,-4.000000000000011
P9,Horizontal,Front,1D,DT500,1,100.0,60.0,98.0,-1.999999999999991,1486,549,2036,0,0,0,0,0,7.066462714858831e-15,3.999999999999985,-3.999999999999985
P9,Horizontal,Front,1D,DT500,2,100.0,60.0,92.0,-8.0,1302,527,1829,0,0,0,0,0,7.544702920655508e-15,4.000000000000012,-4.000000000000012
P9,Horizontal,Front,1D,DT500,3,100.0,60.0,106.0,6.0,2391,525,2916,0,0,0,0,0,8.251708945767098e-15,3.999999999999984,-3.999999999999984
P9,Horizontal,Front,1D,DT500,4,100.0,60.0,98.0,-1.999999999999991,1480,562,2043,0,0,0,0,0,8.434772841613461e-15,4.000000000000012,-4.000000000000012
P9,Horizontal,Front,1D,DT500,5,100.0,60.0,119.0,19.0,1626,502,2129,0,0,0,0,0,9.29842008438805e-15,3.999999999999985,-3.999999999999985
P9,Horizontal,Front,1D,DT500,6,100.0,60.0,109.0,8.999999999999991,1491,515,2007,0,0,0,0,0,9.965629478283303e-15,4.000000000000012,-4.000000000000012
P9,Horizontal,Front,1D,DT500,0,100.0,40.0,114.0,13.999999999999991,3168,515,3684,0,1,0,0,1,1.1426770687703474e-14,2.999999999999981,2.999999999999981
P9,Horizontal,Front,1D,DT500,1,100.0,40.0,117.0,17.00000000000001,3009,504,3514,0,0,0,0,1,1.0963569814283844e-14,3.0000000000000133,3.0000000000000133
P9,Horizontal,Front,1D,DT500,2,100.0,40.0,111.0,11.000000000000009,1808,525,2333,0,0,0,0,0,1.0032632811258642e-14,2.999999999999988,2.999999999999988
P9,Horizontal,Front,1D,DT500,3,100.0,40.0,114.0,13.999999999999991,1893,507,2401,0,0,0,0,0,1.0090800835360672e-14,3.000000000000013,3.000000000000013
P9,Horizontal,Front,1D,DT500,4,100.0,40.0,113.0,13.000000000000009,1511,503,2014,0,0,0,0,0,9.839023363747636e-15,2.999999999999988,2.999999999999988
P9,Horizontal,Front,1D,DT500,5,100.0,40.0,103.0,2.999999999999991,1742,516,2258,0,0,0,0,0,9.469970287275212e-15,3.000000000000011,3.000000000000011
P9,Horizontal,Front,1D,DT500,6,100.0,40.0,112.0,12.000000000000009,1470,504,1974,0,0,0,0,0,9.087747957319407e-15,2.9999999999999867,2.9999999999999867
P9,Horizontal,Front,1D,DT500,0,250.0,60.0,246.0,-4.0,2598,512,3110,0,0,0,0,0,1.850125494502737e-14,2.999999999999968,2.999999999999968
P9,Horizontal,Front,1D,DT500,1,250.0,60.0,236.0,-13.999999999999986,2767,507,3274,0,0,0,0,0,1.738590628067883e-14,3.000000000000032,3.000000000000032
P9,Horizontal,Front,1D,DT500,2,250.0,60.0,247.0,-3.0,2442,503,2946,0,0,0,0,0,1.7704502688275722e-14,2.9999999999999685,2.9999999999999685
P9,Horizontal,Front,1D,DT500,3,250.0,60.0,239.0,-11.0,2970,509,3479,0,0,0,0,0,1.810713399001108e-14,3.0000000000000298,3.0000000000000298
P9,Horizontal,Front,1D,DT500,4,250.0,60.0,257.0,7.0,2558,538,3096,0,0,0,0,0,1.871279727851318e-14,2.999999999999967,2.999999999999967
P9,Horizontal,Front,1D,DT500,5,250.0,60.0,256.0,6.0,3241,527,3769,0,0,0,0,0,1.959328086884561e-14,3.000000000000031,3.000000000000031
P9,Horizontal,Front,1D,DT500,6,250.0,60.0,237.0,-13.000000000000014,2797,503,3300,0,0,0,0,0,1.8740372977731482e-14,2.9999999999999702,2.9999999999999702
P9,Horizontal,Front,1D,DT500,0,250.0,40.0,262.0,12.000000000000028,2668,505,3173,0,0,0,0,0,1.9757370525871702e-14,2.999999999999968,2.999999999999968
P9,Horizontal,Front,1D,DT500,1,250.0,40.0,255.0,5.000000000000014,3035,515,3550,0,0,0,0,0,2.0049775560322152e-14,3.00000000000003,3.00000000000003
P9,Horizontal,Front,1D,DT500,2,250.0,40.0,257.0,7.0,5501,533,6035,0,1,0,0,1,2.5810464976694188e-14,2.999999999999964,2.999999999999964
P9,Horizontal,Front,1D,DT500,3,250.0,40.0,247.0,-3.0,3034,525,3559,0,0,0,0,0,1.8885470544116305e-14,3.000000000000029,3.000000000000029
P9,Horizontal,Front,1D,DT500,4,250.0,40.0,263.0,13.000000000000028,2523,503,3026,0,0,0,0,0,1.9110174607038075e-14,2.999999999999966,2.999999999999966
P9,Horizontal,Front,1D,DT500,5,250.0,40.0,254.0,4.0,2794,504,3298,0,0,0,0,0,2.0051538567120518e-14,3.000000000000031,3.000000000000031
P9,Horizontal,Front,1D,DT500,6,250.0,40.0,260.0,10.000000000000028,2616,509,3126,0,0,0,0,0,1.9993960203308762e-14,2.999999999999968,2.999999999999968
P9,Horizontal,Front,1D,DT500,0,500.0,40.0,500.0,-2.9103830456733704e-14,4585,517,5103,0,0,0,0,0,3.5911095770141034e-14,2.999999999999934,2.999999999999934
P9,Horizontal,Front,1D,DT500,1,500.0,40.0,509.0,9.000000000000028,4759,536,5295,0,0,0,0,0,3.703533781337692e-14,3.0000000000000666,3.0000000000000666
P9,Horizontal,Front,1D,DT500,2,500.0,40.0,492.0,-8.0,4696,521,5218,0,0,0,0,0,3.6762859835418904e-14,2.999999999999935,2.999999999999935
P9,Horizontal,Front,1D,DT500,3,500.0,40.0,512.9999999999999,12.99999999999994,4828,507,5336,0,0,0,0,0,3.7174909084226175e-14,3.0000000000000675,3.0000000000000675
P9,Horizontal,Front,1D,DT500,4,500.0,40.0,493.0,-7.0,5585,528,6113,0,0,0,0,0,3.6259108927445046e-14,2.9999999999999405,2.9999999999999405
P9,Horizontal,Front,1D,DT500,5,500.0,40.0,500.0,-2.9103830456733704e-14,4906,534,5440,0,0,0,0,0,3.5757056249563674e-14,3.000000000000064,3.000000000000064
P9,Horizontal,Front,1D,DT500,6,500.0,40.0,489.0,-11.0,4980,538,5518,0,0,0,0,0,3.5972725476437755e-14,2.999999999999936,2.999999999999936
P9,Horizontal,Front,1D,DT500,0,500.0,60.0,497.0,-3.0,4820,508,5329,0,0,0,0,0,3.6421535438293895e-14,2.999999999999941,2.999999999999941
P9,Horizontal,Front,1D,DT500,1,500.0,60.0,491.0,-9.0,4759,504,5264,0,0,0,0,0,3.6061913925937014e-14,3.0000000000000626,3.0000000000000626
P9,Horizontal,Front,1D,DT500,2,500.0,60.0,488.0,-12.0,4604,515,5120,0,0,0,0,0,3.4971786668160133e-14,2.9999999999999365,2.9999999999999365
P9,Horizontal,Front,1D,DT500,3,500.0,60.0,500.0,-2.9103830456733704e-14,4848,513,5361,0,0,0,0,0,3.5633736699445823e-14,3.000000000000064,3.000000000000064
P9,Horizontal,Front,1D,DT500,4,500.0,60.0,499.0,-1.0,4661,549,5210,0,0,0,0,0,3.611150377694375e-14,2.999999999999936,2.999999999999936
P9,Horizontal,Front,1D,DT500,5,500.0,60.0,498.00000000000006,-1.999999999999971,4793,527,5321,0,0,0,0,0,3.630721060929782e-14,3.000000000000064,3.000000000000064
P9,Horizontal,Front,1D,DT500,6,500.0,60.0,506.00000000000006,6.000000000000029,4665,550,5216,0,0,0,0,0,3.6101513991713645e-14,2.999999999999936,2.999999999999936
P9,Horizontal,Rear,1D,DT500,0,500.0,40.0,487.0,-13.0,5551,540,6092,0,0,0,0,0,3.535044952307163e-14,4.9999999999999405,4.9999999999999405
P9,Horizontal,Rear,1D,DT500,1,500.0,40.0,497.0,-3.0,6637,522,7160,0,0,0,0,0,3.4994907901934364e-14,5.000000000000062,5.000000000000062
P9,Horizontal,Rear,1D,DT500,2,500.0,40.0,491.0,-9.0,5103,531,5634,0,0,0,0,0,3.575125007163168e-14,4.999999999999937,4.999999999999937
P9,Horizontal,Rear,1D,DT500,3,500.0,40.0,503.0,3.0,5090,542,5633,0,0,0,0,0,3.6147182772319646e-14,5.000000000000063,5.000000000000063
P9,Horizontal,Rear,1D,DT500,4,500.0,40.0,506.00000000000006,6.000000000000029,5255,521,5777,0,0,0,0,0,3.695554220320576e-14,4.999999999999939,4.999999999999939
P9,Horizontal,Rear,1D,DT500,5,500.0,40.0,502.0,1.999999999999971,6136,527,6663,0,0,0,0,0,3.67141122134615e-14,5.00000000000006,5.00000000000006
P9,Horizontal,Rear,1D,DT500,6,500.0,40.0,507.0,6.999999999999971,5884,532,6417,0,0,0,0,0,3.658880678248339e-14,4.999999999999938,4.999999999999938
P9,Horizontal,Rear,1D,DT500,0,100.0,40.0,103.0,3.0,4610,500,5111,0,0,0,0,1,1.0857756661700228e-14,11.999999999999988,11.999999999999988
P9,Horizontal,Rear,1D,DT500,1,100.0,40.0,113.0,13.0,2029,512,2542,0,0,0,0,0,1.3705986899768666e-14,12.000000000000004,12.000000000000004
P9,Horizontal,Rear,1D,DT500,2,100.0,40.0,101.0,1.0,2001,522,2523,0,0,0,0,0,1.2610882542175864e-14,11.999999999999998,11.999999999999998
P9,Horizontal,Rear,1D,DT500,3,100.0,40.0,109.0,8.999999999999991,1785,504,2290,0,0,0,0,0,9.729507111180988e-15,12.00000000000001,12.00000000000001
P9,Horizontal,Rear,1D,DT500,4,100.0,40.0,111.0,11.0,2250,502,2752,0,0,0,0,0,1.2830002944509318e-14,11.999999999999996,11.999999999999996
P9,Horizontal,Rear,1D,DT500,5,100.0,40.0,104.0,4.0,2238,508,2746,0,0,0,0,0,1.3070164082008271e-14,12.000000000000002,12.000000000000002
P9,Horizontal,Rear,1D,DT500,6,100.0,40.0,112.0,12.0,2729,509,3239,0,0,0,0,0,1.3328596169731147e-14,11.999999999999996,11.999999999999996
P9,Horizontal,Rear,1D,DT500,0,250.0,40.0,255.0,4.999999999999986,3085,535,3620,0,0,0,0,0,1.878405363907309e-14,11.999999999999964,11.999999999999964
P9,Horizontal,Rear,1D,DT500,1,250.0,40.0,251.00000000000003,1.0000000000000149,2960,515,3476,0,0,0,0,0,1.9335006495960542e-14,12.00000000000003,12.00000000000003
P9,Horizontal,Rear,1D,DT500,2,250.0,40.0,267.0,17.0,2981,557,3538,0,0,0,0,0,2.0299355014909432e-14,11.999999999999968,11.999999999999968
P9,Horizontal,Rear,1D,DT500,3,250.0,40.0,248.0,-2.0,3209,516,3726,0,0,0,0,0,2.1931893145793683e-14,12.000000000000018,12.000000000000018
P9,Horizontal,Rear,1D,DT500,4,250.0,40.0,261.0,11.0,2694,548,3243,0,0,0,0,0,1.894059390686892e-14,11.99999999999997,11.99999999999997
P9,Horizontal,Rear,1D,DT500,5,250.0,40.0,261.0,11.0,3293,518,3812,0,0,0,0,0,2.171451973986592e-14,12.000000000000025,12.000000000000025
P9,Horizontal,Rear,1D,DT500,6,250.0,40.0,246.0,-4.0,2948,504,3453,0,0,0,0,0,2.0324642514298e-14,11.999999999999975,11.999999999999975
P9,Horizontal,Rear,1D,DT500,0,100.0,60.0,103.0,3.0,1383,528,1912,0,0,0,0,0,8.066116926887944e-15,11.999999999999982,11.999999999999982
P9,Horizontal,Rear,1D,DT500,1,100.0,60.0,106.0,6.0,1719,508,2228,0,0,0,0,0,9.618607329770783e-15,12.000000000000009,12.000000000000009
P9,Horizontal,Rear,1D,DT500,2,100.0,60.0,106.0,6.0,1809,540,2349,0,0,0,0,0,9.68888268694076e-15,11.99999999999999,11.99999999999999
P9,Horizontal,Rear,1D,DT500,3,100.0,60.0,103.0,3.0,2026,504,2531,0,0,0,0,0,9.129967268197274e-15,12.00000000000001,12.00000000000001
P9,Horizontal,Rear,1D,DT500,4,100.0,60.0,106.0,6.0,3425,501,3926,0,0,0,0,0,9.5723157188752e-15,11.999999999999991,11.999999999999991
P9,Horizontal,Rear,1D,DT500,5,100.0,60.0,94.0,-6.0,1936,515,2451,0,0,0,0,0,9.042518882544243e-15,12.000000000000009,12.000000000000009
P9,Horizontal,Rear,1D,DT500,6,100.0,60.0,91.0,-9.0,1860,542,2403,0,0,0,0,0,7.334869715003329e-15,11.999999999999988,11.999999999999988
P9,Horizontal,Rear,1D,DT500,0,500.0,60.0,491.0,-9.000000000000028,5004,533,5538,0,0,0,0,0,3.5408514965065415e-14,11.99999999999994,11.99999999999994
P9,Horizontal,Rear,1D,DT500,1,500.0,60.0,493.0,-7.0,4927,523,5450,0,0,0,0,0,3.512028225331448e-14,12.00000000000006,12.00000000000006
P9,Horizontal,Rear,1D,DT500,2,500.0,60.0,500.0,0.0,4788,512,5300,0,0,0,0,0,3.5529887676608765e-14,11.99999999999994,11.99999999999994
P9,Horizontal,Rear,1D,DT500,3,500.0,60.0,481.0,-18.99999999999997,4988,519,5508,0,0,0,0,0,3.6612975190164005e-14,12.00000000000005,12.00000000000005
P9,Horizontal,Rear,1D,DT500,4,500.0,60.0,505.0,5.0,4605,533,5139,0,0,0,0,0,3.629834468437484e-14,11.999999999999924,11.999999999999924
P9,Horizontal,Rear,1D,DT500,5,500.0,60.0,511.0,11.0,5170,540,5711,0,0,0,0,0,3.797588873188194e-14,12.000000000000052,12.000000000000052
P9,Horizontal,Rear,1D,DT500,6,500.0,60.0,495.0,-5.0,5703,501,6205,0,0,0,0,0,3.8853527404281396e-14,11.999999999999952,11.999999999999952
P9,Horizontal,Rear,1D,DT500,0,250.0,60.0,258.0,8.0,2620,503,3123,0,0,0,0,0,1.9652114587561e-14,11.999999999999972,11.999999999999972
P9,Horizontal,Rear,1D,DT500,1,250.0,60.0,253.0,3.0,3054,530,3584,0,0,0,0,0,1.967086574792312e-14,12.000000000000025,12.000000000000025
P9,Horizontal,Rear,1D,DT500,2,250.0,60.0,243.0,-7.0,2708,541,3249,0,0,0,0,0,1.87961961876328e-14,11.999999999999972,11.999999999999972
P9,Horizontal,Rear,1D,DT500,3,250.0,60.0,248.0,-2.0,2695,503,3199,0,0,0,0,0,1.8323489651102644e-14,12.000000000000028,12.000000000000028
P9,Horizontal,Rear,1D,DT500,4,250.0,60.0,249.0,-1.0000000000000149,2602,501,3103,0,0,0,0,0,1.8946551756111515e-14,11.999999999999972,11.999999999999972
P9,Horizontal,Rear,1D,DT500,5,250.0,60.0,250.0,0.0,3668,508,4177,0,0,0,0,0,2.0461087863028776e-14,12.00000000000002,12.00000000000002
P9,Horizontal,Rear,1D,DT500,6,250.0,60.0,251.00000000000003,1.0000000000000149,4033,523,4557,0,0,0,0,0,1.8914238565634328e-14,11.99999999999997,11.99999999999997
P9,Joystick,Rear,2D,DT500,0,500.0,40.0,473.38918420674605,-14.074771884165758,5200,500,5701,0,0,3,3,0,8.006472831217343,6.691111303005173,-1.7601907376158463
P9,Joystick,Rear,2D,DT500,1,500.0,40.0,485.3879774261885,-2.07597866472331,7890,500,8391,0,0,1,3,2,8.830800072233535,19.70062261198732,-18.76801073700733
P9,Joystick,Rear,2D,DT500,2,500.0,40.0,502.9831336205667,15.519177529654948,7224,500,7724,0,0,2,3,0,16.901238954410783,20.00318974502425,17.759681224386235
P9,Joystick,Rear,2D,DT500,3,500.0,40.0,478.7319780454559,-8.731978045455886,5565,500,6066,0,0,0,0,0,4.511450719406179,3.695167286245389,0.1115241635687344
P9,Joystick,Rear,2D,DT500,4,500.0,40.0,470.0879662676227,-17.375989823289167,8297,500,8798,0,1,1,4,2,16.28497426567487,17.32829560356129,12.208803799584215
P9,Joystick,Rear,2D,DT500,5,500.0,40.0,485.7438575183669,-1.7200985725449418,5358,500,5859,0,0,1,2,0,5.214466086999181,6.84147964622376,6.525006218933599
P9,Joystick,Rear,2D,DT500,6,500.0,40.0,483.839597957384,-3.624358133527783,5143,500,5644,0,0,2,3,0,17.64199701052176,16.13588103231886,-8.972544851900707
P9,Joystick,Rear,2D,DT500,0,250.0,40.0,237.8920409495112,-5.839937095944743,7121,500,7622,0,1,1,2,1,24.48572435934668,36.518699697255606,-32.71099561860449
P9,Joystick,Rear,2D,DT500,1,250.0,40.0,244.4357471997965,0.7037691543405699,12744,503,13247,0,0,4,5,4,32.14863610096201,26.092546428610063,13.463624303023664
P9,Joystick,Rear,2D,DT500,2,250.0,40.0,237.32507534634948,-6.406902699106461,3523,500,4024,0,0,2,2,0,12.453138751047964,14.778292171102164,-13.383796779312974
P9,Joystick,Rear,2D,DT500,3,250.0,40.0,230.865989022728,-12.865989022727945,5058,500,5558,0,0,0,0,2,1.7425984088881872,6.5,-6.5
P9,Joystick,Rear,2D,DT500,4,250.0,40.0,241.66844408441025,-2.0635339610457013,3315,500,3815,0,0,1,1,0,7.030326779845304,6.848909163870002,-5.703089097960154
P9,Joystick,Rear,2D,DT500,5,250.0,40.0,245.1382523662829,1.406274320826921,3803,501,4304,0,0,3,2,0,9.034102621239134,8.540367041950871,2.337841005408082
P9,Joystick,Rear,2D,DT500,6,250.0,40.0,252.28380832113604,8.551830275680118,3122,505,3627,0,0,0,2,0,12.546425928234072,18.77413581730642,-18.369693630382923
P9,Joystick,Rear,2D,DT500,0,100.0,60.0,108.15297506195566,10.66018384377325,1758,500,2258,0,0,0,0,0,6.6645724458934446,13.073456501303996,-13.073456501303996
P9,Joystick,Rear,2D,DT500,1,100.0,60.0,87.89754220731744,-9.59524901086497,2790,500,3291,0,0,2,2,2,17.856312541059474,15.210503428284346,3.8334672057129913
P9,Joystick,Rear,2D,DT500,2,100.0,60.0,89.92535241526409,-7.567438802918311,2238,500,2739,0,0,0,1,0,7.850605612597569,12.974293374648347,12.974293374648347
P9,Joystick,Rear,2D,DT500,3,100.0,60.0,94.74639560909117,-2.746395609091224,2773,500,3274,0,0,0,0,0,7.058550843167721e-15,4.0,4.0
P9,Joystick,Rear,2D,DT500,4,100.0,60.0,99.47079467585034,1.9780034576679104,2513,500,3013,0,0,0,3,1,8.00397797106699,9.73613465769392,8.811922012173797
P9,Joystick,Rear,2D,DT500,5,100.0,60.0,103.62306414188414,6.130272923701658,7320,500,7820,0,1,2,3,2,21.012639376244685,25.930570155539524,-23.95535302107736
P9,Joystick,Rear,2D,DT500,6,100.0,60.0,85.74082369075735,-11.75196752742508,3892,500,4393,0,0,1,1,1,20.45431771569876,46.37223488545519,-45.893177520029816
P9,Joystick,Rear,2D,DT500,0,100.0,40.0,110.54787275423192,13.055081536049531,3087,500,3587,0,0,2,2,0,8.163493522548045,6.896833879520957,0.6558813277978351
P9,Joystick,Rear,2D,DT500,1,100.0,40.0,95.73561087315468,-1.757180345027754,6899,501,7400,0,1,1,3,1,22.53139855902288,19.49570731676284,11.43730644842881
P9,Joystick,Rear,2D,DT500,2,100.0,40.0,107.3116376961911,9.818846478008709,2790,500,3291,0,0,1,0,0,4.629227051460616,3.7393484048735495,-0.2187232624418774
P9,Joystick,Rear,2D,DT500,3,100.0,40.0,110.74639560909117,13.253604390908777,2769,503,3272,0,0,0,0,0,2.014054599360097,14.20353982300885,14.20353982300885
P9,Joystick,Rear,2D,DT500,4,100.0,40.0,102.57438362900784,5.081592410825418,3120,500,3621,0,0,1,1,2,16.352062749300316,29.80211445318274,-29.18393738255964
P9,Joystick,Rear,2D,DT500,5,100.0,40.0,90.64861230114624,-6.8441789170362535,6361,500,6862,0,1,3,2,1,17.13408555553794,14.007740854801364,-0.9917268985508074
P9,Joystick,Rear,2D,DT500,6,100.0,40.0,93.28571445914224,-4.207076759040184,6537,500,7038,0,0,0,2,1,21.67271335164964,49.87116427407121,-49.87116427407121
P9,Joystick,Rear,2D,DT500,0,250.0,60.0,248.03352935799887,4.301551312542966,3274,500,3774,0,0,3,3,0,7.124707366794466,5.90783870240328,-1.60185039221173
P9,Joystick,Rear,2D,DT500,1,250.0,60.0,244.74255364043665,1.0105755949807136,3170,500,3670,0,0,1,1,0,8.3277266278792,14.603309432786956,14.176964676871028
P9,Joystick,Rear,2D,DT500,2,250.0,60.0,248.23857160362303,4.506593558167072,3954,500,4454,0,0,1,1,0,16.764496187623187,23.85969800118572,-22.34722959365189
P9,Joystick,Rear,2D,DT500,3,250.0,60.0,232.865989022728,-10.86598902272794,3472,500,3972,0,0,0,0,0,2.4462062783116823e-14,12.0,12.0
P9,Joystick,Rear,2D,DT500,4,250.0,60.0,243.3707776512132,-0.361200394242791,3567,500,4068,0,0,1,1,0,6.874158171505182,5.575200601416715,-0.4036393775529497
P9,Joystick,Rear,2D,DT500,5,250.0,60.0,228.44261555554948,-15.289362489906503,3308,500,3808,0,0,1,1,0,12.058348529123734,20.55048036218072,19.04293651336323
P9,Joystick,Rear,2D,DT500,6,250.0,60.0,232.8380826587428,-10.89389538671318,3028,500,3529,0,0,0,1,0,6.600739975634312,7.021575173505862,-6.735822935139468
P9,Joystick,Rear,2D,DT500,0,500.0,60.0,489.3274075070816,1.8634514161697184,5006,500,5507,0,0,1,0,0,9.266761497689908,8.13448213025363,-2.2259013003661585
P9,Joystick,Rear,2D,DT500,1,500.0,60.0,506.1609902504498,18.697034159537964,5247,500,5747,0,0,2,2,0,14.165535731815227,12.29520780469212,0.1410070597071774
P9,Joystick,Rear,2D,DT500,2,500.0,60.0,488.7336386824646,1.2696825915528056,7418,500,7918,0,0,0,3,0,16.447648931203847,27.7600841754168,27.49302164276117
P9,Joystick,Rear,2D,DT500,3,500.0,60.0,489.7319780454559,2.268021954544135,4649,500,5150,0,0,0,0,0,2.6941550856522883e-14,1.9999999999999585,1.9999999999999585
P9,Joystick,Rear,2D,DT500,4,500.0,60.0,493.34488421130646,5.880928120394606,10854,500,11355,0,0,1,3,0,46.360047087781005,71.26894545493319,66.99188263433963
P9,Joystick,Rear,2D,DT500,5,500.0,60.0,481.0331147824018,-6.430841308510026,5340,500,5841,0,0,1,1,0,10.3096274015663,13.236891106374417,-11.280046392360244
P9,Joystick,Rear,2D,DT500,6,500.0,60.0,493.9810863658717,6.517130274959852,4924,507,5431,0,0,0,4,0,7.289949619842527,8.90015176425365,8.354369754451572
P9,Joystick,Front,2D,DT500,0,250.0,40.0,230.67533627756896,-13.056641767886948,3166,500,3667,0,0,1,3,0,10.593552409010574,10.099200408093076,-6.019207867038106
P9,Joystick,Front,2D,DT500,1,250.0,40.0,233.1734230840255,-10.558554961430447,3682,500,4183,0,0,1,1,0,22.41741415019999,27.11615392759543,20.670629145251187
P9,Joystick,Front,2D,DT500,2,250.0,40.0,261.6867018428247,17.95472379736875,3698,500,4199,0,0,0,3,0,20.902185183753005,29.66142367971302,29.66142367971302
P9,Joystick,Front,2D,DT500,3,250.0,40.0,248.865989022728,5.13401097727206,4030,500,4531,0,0,0,0,0,1.306324748339874,19.424836601307188,19.424836601307188
P9,Joystick,Front,2D,DT500,4,250.0,40.0,234.693102868862,-9.038875176593947,3663,500,4164,0,0,2,1,1,18.677913251485503,25.22564799107661,23.744761190949617
P9,Joystick,Front,2D,DT500,5,250.0,40.0,238.12152286522752,-5.610455180228457,4431,500,4931,0,0,0,2,0,11.15754232724504,22.74808680794441,-22.74808680794441
P9,Joystick,Front,2D,DT500,6,250.0,40.0,245.62900128857643,1.8970232431205047,3958,500,4459,0,0,1,2,0,8.127261475711968,11.270486166462437,-10.633468882923664
P9,Joystick,Front,2D,DT500,0,250.0,60.0,251.40335496245697,7.671376917001042,3073,500,3574,0,0,0,2,0,12.285576801303373,13.513837278486012,12.798789711772216
P9,Joystick,Front,2D,DT500,1,250.0,60.0,231.9165665597296,-11.815411485726376,3102,500,3603,0,0,0,2,0,7.460184796411886,7.361484957036581,5.886722461101427
P9,Joystick,Front,2D,DT500,2,250.0,60.0,250.60719863721465,6.875220591758685,3064,500,3564,0,0,1,2,0,12.168166535241015,11.24433858482853,4.115450080040414
P9,Joystick,Front,2D,DT500,3,250.0,60.0,230.865989022728,-12.865989022727929,3367,506,3873,0,0,0,1,0,6.154452175573013,13.550898203592814,13.52694610778443
P9,Joystick,Front,2D,DT500,4,250.0,60.0,233.99360801240604,-9.738370033049916,3133,500,3634,0,0,0,2,1,10.718986082683028,13.56886099488984,13.333049332869388
P9,Joystick,Front,2D,DT500,5,250.0,60.0,231.3819690430769,-12.35000900237903,2944,500,3445,0,0,0,0,0,4.462506488817397,16.584222058880002,16.584222058880002
P9,Joystick,Front,2D,DT500,6,250.0,60.0,241.7821222210923,-1.9498558243636388,2342,500,2842,0,0,0,0,0,2.186143750604094,4.071541646497056,-4.071541646497056
P9,Joystick,Front,2D,DT500,0,100.0,60.0,99.54831220503236,2.05552098684997,1357,500,1858,0,0,0,0,0,1.591919504109779,2.888018986644831,2.8845559590384404
P9,Joystick,Front,2D,DT500,1,100.0,60.0,96.8538795579982,-0.6389116601842212,3222,500,3723,0,0,0,0,0,7.0273042482725465,6.146776547235019,-4.64960773552802
P9,Joystick,Front,2D,DT500,2,100.0,60.0,94.39699536510888,-3.095795853073501,2099,500,2599,0,0,1,0,0,7.2890214865540734,6.476561076416231,0.7351273901139096
P9,Joystick,Front,2D,DT500,3,100.0,60.0,77.74639560909117,-19.74639560909122,1292,500,1792,0,0,0,0,0,1.977728851842792,3.756756756756748,3.756756756756748
P9,Joystick,Front,2D,DT500,4,100.0,60.0,93.0976098211988,-4.3951813969836495,1398,500,1898,0,0,1,0,0,10.400506606778505,9.358400591341978,-2.7034238296826683
P9,Joystick,Front,2D,DT500,5,100.0,60.0,98.58576112412204,1.0929699059395368,1841,500,2341,0,0,1,1,0,6.241008607120518,6.061995068530627,-2.9339636443314743
P9,Joystick,Front,2D,DT500,6,100.0,60.0,123.50847973677875,26.01568851859634,1943,508,2452,0,0,0,1,1,9.679125337082612,19.69312324627524,19.68762890222694
P9,Joystick,Front,2D,DT500,0,500.0,40.0,484.7281214613719,-2.735834629539973,4899,500,5399,0,0,0,0,0,2.2294154354573275,2.023665573009392,0.3681152846285523
P9,Joystick,Front,2D,DT500,1,500.0,40.0,489.782036800935,2.3180807100231395,7620,500,8121,0,1,2,3,1,14.361024761334653,13.551293055967196,8.83708770157511
P9,Joystick,Front,2D,DT500,2,500.0,40.0,505.7524430036086,18.28848691269684,5827,500,6328,0,0,0,1,0,38.9674398255767,62.689508981789686,62.58511659579887
P9,Joystick,Front,2D,DT500,3,500.0,40.0,483.731978045456,-3.7319780454558464,5336,500,5837,0,0,0,0,0,0.351743157754701,7.143968871595331,7.143968871595331
P9,Joystick,Front,2D,DT500,4,500.0,40.0,486.60648407031454,-0.8574720205972818,8572,501,9073,0,1,2,4,1,18.273608054783686,21.103268475076288,20.406181623760368
P9,Joystick,Front,2D,DT500,5,500.0,40.0,492.12722029698506,4.663264206073213,5134,500,5634,0,0,1,1,0,12.456541912867028,15.313920195305984,14.125449336383772
P9,Joystick,Front,2D,DT500,6,500.0,40.0,488.8839258710062,1.4199697800944524,5640,502,6142,0,0,0,1,0,9.07942336877398,14.4358352899731,14.384578604676005
P9,Joystick,Front,2D,DT500,0,100.0,40.0,111.4379564900572,13.945165271874783,1761,500,2261,0,0,1,1,0,9.042484628780745,12.654710373164423,11.407620843274982
P9,Joystick,Front,2D,DT500,1,100.0,40.0,109.7690698752654,12.276278657082974,4081,500,4582,0,0,2,2,1,17.06443273951507,15.70049718518742,-7.72856964665722
P9,Joystick,Front,2D,DT500,2,100.0,40.0,92.02610265807463,-5.466688560107752,17068,500,17568,0,4,3,8,8,33.45100501369748,35.187352424708585,29.01341823667015
P9,Joystick,Front,2D,DT500,3,100.0,40.0,116.74639560909118,19.25360439090879,6763,500,7264,0,0,3,3,3,17.8552014495647,16.171875,4.057291666666662
P9,Joystick,Front,2D,DT500,4,100.0,40.0,112.41863839659986,14.925847178417422,4947,500,5448,0,2,2,2,2,6.654367191058976,7.872527589404224,7.235525467105112
P9,Joystick,Front,2D,DT500,5,100.0,40.0,100.27813500793204,2.7853437897495548,1946,500,2446,0,0,0,1,0,6.390073187958879,7.435891121312111,6.636247694733971
P9,Joystick,Front,2D,DT500,6,100.0,40.0,96.48585171088722,-1.0069395072952123,3925,500,4426,0,0,1,2,1,14.835856103433962,23.9882546436293,-22.649751532552344
P9,Joystick,Front,2D,DT500,0,500.0,60.0,485.6502167923105,-1.8137392986013177,4636,500,5136,0,0,1,3,0,13.045873596453102,17.236812779899175,-15.413271645528884
P9,Joystick,Front,2D,DT500,1,500.0,60.0,482.44862393866106,-5.015332152250771,5503,500,6003,0,0,1,2,0,14.155762850542423,30.27159247533997,-29.97507952831588
P9,Joystick,Front,2D,DT500,2,500.0,60.0,496.04099379468585,8.577037703774039,5598,500,6098,0,0,2,3,0,20.401431053497564,18.4354111942114,-6.492948707353538
P9,Joystick,Front,2D,DT500,3,500.0,60.0,507.7319780454559,20.26802195454411,7405,500,7906,0,0,0,0,0,7.103377674850449,7.585616438356155,5.613013698630105
P9,Joystick,Front,2D,DT500,4,500.0,60.0,499.08497698883656,11.621020897924732,6577,500,7077,0,0,4,3,0,13.046010819842015,11.39297518753451,1.5988206873898911
P9,Joystick,Front,2D,DT500,5,500.0,60.0,480.4293788217,-7.034577269211868,5790,500,6290,0,0,0,3,0,13.215466495443016,23.09505498958016,-23.09271099902443
P9,Joystick,Front,2D,DT500,6,500.0,60.0,486.7115491126863,-0.7524069782254882,4539,502,5041,0,0,1,2,0,4.367676101218179,5.505019897821723,-4.444454888959253
P6,Vertical,Right,1D,DT500,0,100.0,40.0,79.0,-21.0,638,535,1174,1,0,0,0,1,1.4210854715202004e-14,28.0,28.0
P6,Vertical,Right,1D,DT500,1,100.0,40.0,83.0,-17.0,3336,525,3862,0,1,0,0,3,1.1859284546691811e-14,28.000000000000004,28.000000000000004
P6,Vertical,Right,1D,DT500,2,100.0,40.0,103.0,3.0,888,528,1416,0,0,0,0,1,1.3902191258184731e-14,28.0,28.0
P6,Vertical,Right,1D,DT500,3,100.0,40.0,117.0,17.0,1272,507,1780,0,0,0,0,0,1.5768606702104754e-14,28.0,28.0
P6,Vertical,Right,1D,DT500,4,100.0,40.0,111.0,11.0,1665,524,2189,0,0,0,0,1,1.5101246777268392e-14,28.0,28.0
P6,Vertical,Right,1D,DT500,5,100.0,40.0,117.0,17.0,1361,524,1885,0,0,0,0,1,1.6081748475380355e-14,28.0,28.0
P6,Vertical,Right,1D,DT500,6,100.0,40.0,97.0,-3.0,1178,529,1707,0,0,0,0,1,1.5719615008005043e-14,28.0,28.0
P6,Vertical,Right,1D,DT500,0,500.0,40.0,514.9999999999999,14.99999999999994,8573,534,9108,0,0,0,0,1,6.724258393604606e-14,35.0,35.0
P6,Vertical,Right,1D,DT500,1,500.0,40.0,511.00000000000006,11.00000000000006,4769,511,5280,0,0,0,0,0,7.402891993083249e-14,35.0,35.0
P6,Vertical,Right,1D,DT500,2,500.0,40.0,495.0,-5.0,6854,504,7358,0,0,0,0,1,7.127930444835663e-14,35.0,35.0
P6,Vertical,Right,1D,DT500,3,500.0,40.0,511.00000000000006,11.00000000000006,9170,518,9689,0,1,0,0,3,9.501987167897861e-14,35.0,35.0
P6,Vertical,Right,1D,DT500,4,500.0,40.0,514.0,14.0,5934,510,6445,0,0,0,0,0,6.993133937694233e-14,35.0,35.0
P6,Vertical,Right,1D,DT500,5,500.0,40.0,514.0,14.0,8770,545,9315,0,0,0,0,0,6.433084109472491e-14,35.0,35.0
P6,Vertical,Right,1D,DT500,6,500.0,40.0,487.0,-12.999999999999972,6047,526,6574,0,0,0,0,1,7.140656938352491e-14,35.0,35.0
P6,Vertical,Right,1D,DT500,0,250.0,40.0,253.0,3.0,3040,503,3544,0,0,0,0,1,3.4998012767965015e-14,35.0,35.0
P6,Vertical,Right,1D,DT500,1,250.0,40.0,265.0,14.999999999999972,3169,521,3690,0,0,0,0,0,3.6621029591515135e-14,35.0,35.0
P6,Vertical,Right,1D,DT500,2,250.0,40.0,260.0,10.000000000000028,4486,507,4993,0,0,0,0,0,3.575584670691195e-14,35.0,35.0
P6,Vertical,Right,1D,DT500,3,250.0,40.0,264.0,14.0,3563,535,4098,0,0,0,0,0,3.409124512897721e-14,35.0,35.0
P6,Vertical,Right,1D,DT500,4,250.0,40.0,260.0,10.000000000000028,3626,502,4129,0,1,0,0,1,4.435210763069298e-14,35.0,35.0
P6,Vertical,Right,1D,DT500,5,250.0,40.0,261.0,11.0,4053,541,4595,0,1,0,0,2,4.2475682052734304e-14,35.0,35.0
P6,Vertical,Right,1D,DT500,6,250.0,40.0,255.0,5.0,4873,517,5390,0,1,0,0,1,5.038232914998903e-14,35.0,35.0
P6,Vertical,Right,1D,DT500,0,500.0,60.0,508.0,8.000000000000028,5353,533,5887,0,0,0,0,2,6.7303284651972e-14,35.0,35.0
P6,Vertical,Right,1D,DT500,1,500.0,60.0,497.0,-3.0,5601,550,6152,0,0,0,0,0,7.04835472767925e-14,35.0,35.0
P6,Vertical,Right,1D,DT500,2,500.0,60.0,503.0,2.9999999999999707,6206,547,6754,0,0,0,0,0,6.78864773329395e-14,35.0,35.0
P6,Vertical,Right,1D,DT500,3,500.0,60.0,505.0,5.0,5287,500,5788,0,0,0,0,0,6.575685397039969e-14,35.0,35.0
P6,Vertical,Right,1D,DT500,4,500.0,60.0,507.0,7.0,7472,517,7989,0,0,0,0,0,7.135043791792012e-14,35.0,35.0
P6,Vertical,Right,1D,DT500,5,500.0,60.0,471.0,-29.0,4749,514,5263,0,0,0,0,1,6.974767285269502e-14,35.0,35.0
P6,Vertical,Right,1D,DT500,6,500.0,60.0,490.0,-10.0,5898,521,6420,0,0,0,0,1,6.57011938504117e-14,34.99999999999999,34.99999999999999
P6,Vertical,Right,1D,DT500,0,250.0,60.0,232.0,-18.0,3919,546,4465,0,0,0,0,1,3.0020297970312063e-14,35.0,35.0
P6,Vertical,Right,1D,DT500,1,250.0,60.0,248.0,-2.0,2323,542,2866,0,0,0,0,0,3.1141682735534085e-14,35.00000000000001,35.00000000000001
P6,Vertical,Right,1D,DT500,2,250.0,60.0,253.0,3.0,2298,524,2823,0,0,0,0,1,3.755944560120684e-14,35.0,35.0
P6,Vertical,Right,1D,DT500,3,250.0,60.0,254.0,4.0,2954,522,3476,0,0,0,0,0,3.4994570622614385e-14,35.0,35.0
P6,Vertical,Right,1D,DT500,4,250.0,60.0,259.0,9.0,4450,560,5010,0,0,0,0,0,3.3931185390728e-14,35.0,35.0
P6,Vertical,Right,1D,DT500,5,250.0,60.0,254.0,4.0,3994,547,4542,0,0,0,0,0,3.013764418157539e-14,35.0,35.0
P6,Vertical,Right,1D,DT500,6,250.0,60.0,225.0,-25.0,2456,507,2964,0,0,0,0,1,3.5079037429518434e-14,35.0,35.0
P6,Vertical,Right,1D,DT500,0,100.0,60.0,103.0,3.000000000000009,1350,524,1875,0,0,0,0,1,1.475552811121985e-14,35.0,35.0
P6,Vertical,Right,1D,DT500,1,100.0,60.0,105.0,4.999999999999991,1042,516,1558,0,0,0,0,0,1.5804375153418102e-14,35.0,35.0
P6,Vertical,Right,1D,DT500,2,100.0,60.0,109.0,9.0,1286,534,1820,0,0,0,0,0,1.4340243011685658e-14,35.0,35.0
P6,Vertical,Right,1D,DT500,3,100.0,60.0,117.0,17.00000000000001,1398,506,1904,0,0,0,0,0,1.3918676727344554e-14,35.0,35.0
P6,Vertical,Right,1D,DT500,4,100.0,60.0,80.0,-20.0,3353,504,3857,0,0,0,0,2,1.0499873156623048e-14,35.0,35.0
P6,Vertical,Right,1D,DT500,5,100.0,60.0,97.0,-3.0,664,504,1169,0,0,0,0,0,1.0214695413825736e-14,35.00000000000001,35.00000000000001
P6,Vertical,Right,1D,DT500,6,100.0,60.0,117.0,17.00000000000001,1890,512,2402,0,0,0,0,0,1.2766201278597336e-14,35.0,35.0
P6,Horizontal,Front,1D,DT500,0,100.0,40.0,102.0,1.999999999999991,1424,517,1941,0,0,0,0,0,1.6914300309505966e-14,33.0,-33.0
P6,Horizontal,Front,1D,DT500,1,100.0,40.0,104.0,4.0,2210,536,2746,0,0,0,0,0,1.5888218580782548e-14,33.0,-33.0
P6,Horizontal,Front,1D,DT500,2,100.0,40.0,90.0,-10.0,1333,529,1863,0,0,0,0,0,1.4474856007114573e-14,33.0,-33.0
P6,Horizontal,Front,1D,DT500,3,100.0,40.0,120.0,20.0,2464,557,3022,0,0,0,0,0,1.8731933446451972e-14,33.0,-33.0
P6,Horizontal,Front,1D,DT500,4,100.0,40.0,109.0,9.0,1831,524,2356,0,0,0,0,0,1.657256204579568e-14,33.0,-33.0
P6,Horizontal,Front,1D,DT500,5,100.0,40.0,93.0,-6.999999999999991,3576,502,4078,0,1,0,0,1,2.968686355017843e-14,33.0,-33.0
P6,Horizontal,Front,1D,DT500,6,100.0,40.0,113.0,13.0,1422,524,1946,0,0,0,0,0,1.8541658379344583e-14,33.0,-33.0
P6,Horizontal,Front,1D,DT500,0,500.0,60.0,523.0,22.999999999999943,5029,520,5549,0,0,0,0,0,7.454642390136253e-14,26.0,-26.0
P6,Horizontal,Front,1D,DT500,1,500.0,60.0,506.0,5.999999999999971,5667,528,6195,0,0,0,0,0,7.123770864423159e-14,26.0,-26.0
P6,Horizontal,Front,1D,DT500,2,500.0,60.0,501.0,1.0,4878,549,5427,0,0,0,0,0,7.227216787282535e-14,26.0,-26.0
P6,Horizontal,Front,1D,DT500,3,500.0,60.0,494.00000000000006,-5.999999999999971,4722,529,5252,0,0,0,0,0,7.258306638484604e-14,26.0,-26.0
P6,Horizontal,Front,1D,DT500,4,500.0,60.0,489.0,-11.0,6869,534,7404,0,1,0,0,1,8.501098427347328e-14,26.0,-26.0
P6,Horizontal,Front,1D,DT500,5,500.0,60.0,480.0,-20.0,5301,510,5812,0,0,0,0,0,7.271756953154905e-14,26.0,-26.0
P6,Horizontal,Front,1D,DT500,6,500.0,60.0,486.0,-14.0,4529,532,5062,0,0,0,0,1,6.90253463076778e-14,26.000000000000004,-26.000000000000004
P6,Horizontal,Front,1D,DT500,0,250.0,40.0,271.0,21.0,2652,513,3165,1,0,0,0,0,3.7218243872951407e-14,26.0,-26.0
P6,Horizontal,Front,1D,DT500,1,250.0,40.0,243.0,-7.0,8584,546,9131,0,3,0,0,3,6.290579486124339e-14,26.0,-26.0
P6,Horizontal,Front,1D,DT500,2,250.0,40.0,247.0,-3.0,2702,543,3245,0,0,0,0,0,3.733841597640581e-14,26.0,-26.0
P6,Horizontal,Front,1D,DT500,3,250.0,40.0,263.0,13.0,2607,558,3166,0,0,0,0,0,3.889816723983529e-14,26.0,-26.0
P6,Horizontal,Front,1D,DT500,4,250.0,40.0,260.0,10.0,2998,548,3546,0,0,0,0,0,3.78272003571244e-14,26.0,-26.0
P6,Horizontal,Front,1D,DT500,5,250.0,40.0,245.0,-4.999999999999986,2964,513,3477,0,0,0,0,0,3.42491148464222e-14,26.0,-26.0
P6,Horizontal,Front,1D,DT500,6,250.0,40.0,245.0,-4.999999999999986,2688,523,3211,0,0,0,0,0,3.752965879085824e-14,26.0,-26.0
P6,Horizontal,Front,1D,DT500,0,250.0,60.0,239.0,-11.0,2969,500,3469,0,0,0,0,0,3.62063995510856e-14,26.0,-26.0
P6,Horizontal,Front,1D,DT500,1,250.0,60.0,256.0,5.999999999999971,2943,536,3480,0,0,0,0,0,3.6483194637957474e-14,26.0,-26.0
P6,Horizontal,Front,1D,DT500,2,250.0,60.0,247.0,-3.0,3172,508,3680,0,0,0,0,0,3.4575458849521115e-14,26.0,-26.0
P6,Horizontal,Front,1D,DT500,3,250.0,60.0,251.00000000000003,1.0000000000000149,3068,554,3622,0,0,0,0,0,3.694688551197002e-14,26.0,-26.0
P6,Horizontal,Front,1D,DT500,4,250.0,60.0,256.0,5.999999999999971,3604,517,4121,0,0,0,0,0,3.4676713390836594e-14,26.0,-26.0
P6,Horizontal,Front,1D,DT500,5,250.0,60.0,246.00000000000003,-3.999999999999985,2940,509,3449,0,0,0,0,0,3.6335881947542097e-14,26.0,-26.0
P6,Horizontal,Front,1D,DT500,6,250.0,60.0,262.0,12.0,2700,530,3231,0,0,0,0,0,3.8553224750172255e-14,26.0,-26.0
P6,Horizontal,Front,1D,DT500,0,100.0,60.0,99.0,-1.0,1268,546,1815,0,0,0,0,0,1.4127342602942564e-14,26.000000000000004,-26.000000000000004
P6,Horizontal,Front,1D,DT500,1,100.0,60.0,93.0,-7.0,1543,562,2105,0,0,0,0,0,1.4576231925279107e-14,26.0,-26.0
P6,Horizontal,Front,1D,DT500,2,100.0,60.0,77.0,-23.0,1566,573,2139,0,0,0,0,0,1.2270278663591212e-14,26.0,-26.0
P6,Horizontal,Front,1D,DT500,3,100.0,60.0,120.0,20.0,1192,555,1748,0,0,0,0,0,1.3711236611358971e-14,26.0,-26.0
P6,Horizontal,Front,1D,DT500,4,100.0,60.0,102.0,1.999999999999991,1825,524,2349,0,0,0,0,0,1.4842753667696044e-14,26.0,-26.0
P6,Horizontal,Front,1D,DT500,5,100.0,60.0,97.0,-3.0,1485,514,1999,0,0,0,0,0,1.469123356524117e-14,26.0,-26.0
P6,Horizontal,Front,1D,DT500,6,100.0,60.0,114.0,14.0,1367,533,1900,0,0,0,0,0,1.7781323089483007e-14,26.0,-26.0
P6,Horizontal,Front,1D,DT500,0,500.0,40.0,494.00000000000006,-5.999999999999971,5960,505,6466,0,0,0,0,0,7.245538909357746e-14,26.0,-26.0
P6,Horizontal,Front,1D,DT500,1,500.0,40.0,504.0,4.0,4867,557,5424,0,0,0,0,0,7.576218157146957e-14,26.0,-26.0
P6,Horizontal,Front,1D,DT500,2,500.0,40.0,508.0,8.0,4834,557,5392,0,0,0,0,0,7.305531262186293e-14,26.0,-26.0
P6,Horizontal,Front,1D,DT500,3,500.0,40.0,484.0,-15.999999999999972,4771,503,5275,0,0,0,0,0,7.010593761077631e-14,26.0,-26.0
P6,Horizontal,Front,1D,DT500,4,500.0,40.0,517.0,17.0,4781,542,5324,0,0,0,0,0,7.327925610375212e-14,26.000000000000004,-26.000000000000004
P6,Horizontal,Front,1D,DT500,5,500.0,40.0,507.0,7.0,4946,528,5475,0,0,0,0,0,7.39508918123292e-14,26.0,-26.0
P6,Horizontal,Front,1D,DT500,6,500.0,40.0,499.0,-1.0,6944,519,7464,0,0,0,0,0,7.246142549764706e-14,26.0,-26.0
P6,Vertical,Left,1D,DT500,0,250.0,60.0,225.0,-25.0,5622,535,6158,0,0,0,0,3,2.825105314812601e-14,8.0,-8.0
P6,Vertical,Left,1D,DT500,1,250.0,60.0,260.0,9.999999999999972,2264,526,2790,0,0,0,0,0,1.981511550354897e-14,7.999999999999963,-7.999999999999963
P6,Vertical,Left,1D,DT500,2,250.0,60.0,246.0,-4.0,4923,518,5441,0,1,0,0,2,3.3123982762936555e-14,8.000000000000046,-8.000000000000046
P6,Vertical,Left,1D,DT500,3,250.0,60.0,246.0,-4.0,4060,537,4597,0,0,0,0,0,2.227804412011143e-14,7.999999999999966,-7.999999999999966
P6,Vertical,Left,1D,DT500,4,250.0,60.0,236.0,-14.0,4198,561,4759,0,0,0,0,2,2.5118571592031078e-14,8.000000000000016,-8.000000000000016
P6,Vertical,Left,1D,DT500,5,250.0,60.0,247.00000000000003,-2.9999999999999853,2176,517,2694,0,0,0,0,0,2.1110203055420933e-14,7.999999999999967,-7.999999999999967
P6,Vertical,Left,1D,DT500,6,250.0,60.0,240.0,-10.0,3759,506,4265,0,0,0,0,1,2.403278960584808e-14,8.000000000000012,-8.000000000000012
P6,Vertical,Left,1D,DT500,0,100.0,40.0,106.0,6.0,2643,506,3149,0,0,0,0,2,1.1194711950078908e-14,1.0000000000000049,-1.0000000000000049
P6,Vertical,Left,1D,DT500,1,100.0,40.0,104.0,4.0,1738,519,2258,0,0,0,0,0,1.0284962422411531e-14,0.9999999999999905,-0.9999999999999905
P6,Vertical,Left,1D,DT500,2,100.0,40.0,96.0,-4.0,4022,505,4528,0,1,0,0,2,1.0139358268703687e-14,1.0000000000000215,-1.0000000000000215
P6,Vertical,Left,1D,DT500,3,100.0,40.0,101.0,1.000000000000009,1741,550,2291,0,0,0,0,1,8.771793884501047e-15,0.9999999999999882,-0.9999999999999882
P6,Vertical,Left,1D,DT500,4,100.0,40.0,84.0,-15.999999999999996,926,523,1449,0,0,0,0,1,7.84825536678419e-15,1.000000000000013,-1.000000000000013
P6,Vertical,Left,1D,DT500,5,100.0,40.0,114.0,14.000000000000009,1163,525,1688,0,0,0,0,0,8.839777167599107e-15,0.9999999999999852,-0.9999999999999852
P6,Vertical,Left,1D,DT500,6,100.0,40.0,94.0,-6.000000000000009,1355,502,1858,0,0,0,0,1,9.74561639818806e-15,1.00000000000001,-1.00000000000001
P6,Vertical,Left,1D,DT500,0,100.0,60.0,101.0,1.000000000000009,1455,506,1961,0,0,0,0,0,9.038000392536483e-15,1.0000000000000095,-1.0000000000000095
P6,Vertical,Left,1D,DT500,1,100.0,60.0,106.0,6.0,1549,516,2066,0,0,0,0,0,9.427639311098758e-15,0.9999999999999908,-0.9999999999999908
P6,Vertical,Left,1D,DT500,2,100.0,60.0,112.0,12.0,1456,545,2002,0,0,0,0,0,1.0347028428933992e-14,1.000000000000009,-1.000000000000009
P6,Vertical,Left,1D,DT500,3,100.0,60.0,102.0,2.0,1491,518,2010,0,0,0,0,0,1.0211481095388415e-14,0.9999999999999912,-0.9999999999999912
P6,Vertical,Left,1D,DT500,4,100.0,60.0,95.0,-5.0,1446,503,1950,0,0,0,0,1,8.863782654261788e-15,1.00000000000001,-1.00000000000001
P6,Vertical,Left,1D,DT500,5,100.0,60.0,119.0,19.00000000000001,1321,544,1866,0,0,0,0,0,9.364307758528224e-15,0.9999999999999888,-0.9999999999999888
P6,Vertical,Left,1D,DT500,6,100.0,60.0,108.0,8.0,1803,545,2349,0,0,0,0,0,1.0775272737809898e-14,1.0000000000000064,-1.0000000000000064
P6,Vertical,Left,1D,DT500,0,500.0,40.0,504.00000000000006,4.000000000000029,5528,527,6055,0,0,0,0,1,4.0989294716432416e-14,1.0000000000000593,-1.0000000000000593
P6,Vertical,Left,1D,DT500,1,500.0,40.0,500.0,-2.9103830456733704e-14,5891,509,6401,0,1,0,0,3,3.922346530758637e-14,0.9999999999999232,-0.9999999999999232
P6,Vertical,Left,1D,DT500,2,500.0,40.0,492.00000000000006,-7.999999999999971,8253,523,8776,0,0,0,0,1,3.7982113072828047e-14,1.0000000000000622,-1.0000000000000622
P6,Vertical,Left,1D,DT500,3,500.0,40.0,499.0,-1.0,5671,503,6175,0,1,0,0,3,4.146099517340766e-14,0.9999999999999304,-0.9999999999999304
P6,Vertical,Left,1D,DT500,4,500.0,40.0,480.0,-20.0,4721,546,5268,0,0,0,0,1,3.746519855066452e-14,1.0000000000000613,-1.0000000000000613
P6,Vertical,Left,1D,DT500,5,500.0,40.0,512.0,12.0,5881,535,6417,0,0,0,0,0,3.5924448433063565e-14,0.9999999999999368,-0.9999999999999368
P6,Vertical,Left,1D,DT500,6,500.0,40.0,490.0,-10.0,7269,520,7789,0,0,0,0,1,4.1570443314446585e-14,1.0000000000000546,-1.0000000000000546
P6,Vertical,Left,1D,DT500,0,500.0,60.0,496.0,-4.000000000000029,5151,532,5684,0,0,0,0,2,3.8534560817448404e-14,1.0000000000000664,-1.0000000000000664
P6,Vertical,Left,1D,DT500,1,500.0,60.0,500.0,-2.9103830456733704e-14,4398,542,4940,0,0,0,0,0,3.87500868244005e-14,0.9999999999999372,-0.9999999999999372
P6,Vertical,Left,1D,DT500,2,500.0,60.0,489.0,-10.999999999999972,6637,533,7170,0,0,0,0,1,3.959379831363906e-14,1.0000000000000573,-1.0000000000000573
P6,Vertical,Left,1D,DT500,3,500.0,60.0,523.0,23.000000000000057,4356,501,4857,0,0,0,0,0,4.1487289803679156e-14,0.9999999999999404,-0.9999999999999404
P6,Vertical,Left,1D,DT500,4,500.0,60.0,508.0,7.999999999999971,6367,502,6869,0,1,0,0,3,4.565284465017415e-14,1.0000000000000628,-1.0000000000000628
P6,Vertical,Left,1D,DT500,5,500.0,60.0,506.0,6.0,5383,527,5910,0,0,0,0,0,3.9662556547329485e-14,0.9999999999999462,-0.9999999999999462
P6,Vertical,Left,1D,DT500,6,500.0,60.0,496.0,-4.000000000000029,4771,512,5284,0,0,0,0,1,4.008659785602092e-14,1.0000000000000553,-1.0000000000000553
P6,Vertical,Left,1D,DT500,0,250.0,40.0,238.0,-12.0,3452,513,3966,0,0,0,0,1,2.1210501013310643e-14,1.0000000000000255,-1.0000000000000255
P6,Vertical,Left,1D,DT500,1,250.0,40.0,258.0,8.000000000000028,2314,534,2848,0,0,0,0,0,2.09456991816267e-14,0.9999999999999688,-0.9999999999999688
P6,Vertical,Left,1D,DT500,2,250.0,40.0,255.0,5.0,3164,520,3685,0,0,0,0,1,2.2150568512299125e-14,1.0000000000000284,-1.0000000000000284
P6,Vertical,Left,1D,DT500,3,250.0,40.0,261.0,11.000000000000028,2936,537,3474,0,0,0,0,0,2.1847238902577283e-14,0.99999999999997,-0.99999999999997
P6,Vertical,Left,1D,DT500,4,250.0,40.0,250.0,0.0,3005,522,3527,0,0,0,0,1,2.2009780618284632e-14,1.0000000000000282,-1.0000000000000282
P6,Vertical,Left,1D,DT500,5,250.0,40.0,249.0,-1.0000000000000149,2276,536,2813,0,0,0,0,1,2.1408825062834545e-14,0.999999999999969,-0.999999999999969
P6,Vertical,Left,1D,DT500,6,250.0,40.0,254.0,4.0,4114,544,4659,0,0,0,0,1,1.9840976470635714e-14,1.000000000000031,-1.000000000000031
P6,Joystick,Front,2D,DT500,0,500.0,60.0,496.7554425039965,9.29148641308464,5603,501,6104,0,0,2,2,0,23.020487998640963,27.13588167329145,-24.107775028658786
P6,Joystick,Front,2D,DT500,1,500.0,60.0,494.2652994122416,6.801343321329751,5380,506,5887,0,0,1,1,0,14.63432811060464,22.02196453185828,-20.153638709050963
P6,Joystick,Front,2D,DT500,2,500.0,60.0,494.4050630072175,6.941106916305701,9280,508,9788,0,1,3,5,3,33.57349043541755,38.19329563561926,28.20026689418718
P6,Joystick,Front,2D,DT500,3,500.0,60.0,475.7319780454559,-11.731978045455891,7446,508,7955,0,0,1,0,1,3.5149632628715923,13.149253731343284,12.835820895522389
P6,Joystick,Front,2D,DT500,4,500.0,60.0,497.8851956139284,10.421239523016592,5376,506,5882,0,0,1,1,0,25.62230572598017,33.45584711964765,31.44697444566369
P6,Joystick,Front,2D,DT500,5,500.0,60.0,483.5863355133074,-3.87762057760444,5119,500,5620,0,0,2,1,0,14.006687242255405,13.768760874948738,9.224554359312174
P6,Joystick,Front,2D,DT500,6,500.0,60.0,498.3258398825116,10.861883791599793,4933,511,5444,0,0,1,1,0,20.126165609166627,26.02308068479769,23.29136225457053
P6,Joystick,Front,2D,DT500,0,250.0,40.0,242.2047828710377,-1.527195174418222,2943,500,3444,0,0,1,1,0,13.085913225077944,16.37194049703626,11.92878494960869
P6,Joystick,Front,2D,DT500,1,250.0,40.0,227.69072578617084,-16.041252259285105,4217,502,4719,0,1,1,1,1,6.373765457145888,15.390049882160374,-14.550167230467922
P6,Joystick,Front,2D,DT500,2,250.0,40.0,240.59467124784348,-3.13730679761246,6672,513,7185,0,0,1,3,1,18.167410448008543,31.19267271728652,29.975735703657865
P6,Joystick,Front,2D,DT500,3,250.0,40.0,236.865989022728,-6.865989022727932,4834,502,5337,0,0,1,0,0,13.57885388216432,13.100840336134452,-2.361344537815133
P6,Joystick,Front,2D,DT500,4,250.0,40.0,249.4428843254164,5.710906279960438,2521,501,3023,0,0,2,1,0,10.708009317624118,9.66529432046176,2.9948126543600515
P6,Joystick,Front,2D,DT500,5,250.0,40.0,240.4670173126316,-3.2649607328243766,4225,500,4725,0,0,0,1,0,12.516422704245764,30.655697523124747,-30.655697523124747
P6,Joystick,Front,2D,DT500,6,250.0,40.0,233.50564546061167,-10.226332584844233,6293,500,6794,0,1,2,4,1,13.06778769017352,11.983461559339496,-0.6559053542459509
P6,Joystick,Front,2D,DT500,0,500.0,40.0,501.8846145939753,14.420658503063455,5729,504,6234,0,0,3,5,0,11.24442960037162,10.938282209871264,8.677340199912217
P6,Joystick,Front,2D,DT500,1,500.0,40.0,480.4099359318971,-7.054020159014738,5470,502,5973,0,0,0,1,0,14.76448973875902,27.390785078053,-27.307195651976656
P6,Joystick,Front,2D,DT500,2,500.0,40.0,502.6156526607838,15.15169656987201,5761,501,6263,0,0,1,2,0,12.285945438918056,15.41059799549225,12.27868027508815
P6,Joystick,Front,2D,DT500,3,500.0,40.0,490.7319780454559,3.2680219545441367,8589,509,9098,0,0,0,0,1,5.6447065835412603e-14,7.0,7.0
P6,Joystick,Front,2D,DT500,4,500.0,40.0,496.1828620471255,8.718905956213666,6264,500,6765,0,0,2,1,0,31.23207080721223,46.94447667544535,46.30226835942121
P6,Joystick,Front,2D,DT500,5,500.0,40.0,505.0917952171445,17.627839126232683,5597,507,6105,0,0,1,1,0,14.747077767601729,15.248192403624774,10.95972669220954
P6,Joystick,Front,2D,DT500,6,500.0,40.0,498.0504863673121,10.586530276400298,5208,500,5709,0,0,0,2,0,17.976822184238355,27.90981812106897,27.90981812106897
P6,Joystick,Front,2D,DT500,0,100.0,60.0,82.52949583002875,-14.96329538815366,1675,503,2178,0,0,0,0,0,6.254405252279564,8.173692396511026,-7.75498367294912
P6,Joystick,Front,2D,DT500,1,100.0,60.0,93.59784270925216,-3.894948508930271,3513,500,4014,0,0,0,1,0,9.604201297166746,25.256131958774933,-25.256131958774933
P6,Joystick,Front,2D,DT500,2,100.0,60.0,106.17599342717492,8.683202208992544,2511,500,3011,0,0,0,1,0,9.742329528474636,25.376227942052523,-25.376227942052523
P6,Joystick,Front,2D,DT500,3,100.0,60.0,74.74639560909117,-22.746395609091227,2989,503,3492,0,0,0,0,0,2.4772902849353486,6.703703703703703,6.703703703703703
P6,Joystick,Front,2D,DT500,4,100.0,60.0,108.84569864121484,11.352907423032422,3587,510,4097,0,1,2,1,1,18.34840619054254,16.567595046316807,2.046673537952734
P6,Joystick,Front,2D,DT500,5,100.0,60.0,94.96365631126513,-2.529134906917363,1365,501,1867,0,0,1,0,0,13.269881200675654,12.39289822909628,3.661804719169456
P6,Joystick,Front,2D,DT500,6,100.0,60.0,106.3311656180456,8.838374399863156,1347,502,1850,0,0,0,0,0,3.9491296046340048,21.76929040066697,21.76929040066697
P6,Joystick,Front,2D,DT500,0,250.0,60.0,250.65094798423144,6.918969938775539,3098,501,3599,0,0,1,2,0,13.10367211275711,11.694921624867144,-7.095958858632472
P6,Joystick,Front,2D,DT500,1,250.0,60.0,252.67970246341244,8.947724417956493,5254,500,5755,0,0,2,1,1,20.46658361410965,44.39977546303768,-43.816602450560026
P6,Joystick,Front,2D,DT500,2,250.0,60.0,226.4138447625185,-17.318133282937413,2993,500,3494,0,0,0,1,0,9.365793692347207,19.911833675658496,19.911833675658496
P6,Joystick,Front,2D,DT500,3,250.0,60.0,244.86598902272792,1.1340109772720377,3952,502,4454,0,0,0,0,0,4.934270842052148,8.532710280373824,8.364485981308402
P6,Joystick,Front,2D,DT500,4,250.0,60.0,245.53793067335835,1.8059526279024,2781,507,3288,0,0,2,1,0,13.553081262660362,12.307037296112236,4.717407269269278
P6,Joystick,Front,2D,DT500,5,250.0,60.0,244.83144592564275,1.0994678801867772,3868,505,4374,0,0,0,1,0,3.3424155377145155,16.855842974452166,-16.855842974452166
P6,Joystick,Front,2D,DT500,6,250.0,60.0,260.8884711780594,17.156493132603444,4073,500,4574,0,0,2,2,0,12.471186561099,10.736242546048052,-3.8621684060352273
P6,Joystick,Front,2D,DT500,0,100.0,40.0,95.39406802723536,-2.0987231909470405,2770,500,3271,0,0,1,1,0,8.455112684680811,12.454067407817716,-11.359890107710529
P6,Joystick,Front,2D,DT500,1,100.0,40.0,92.7962573856272,-4.696533832555211,2242,501,2743,0,0,0,0,0,3.039500852392563,9.377612821514782,-9.377612821514782
P6,Joystick,Front,2D,DT500,2,100.0,40.0,87.55672538167248,-9.936065836509917,2827,515,3342,0,0,1,0,0,10.025196361965913,8.731299302290886,-0.1722019270322556
P6,Joystick,Front,2D,DT500,3,100.0,40.0,113.74639560909117,16.253604390908773,6332,502,6835,0,1,0,1,1,3.515018573929003,2.132352941176485,2.132352941176453
P6,Joystick,Front,2D,DT500,4,100.0,40.0,92.49545346030212,-4.997337757880323,6170,502,6673,0,0,1,2,1,20.405443437791213,18.85418778045228,5.773146193608328
P6,Joystick,Front,2D,DT500,5,100.0,40.0,105.463902785725,7.971111567542511,1627,502,2130,0,0,1,1,0,8.799530308349814,11.822148851757497,10.82041554030824
P6,Joystick,Front,2D,DT500,6,100.0,40.0,91.3358586347786,-6.156932583403831,1470,501,1971,0,0,0,0,0,0.8310978288575013,1.5848400826799611,-1.5848400826799611
P6,Vertical,Center,1D,DT500,0,250.0,60.0,261.0,11.000000000000028,5198,507,5705,0,0,0,0,2,2.9748313187857784e-14,27.0,-27.0
P6,Vertical,Center,1D,DT500,1,250.0,60.0,245.0,-5.000000000000014,3690,592,4283,0,0,0,0,1,3.2486129919552935e-14,27.0,-27.0
P6,Vertical,Center,1D,DT500,2,250.0,60.0,249.0,-1.0000000000000149,2945,561,3507,0,0,0,0,1,3.4926113879609244e-14,27.0,-27.0
P6,Vertical,Center,1D,DT500,3,250.0,60.0,248.0,-2.0,2745,552,3298,0,0,0,0,1,3.6847133188158637e-14,27.0,-27.0
P6,Vertical,Center,1D,DT500,4,250.0,60.0,241.0,-9.0,2590,546,3137,0,0,0,0,1,4.023214770840928e-14,27.0,-27.0
P6,Vertical,Center,1D,DT500,5,250.0,60.0,256.0,5.999999999999971,3667,538,4206,0,0,0,0,0,2.9022285986255144e-14,27.0,-27.0
P6,Vertical,Center,1D,DT500,6,250.0,60.0,276.0,26.0,5401,529,5931,0,0,0,0,0,3.629715924521348e-14,27.0,-27.0
P6,Vertical,Center,1D,DT500,0,100.0,40.0,97.0,-3.0,722,505,1228,0,0,0,0,1,1.6789469818876796e-14,20.000000000000004,-20.000000000000004
P6,Vertical,Center,1D,DT500,1,100.0,40.0,97.0,-3.0,688,544,1233,0,0,0,0,1,1.018719954857117e-14,19.99999999999999,-19.99999999999999
P6,Vertical,Center,1D,DT500,2,100.0,40.0,88.0,-12.0,718,506,1225,0,0,0,0,1,1.451048403969567e-14,20.000000000000004,-20.000000000000004
P6,Vertical,Center,1D,DT500,3,100.0,40.0,107.0,7.0,2824,558,3383,0,2,0,0,4,1.8776420639054343e-14,20.0,-20.0
P6,Vertical,Center,1D,DT500,4,100.0,40.0,89.0,-11.0,1326,515,1842,0,0,0,0,1,1.41434084174684e-14,20.0,-20.0
P6,Vertical,Center,1D,DT500,5,100.0,40.0,91.0,-9.000000000000009,1332,538,1870,0,0,0,0,1,1.1644877280900051e-14,20.0,-20.0
P6,Vertical,Center,1D,DT500,6,100.0,40.0,90.0,-10.0,872,529,1401,0,0,0,0,1,1.3682945157109031e-14,20.000000000000004,-20.000000000000004
P6,Vertical,Center,1D,DT500,0,500.0,40.0,506.0,6.0,7322,523,7846,0,0,0,0,2,5.2513188700134086e-14,20.000000000000043,-20.000000000000043
P6,Vertical,Center,1D,DT500,1,500.0,40.0,517.0,17.0,7063,534,7597,0,0,0,0,0,6.474425597447366e-14,19.99999999999999,-19.99999999999999
P6,Vertical,Center,1D,DT500,2,500.0,40.0,519.0,19.0,10999,508,11507,0,0,0,0,0,6.53459550011668e-14,20.0,-20.0
P6,Vertical,Center,1D,DT500,3,500.0,40.0,475.0,-24.99999999999997,5381,510,5891,1,0,0,0,1,6.8523769760655e-14,20.0,-20.0
P6,Vertical,Center,1D,DT500,4,500.0,40.0,490.0,-10.0,6935,569,7504,0,0,0,0,3,6.910836117213362e-14,20.000000000000004,-20.000000000000004
P6,Vertical,Center,1D,DT500,5,500.0,40.0,508.0,8.000000000000028,4458,534,4992,0,0,0,0,0,5.730019906464633e-14,19.99999999999998,-19.99999999999998
P6,Vertical,Center,1D,DT500,6,500.0,40.0,509.0,9.0,8690,540,9230,0,0,0,0,1,6.875099068164737e-14,20.0,-20.0
P6,Vertical,Center,1D,DT500,0,100.0,60.0,102.0,2.0,1121,544,1665,0,0,0,0,1,1.2405813874793621e-14,20.000000000000004,-20.000000000000004
P6,Vertical,Center,1D,DT500,1,100.0,60.0,116.0,16.0,1215,522,1737,0,0,0,0,0,1.6169447822150565e-14,20.0,-20.0
P6,Vertical,Center,1D,DT500,2,100.0,60.0,116.0,16.0,1138,525,1663,0,0,0,0,1,1.6341034741328732e-14,20.0,-20.0
P6,Vertical,Center,1D,DT500,3,100.0,60.0,106.0,5.999999999999991,1453,518,1971,0,0,0,0,0,1.3662701108210572e-14,20.0,-20.0
P6,Vertical,Center,1D,DT500,4,100.0,60.0,108.0,8.000000000000009,851,530,1382,0,0,0,0,1,1.6938200703382652e-14,20.0,-20.0
P6,Vertical,Center,1D,DT500,5,100.0,60.0,104.0,4.0,1520,517,2038,0,0,0,0,0,1.359812473041063e-14,20.0,-20.0
P6,Vertical,Center,1D,DT500,6,100.0,60.0,128.0,27.999999999999982,811,517,1328,0,0,0,0,0,1.5792601552457253e-14,20.000000000000004,-20.000000000000004
P6,Vertical,Center,1D,DT500,0,250.0,40.0,259.0,9.000000000000028,2744,506,3251,0,0,0,0,1,3.690046838011186e-14,20.0,-20.0
P6,Vertical,Center,1D,DT500,1,250.0,40.0,238.0,-12.000000000000014,2594,538,3132,0,0,0,0,1,3.6228224290236927e-14,20.0,-20.0
P6,Vertical,Center,1D,DT500,2,250.0,40.0,241.0,-9.0,1870,510,2381,0,0,0,0,1,2.0913943462221662e-14,20.00000000000003,-20.00000000000003
P6,Vertical,Center,1D,DT500,3,250.0,40.0,265.0,15.0,2740,550,3291,0,0,0,0,0,3.597466210044866e-14,20.0,-20.0
P6,Vertical,Center,1D,DT500,4,250.0,40.0,247.0,-3.0,6203,520,6724,0,0,0,0,1,3.518601760495487e-14,20.0,-20.0
P6,Vertical,Center,1D,DT500,5,250.0,40.0,248.0,-2.0,2582,535,3118,0,0,0,0,1,3.657203391667225e-14,20.0,-20.0
P6,Vertical,Center,1D,DT500,6,250.0,40.0,256.00000000000006,6.000000000000029,3043,501,3544,0,0,0,0,3,4.17311075833541e-14,20.000000000000004,-20.000000000000004
P6,Vertical,Center,1D,DT500,0,500.0,60.0,513.0,13.0,6804,547,7352,0,1,0,0,3,6.918659981418603e-14,20.000000000000018,-20.000000000000018
P6,Vertical,Center,1D,DT500,1,500.0,60.0,508.0,8.000000000000028,10124,515,10639,0,0,0,0,0,6.907718815712695e-14,20.0,-20.0
P6,Vertical,Center,1D,DT500,2,500.0,60.0,527.0,26.999999999999943,9763,516,10279,0,0,0,0,3,7.77015808633744e-14,20.0,-20.0
P6,Vertical,Center,1D,DT500,3,500.0,60.0,497.0,-3.0,4838,529,5367,0,0,0,0,0,5.684662133701376e-14,19.999999999999982,-19.999999999999982
P6,Vertical,Center,1D,DT500,4,500.0,60.0,493.0,-7.0,4335,548,4883,0,0,0,0,1,5.107846934489145e-14,20.00000000000003,-20.00000000000003
P6,Vertical,Center,1D,DT500,5,500.0,60.0,505.00000000000006,5.000000000000029,5219,533,5753,0,0,0,0,0,7.276710804096088e-14,20.0,-20.0
P6,Vertical,Center,1D,DT500,6,500.0,60.0,509.0,9.0,12082,556,12639,0,0,0,0,1,6.832755036968127e-14,20.0,-20.0
P6,Joystick,Rear,2D,DT500,0,500.0,60.0,498.2922680555608,10.828311964649004,5189,508,5697,0,0,0,2,0,13.921001334384936,15.968007826719258,-14.98789403267972
P6,Joystick,Rear,2D,DT500,1,500.0,60.0,506.0322793315759,18.56832324066408,4617,500,5117,0,0,1,4,0,8.31111601206746,14.32470244384588,-14.01961050707948
P6,Joystick,Rear,2D,DT500,2,500.0,60.0,495.6757785083455,8.211822417433686,6738,501,7240,0,0,1,4,0,22.11103444925301,32.904479137820935,28.474685913225752
P6,Joystick,Rear,2D,DT500,3,500.0,60.0,470.7319780454559,-16.73197804545587,5410,505,5915,0,0,0,0,0,0.4803416444927486,17.357466063348415,17.357466063348415
P6,Joystick,Rear,2D,DT500,4,500.0,60.0,515.8713715823095,28.407415491397703,7597,502,8100,0,0,2,2,0,47.6957489227986,87.14719681487117,86.24742406683148
P6,Joystick,Rear,2D,DT500,5,500.0,60.0,498.7084324385263,11.24447634761447,5646,502,6148,0,0,2,2,0,12.743382084242636,11.377368692313995,-1.014914865706764
P6,Joystick,Rear,2D,DT500,6,500.0,60.0,474.2600071882789,-13.2039489026329,5552,503,6055,0,0,1,2,0,17.979545260475064,15.354555863797476,1.109719666101867
P6,Joystick,Rear,2D,DT500,0,500.0,40.0,498.2394354743177,10.775479383405871,8916,503,9420,0,1,3,4,1,17.86494898252336,17.986045293934023,-13.454988009881331
P6,Joystick,Rear,2D,DT500,1,500.0,40.0,474.3235026733406,-13.14045341757124,5247,501,5749,0,0,1,2,0,5.929728186741486,7.385546340775208,-5.800881963303518
P6,Joystick,Rear,2D,DT500,2,500.0,40.0,501.2808000537638,13.81684396285202,8265,504,8769,0,0,1,3,1,16.295193192975702,25.384201485430022,24.30558318068956
P6,Joystick,Rear,2D,DT500,3,500.0,40.0,487.731978045456,0.2680219545441611,5266,504,5771,0,0,0,0,2,3.378052960891942,4.640926640926641,3.76833976833976
P6,Joystick,Rear,2D,DT500,4,500.0,40.0,489.2097865050199,1.7458304141080774,15993,500,16494,0,0,4,7,5,29.443750843053145,36.380684902702455,31.597722276601075
P6,Joystick,Rear,2D,DT500,5,500.0,40.0,491.5136074157048,4.049651324792954,4999,502,5501,0,0,0,3,0,5.728687805225368,10.256240321887717,10.102006525015447
P6,Joystick,Rear,2D,DT500,6,500.0,40.0,493.058991034933,5.595034944021196,5378,500,5879,0,0,1,5,0,15.044190054100344,30.523471442579115,29.81023463562348
P6,Joystick,Rear,2D,DT500,0,100.0,40.0,101.8055331397089,4.312741921526499,1850,500,2350,0,0,1,1,0,8.643593469240496,11.4124161886096,9.195714462512154
P6,Joystick,Rear,2D,DT500,1,100.0,40.0,111.83738864376473,14.344597425582291,12998,500,13499,0,1,5,5,5,22.073390414139443,19.04274037456733,3.7466942928374087
P6,Joystick,Rear,2D,DT500,2,100.0,40.0,94.99688605256294,-2.495905165619443,5878,503,6381,0,0,0,1,1,9.252550324475186,19.0614642760482,-19.0614642760482
P6,Joystick,Rear,2D,DT500,3,100.0,40.0,83.74639560909117,-13.746395609091223,1814,513,2327,0,0,0,0,0,1.5483249421817962,1.6124999999999985,-0.7875000000000052
P6,Joystick,Rear,2D,DT500,4,100.0,40.0,100.50456910242195,3.011777884239538,1658,500,2158,0,0,0,1,0,8.0617612287533,19.29917958381061,-19.29917958381061
P6,Joystick,Rear,2D,DT500,5,100.0,40.0,79.52487602482763,-17.96791519335486,2655,500,3155,0,0,0,1,1,12.086695253720196,13.046357939253218,-12.810221848999982
P6,Joystick,Rear,2D,DT500,6,100.0,40.0,96.68755165871372,-0.8052395594687002,1415,503,1918,0,0,0,1,0,4.170989336162594,6.409813419738216,5.81309308369026
P6,Joystick,Rear,2D,DT500,0,100.0,60.0,120.63652858147644,23.14373736329404,4299,503,4803,0,0,1,1,1,13.84237837873564,25.5170353429434,-24.111135356752545
P6,Joystick,Rear,2D,DT500,1,100.0,60.0,86.53172860530451,-10.961062612877909,1007,511,1518,0,0,1,1,0,8.797576108946386,7.338073098175897,-0.0081030892832544
P6,Joystick,Rear,2D,DT500,2,100.0,60.0,91.79369293040352,-5.699098287778873,1592,503,2096,0,0,0,1,0,4.846234733036911,5.66678795085913,-5.109629472907171
P6,Joystick,Rear,2D,DT500,3,100.0,60.0,97.74639560909117,0.2536043909087829,1771,500,2271,0,0,0,0,0,5.004919442138165e-15,9.221590397579571e-15,-9.221590397579571e-15
P6,Joystick,Rear,2D,DT500,4,100.0,60.0,94.93274894667094,-2.560042271511497,4468,507,4976,0,0,1,1,0,11.514602445243272,13.738000709212985,-12.319268971570729
P6,Joystick,Rear,2D,DT500,5,100.0,60.0,96.58658079967188,-0.906210418510608,1500,500,2001,0,0,1,0,0,11.93481311379798,11.666106614512186,4.761773492287101
P6,Joystick,Rear,2D,DT500,6,100.0,60.0,84.15116555794978,-13.341625660232657,1746,507,2253,0,0,0,1,0,8.065113571152828,19.566897695397287,-19.514217381046723
P6,Joystick,Rear,2D,DT500,0,250.0,60.0,265.6030527634015,21.871074717945564,2333,506,2840,0,0,1,2,0,8.127530152886406,7.5589754501603394,2.964976573495758
P6,Joystick,Rear,2D,DT500,1,250.0,60.0,252.2343081833199,8.50233013786397,2896,500,3397,0,0,1,3,2,9.938283213059858,10.807788012317204,-7.970784047985692
P6,Joystick,Rear,2D,DT500,2,250.0,60.0,252.3072665305749,8.575288485118982,4326,505,4832,0,1,2,3,2,16.176248520267496,19.993000479913608,17.492466695614116
P6,Joystick,Rear,2D,DT500,3,250.0,60.0,224.865989022728,-18.86598902272794,4050,506,4557,0,1,1,0,1,6.562140189084134,12.80239520958084,-11.784431137724551
P6,Joystick,Rear,2D,DT500,4,250.0,60.0,242.43434172020085,-1.297636325255087,5382,505,5888,0,0,2,2,0,13.929010080586362,12.682180855420109,3.0840010045948314
P6,Joystick,Rear,2D,DT500,5,250.0,60.0,237.19122662272864,-6.54075142272735,3050,502,3553,0,0,0,1,0,6.936475150215424,24.218515548850093,-24.218515548850093
P6,Joystick,Rear,2D,DT500,6,250.0,60.0,241.95181057380543,-1.7801674716504716,2940,503,3444,0,0,3,2,0,8.932326090710866,7.905086751201039,4.1157380300410775
P6,Joystick,Rear,2D,DT500,0,250.0,40.0,252.65363638983828,8.92165834438237,2750,500,3251,0,0,4,3,0,6.924431433156384,5.966067359257627,1.0360267147067748
P6,Joystick,Rear,2D,DT500,1,250.0,40.0,240.04168782505,-3.690290220405924,2961,500,3461,0,0,0,2,0,4.889655024154713,4.818035224361977,3.7114815850623706
P6,Joystick,Rear,2D,DT500,2,250.0,40.0,251.1406865453341,7.408708499878167,7719,504,8224,0,1,1,3,2,7.133991007367748,7.042960275257587,4.165444910567373
P6,Joystick,Rear,2D,DT500,3,250.0,40.0,242.865989022728,-0.8659890227279362,2601,510,3111,0,0,0,0,0,1.3466254590272208e-14,2.1844377820723296e-14,-2.1788334662118244e-14
P6,Joystick,Rear,2D,DT500,4,250.0,40.0,233.39145165150933,-10.340526393946613,3933,502,4436,0,0,1,1,0,22.032914151522032,43.860381130983264,43.407621836096034
P6,Joystick,Rear,2D,DT500,5,250.0,40.0,245.27684020573528,1.5448621602793158,4669,503,5172,0,0,1,0,0,5.714139373479116,7.230699506636836,-5.675005259859582
P6,Joystick,Rear,2D,DT500,6,250.0,40.0,245.2047804067936,1.4728023613376462,3006,500,3507,0,0,1,2,0,16.514167312319792,24.218717070566623,21.86827975395617
P6,Horizontal,Rear,1D,DT500,0,250.0,40.0,237.0,-13.0,2384,503,2888,0,0,0,0,1,1.9868960195655443e-14,12.000000000000034,-12.000000000000034
P6,Horizontal,Rear,1D,DT500,1,250.0,40.0,259.0,9.000000000000028,5177,504,5681,0,1,0,0,2,2.4602976261684292e-14,11.999999999999948,-11.999999999999948
P6,Horizontal,Rear,1D,DT500,2,250.0,40.0,253.0,3.0,5072,541,5613,0,1,0,0,2,2.7939366609145564e-14,12.000000000000016,-12.000000000000016
P6,Horizontal,Rear,1D,DT500,3,250.0,40.0,263.0,13.000000000000028,3038,513,3551,0,0,0,0,0,2.388030768583936e-14,11.999999999999956,-11.999999999999956
P6,Horizontal,Rear,1D,DT500,4,250.0,40.0,245.0,-4.999999999999986,3352,551,3904,0,0,0,0,0,2.014039466607032e-14,12.000000000000036,-12.000000000000036
P6,Horizontal,Rear,1D,DT500,5,250.0,40.0,252.0,2.0,2909,550,3459,0,0,0,0,0,2.36836315186748e-14,11.999999999999956,-11.999999999999956
P6,Horizontal,Rear,1D,DT500,6,250.0,40.0,241.0,-9.0,2993,506,3500,0,0,0,0,0,1.8271098919545435e-14,12.000000000000034,-12.000000000000034
P6,Horizontal,Rear,1D,DT500,0,250.0,60.0,265.0,15.000000000000028,4281,545,4826,0,0,0,0,0,2.1409587719968937e-14,5.00000000000003,-5.00000000000003
P6,Horizontal,Rear,1D,DT500,1,250.0,60.0,242.0,-8.0,3091,533,3625,0,0,0,0,0,1.9754334020531547e-14,4.9999999999999725,-4.9999999999999725
P6,Horizontal,Rear,1D,DT500,2,250.0,60.0,255.0,4.999999999999986,3573,524,4097,0,0,0,0,0,1.871095667161644e-14,5.000000000000033,-5.000000000000033
P6,Horizontal,Rear,1D,DT500,3,250.0,60.0,239.0,-11.0,3192,527,3720,0,0,0,0,0,1.8006627011198267e-14,4.999999999999971,-4.999999999999971
P6,Horizontal,Rear,1D,DT500,4,250.0,60.0,228.0,-22.0,2639,523,3162,0,0,0,0,0,1.647381246094768e-14,5.000000000000031,-5.000000000000031
P6,Horizontal,Rear,1D,DT500,5,250.0,60.0,245.0,-5.0,2689,547,3236,0,0,0,0,0,1.6731617188434196e-14,4.999999999999965,-4.999999999999965
P6,Horizontal,Rear,1D,DT500,6,250.0,60.0,249.0,-1.0,4350,504,4855,0,0,0,0,0,1.870403777431529e-14,5.000000000000035,-5.000000000000035
P6,Horizontal,Rear,1D,DT500,0,500.0,40.0,490.0,-10.0,5193,533,5727,0,0,0,0,0,3.57454398614496e-14,5.000000000000061,-5.000000000000061
P6,Horizontal,Rear,1D,DT500,1,500.0,40.0,495.0,-5.000000000000029,6158,520,6679,0,0,0,0,0,3.62298933156101e-14,4.999999999999937,-4.999999999999937
P6,Horizontal,Rear,1D,DT500,2,500.0,40.0,510.0,10.000000000000028,4950,543,5494,0,0,0,0,0,3.692559642161327e-14,5.000000000000065,-5.000000000000065
P6,Horizontal,Rear,1D,DT500,3,500.0,40.0,510.0,10.000000000000028,5011,525,5536,0,0,0,0,0,3.7885420418488016e-14,4.999999999999937,-4.999999999999937
P6,Horizontal,Rear,1D,DT500,4,500.0,40.0,494.00000000000006,-5.999999999999971,4859,531,5391,0,0,0,0,0,3.728551425514993e-14,5.000000000000062,-5.000000000000062
P6,Horizontal,Rear,1D,DT500,5,500.0,40.0,514.9999999999999,14.99999999999994,4942,509,5452,0,0,0,0,0,3.77983058232575e-14,4.999999999999934,-4.999999999999934
P6,Horizontal,Rear,1D,DT500,6,500.0,40.0,491.0,-9.0,5528,518,6047,0,0,0,0,0,3.764812924153348e-14,5.000000000000059,-5.000000000000059
P6,Horizontal,Rear,1D,DT500,0,100.0,60.0,105.0,4.999999999999991,1958,555,2513,0,0,0,0,0,8.05096708760257e-15,5.000000000000013,-5.000000000000013
P6,Horizontal,Rear,1D,DT500,1,100.0,60.0,92.0,-8.000000000000009,2090,507,2598,0,0,0,0,0,8.472682124045022e-15,4.9999999999999885,-4.9999999999999885
P6,Horizontal,Rear,1D,DT500,2,100.0,60.0,126.0,26.0,987,533,1520,0,0,0,0,0,9.153338296782671e-15,5.000000000000017,-5.000000000000017
P6,Horizontal,Rear,1D,DT500,3,100.0,60.0,124.0,24.0,3374,539,3914,0,0,0,0,1,1.2720385748181631e-14,5.000000000000002,-5.000000000000002
P6,Horizontal,Rear,1D,DT500,4,100.0,60.0,93.0,-6.999999999999991,2800,542,3342,0,0,0,0,2,1.3261392627244892e-14,5.000000000000006,-5.000000000000006
P6,Horizontal,Rear,1D,DT500,5,100.0,60.0,115.0,15.000000000000009,558,540,1098,0,0,0,0,0,8.466331580648791e-15,4.999999999999985,-4.999999999999985
P6,Horizontal,Rear,1D,DT500,6,100.0,60.0,83.0,-17.0,1151,528,1680,0,0,0,0,1,8.493347233092321e-15,5.00000000000001,-5.00000000000001
P6,Horizontal,Rear,1D,DT500,0,500.0,60.0,474.0,-26.0,4306,529,4836,0,0,0,0,1,3.636481026409573e-14,5.000000000000065,-5.000000000000065
P6,Horizontal,Rear,1D,DT500,1,500.0,60.0,497.0,-3.0,4895,538,5433,0,0,0,0,0,3.386347333539929e-14,4.999999999999933,-4.999999999999933
P6,Horizontal,Rear,1D,DT500,2,500.0,60.0,489.0,-11.000000000000028,4401,520,4922,0,0,0,0,0,3.46752351250363e-14,5.000000000000061,-5.000000000000061
P6,Horizontal,Rear,1D,DT500,3,500.0,60.0,496.0,-4.0,4086,511,4597,0,0,0,0,0,3.5697701694843364e-14,4.999999999999937,-4.999999999999937
P6,Horizontal,Rear,1D,DT500,4,500.0,60.0,499.0,-1.0,5332,529,5862,0,0,0,0,1,3.7603323933095785e-14,5.000000000000065,-5.000000000000065
P6,Horizontal,Rear,1D,DT500,5,500.0,60.0,488.0,-11.999999999999972,7346,522,7868,0,1,0,0,1,4.588730825030233e-14,4.999999999999936,-4.999999999999936
P6,Horizontal,Rear,1D,DT500,6,500.0,60.0,513.0,13.0,10165,518,10683,0,0,0,0,0,3.6021673506581674e-14,5.000000000000064,-5.000000000000064
P6,Horizontal,Rear,1D,DT500,0,100.0,40.0,102.0,2.0,1125,549,1675,0,0,0,0,0,8.846185720293485e-15,5.000000000000012,-5.000000000000012
P6,Horizontal,Rear,1D,DT500,1,100.0,40.0,82.0,-18.0,3418,544,3963,0,1,0,0,1,9.754955871384573e-15,4.999999999999981,-4.999999999999981
P6,Horizontal,Rear,1D,DT500,2,100.0,40.0,111.0,11.0,1274,546,1821,0,0,0,0,0,7.700894664878625e-15,5.000000000000018,-5.000000000000018
P6,Horizontal,Rear,1D,DT500,3,100.0,40.0,104.0,4.0,1581,540,2121,0,0,0,0,0,9.379506387985261e-15,4.9999999999999885,-4.9999999999999885
P6,Horizontal,Rear,1D,DT500,4,100.0,40.0,92.0,-8.000000000000009,1916,508,2424,0,0,0,0,0,7.940289088539977e-15,5.000000000000011,-5.000000000000011
P6,Horizontal,Rear,1D,DT500,5,100.0,40.0,110.0,10.000000000000009,1935,543,2479,0,0,0,0,0,8.190789599157073e-15,4.999999999999984,-4.999999999999984
P6,Horizontal,Rear,1D,DT500,6,100.0,40.0,103.0,3.0,2252,531,2783,0,0,0,0,0,9.269582356341433e-15,5.000000000000012,-5.000000000000012
P6,Joystick,Center,2D,DT500,0,500.0,40.0,495.2826401426588,7.818684051746993,5231,509,5740,0,0,0,2,0,10.563700409765575,28.060710508629143,-28.060710508629143
P6,Joystick,Center,2D,DT500,1,500.0,40.0,478.54934344689934,-8.914612644012493,6426,503,6929,0,0,1,2,0,13.76647840052302,25.370297881209765,24.69652599136173
P6,Joystick,Center,2D,DT500,2,500.0,40.0,498.7106990087257,11.246742917813956,10640,512,11153,0,0,2,4,2,11.20550755685618,20.24245467066297,19.709385167985623
P6,Joystick,Center,2D,DT500,3,500.0,40.0,486.731978045456,-0.7319780454558408,5688,500,6189,0,0,0,0,0,2.6921854600934792e-14,1.0000000000000442,-1.0000000000000442
P6,Joystick,Center,2D,DT500,4,500.0,40.0,500.3556924899645,12.891736399052686,6421,506,6927,0,0,0,1,0,40.56623345352078,78.44450918738937,78.44450918738937
P6,Joystick,Center,2D,DT500,5,500.0,40.0,470.44366507138176,-17.02029101953009,6611,502,7114,0,0,3,2,1,12.932890985247274,11.180119520025164,1.264204582617532
P6,Joystick,Center,2D,DT500,6,500.0,40.0,502.0878747736391,14.623918682727323,17776,500,18277,0,2,4,4,3,18.90504449460627,23.59719027486565,-21.10972131750384
P6,Joystick,Center,2D,DT500,0,250.0,40.0,261.0677899079186,17.335811862462712,6754,508,7262,0,2,1,2,1,15.980333887638752,18.653531009162936,13.596215042549016
P6,Joystick,Center,2D,DT500,1,250.0,40.0,247.86000264973032,4.12802460427437,3153,500,3653,0,0,0,1,0,6.124985852020489,14.489896376700376,14.387377719989772
P6,Joystick,Center,2D,DT500,2,250.0,40.0,244.1344096135612,0.402431568105255,3977,510,4487,0,0,1,2,0,15.125211693104776,24.332857807843222,23.06424374517473
P6,Joystick,Center,2D,DT500,3,250.0,40.0,234.865989022728,-8.865989022727952,4357,503,4861,0,0,0,0,1,1.4489541923352005,19.352517985611502,19.352517985611502
P6,Joystick,Center,2D,DT500,4,250.0,40.0,251.37762761989043,7.645649574434481,6020,506,6527,0,0,2,3,1,17.13360060348215,15.076769995771048,1.1372322677826543
P6,Joystick,Center,2D,DT500,5,250.0,40.0,241.0806301939119,-2.651347851544074,3661,500,4162,0,0,0,2,0,6.293671466545007,12.32908338886097,-12.316027388141512
P6,Joystick,Center,2D,DT500,6,250.0,40.0,230.0301546936672,-13.701823351788711,5132,504,5637,0,0,1,1,2,13.847560502135575,22.259602355272644,21.17473433337376
P6,Joystick,Center,2D,DT500,0,250.0,60.0,241.84458517948164,-1.8873928659742711,2399,509,2909,0,0,2,1,0,5.685656793036255,4.712830516077083,-0.6447440764393123
P6,Joystick,Center,2D,DT500,1,250.0,60.0,225.5035730193761,-18.228405026079884,3271,503,3775,0,0,1,1,0,21.513594846085315,38.90043046387831,-37.895670121778615
P6,Joystick,Center,2D,DT500,2,250.0,60.0,258.78232122767105,15.0503431822151,5943,511,6455,0,0,3,2,0,13.61853924381428,14.302679931739286,10.936812241234936
P6,Joystick,Center,2D,DT500,3,250.0,60.0,217.865989022728,-25.865989022727938,3042,506,3548,0,0,0,0,1,0.8583966506612195,5.87857142857143,-5.864285714285716
P6,Joystick,Center,2D,DT500,4,250.0,60.0,252.48007049923928,8.748092453783322,3302,516,3818,0,0,0,1,0,6.419733363379075,13.048933469982083,-13.02266419393004
P6,Joystick,Center,2D,DT500,5,250.0,60.0,257.8951010029408,14.163122957484823,2910,505,3416,0,0,0,0,0,8.6219126631346,12.214137923813269,11.935839507379598
P6,Joystick,Center,2D,DT500,6,250.0,60.0,242.92673848598724,-0.805239559468682,3372,512,3885,0,0,2,1,0,13.965916392587545,19.491117126500427,18.33002962154264
P6,Joystick,Center,2D,DT500,0,500.0,60.0,494.1700354728773,6.706079381965456,5092,505,5598,0,0,1,4,0,16.743892257362962,13.903136108532443,4.952336839677549
P6,Joystick,Center,2D,DT500,1,500.0,60.0,491.3358228452926,3.8718667543807967,5419,509,5929,0,0,2,2,0,5.101922562536712,4.2440139499449545,-2.595279736366577
P6,Joystick,Center,2D,DT500,2,500.0,60.0,511.5921399501407,24.12818385922888,6165,500,6666,0,0,1,2,0,24.787392419411447,25.640242145681515,19.507376860028344
P6,Joystick,Center,2D,DT500,3,500.0,60.0,491.7319780454559,4.268021954544139,4915,510,5426,0,0,1,1,0,8.375457423552037,7.694915254237298,-2.4745762711864687
P6,Joystick,Center,2D,DT500,4,500.0,60.0,481.2670736422346,-6.196882448677236,7127,508,7635,0,0,0,1,0,45.77560484310137,92.5659614819195,92.5659614819195
P6,Joystick,Center,2D,DT500,5,500.0,60.0,471.0572779526621,-16.406678138249806,6393,502,6895,0,0,0,2,0,13.523169151440008,27.827861931025392,27.729581218299064
P6,Joystick,Center,2D,DT500,6,500.0,60.0,495.8460980138788,8.382141922966968,4789,501,5291,0,0,0,5,0,9.030018167310049,16.492978018701283,-16.323796612059585
P6,Joystick,Center,2D,DT500,0,100.0,60.0,81.77708885180323,-15.715702366379174,1293,501,1795,0,0,0,1,0,7.729677540713647,8.529652852097758,-8.116519868698632
P6,Joystick,Center,2D,DT500,1,100.0,60.0,89.35224809453649,-8.140543123645925,3328,500,3829,0,0,0,1,0,11.854383311517529,28.622232138902994,-28.622232138902994
P6,Joystick,Center,2D,DT500,2,100.0,60.0,110.78044193568893,13.28765071750654,7411,500,7911,0,1,2,3,2,18.73428787249993,16.392888424779855,2.8958229208855
P6,Joystick,Center,2D,DT500,3,100.0,60.0,72.74639560909117,-24.746395609091223,1205,502,1707,0,0,0,0,2,1.0364539904100265,2.5494505494505493,-2.527472527472528
P6,Joystick,Center,2D,DT500,4,100.0,60.0,103.30707987513114,5.814288656948704,2370,516,2886,0,0,0,1,0,6.5421201047735735,21.466108555783496,-21.466108555783496
P6,Joystick,Center,2D,DT500,5,100.0,60.0,120.93231383389788,23.43952261571537,1960,500,2460,0,0,2,2,0,14.178939375441535,12.980788761237807,-5.932425132539696
P6,Joystick,Center,2D,DT500,6,100.0,60.0,93.64591215069832,-3.846879067484109,2930,505,3435,0,0,0,1,0,9.664798890670012,12.32373101310851,-12.30884560406004
P6,Joystick,Center,2D,DT500,0,100.0,40.0,109.74263319476324,12.249841976580845,4391,506,4897,0,0,0,1,1,12.741658395446509,25.5914099396116,-25.253692488986307
P6,Joystick,Center,2D,DT500,1,100.0,40.0,89.7778885334721,-7.714902684710321,2093,505,2599,0,0,0,1,0,6.542659871645885,8.872205016653243,8.82784964625231
P6,Joystick,Center,2D,DT500,2,100.0,40.0,102.70492351423448,5.21213229605208,3251,500,3751,0,0,1,0,0,9.12713755651886,12.53132592086081,10.97401153596796
P6,Joystick,Center,2D,DT500,3,100.0,40.0,99.74639560909117,2.253604390908765,2543,500,3044,0,0,0,0,1,10.734106978765348,9.375,5.249999999999999
P6,Joystick,Center,2D,DT500,4,100.0,40.0,112.48504117593446,14.992249957752026,3936,506,4443,0,1,1,3,1,15.69465188453043,13.184440721677014,0.5910056784122013
P6,Joystick,Center,2D,DT500,5,100.0,40.0,113.4405592910146,15.947768072832115,1057,502,1560,0,0,0,1,0,3.93129834510149,15.247159554486428,-15.247159554486428
P6,Joystick,Center,2D,DT500,6,100.0,40.0,92.27877495184704,-5.214016266335378,2846,500,3347,0,0,1,1,1,10.616206795239762,14.863880890424522,13.458602818008735
P6,Horizontal,Center,1D,DT500,0,250.0,60.0,274.0,24.0,2876,531,3407,0,0,0,0,1,3.426112997215453e-14,18.0,-18.0
P6,Horizontal,Center,1D,DT500,1,250.0,60.0,263.0,13.000000000000028,3943,510,4453,0,0,0,0,0,2.6924310936290287e-14,17.999999999999986,-17.999999999999986
P6,Horizontal,Center,1D,DT500,2,250.0,60.0,252.00000000000003,2.0000000000000147,2453,506,2960,0,0,0,0,1,3.159718914156309e-14,18.000000000000007,-18.000000000000007
P6,Horizontal,Center,1D,DT500,3,250.0,60.0,267.0,16.99999999999997,3127,532,3659,0,0,0,0,0,3.74906369788093e-14,18.0,-18.0
P6,Horizontal,Center,1D,DT500,4,250.0,60.0,264.0,14.0,3509,544,4053,0,0,0,0,0,3.5158237931892205e-14,18.0,-18.0
P6,Horizontal,Center,1D,DT500,5,250.0,60.0,265.0,14.999999999999972,4006,541,4547,0,0,0,0,1,2.809283996443333e-14,18.0,-18.0
P6,Horizontal,Center,1D,DT500,6,250.0,60.0,262.0,11.999999999999972,12177,540,12717,0,0,0,0,1,4.5216384160449805e-14,17.99999999999999,-17.99999999999999
P6,Horizontal,Center,1D,DT500,0,500.0,60.0,483.0,-17.0,4252,526,4779,0,0,0,0,1,4.5006882831231226e-14,11.000000000000083,-11.000000000000083
P6,Horizontal,Center,1D,DT500,1,500.0,60.0,494.0,-6.0,4282,523,4805,0,0,0,0,0,4.1631128260985184e-14,10.999999999999924,-10.999999999999924
P6,Horizontal,Center,1D,DT500,2,500.0,60.0,485.0,-14.999999999999972,7131,557,7689,0,0,0,0,1,3.4263132083476745e-14,11.000000000000066,-11.000000000000066
P6,Horizontal,Center,1D,DT500,3,500.0,60.0,506.0,6.0,5237,520,5757,0,0,0,0,1,3.6387274949703234e-14,10.999999999999934,-10.999999999999934
P6,Horizontal,Center,1D,DT500,4,500.0,60.0,491.0,-9.0,5544,511,6055,0,0,0,0,1,4.2915616337057e-14,11.00000000000004,-11.00000000000004
P6,Horizontal,Center,1D,DT500,5,500.0,60.0,511.0,11.0,6892,515,7408,0,0,0,0,0,4.8628913799180055e-14,10.999999999999972,-10.999999999999972
P6,Horizontal,Center,1D,DT500,6,500.0,60.0,512.0000000000001,12.00000000000006,7614,516,8131,0,0,0,0,1,5.331294500985953e-14,11.000000000000018,-11.000000000000018
P6,Horizontal,Center,1D,DT500,0,100.0,40.0,106.0,6.0,5460,526,5987,0,0,0,0,3,1.1454862020197434e-14,11.0,-11.0
P6,Horizontal,Center,1D,DT500,1,100.0,40.0,107.0,7.0,1325,513,1838,0,0,0,0,0,1.590948321476575e-14,11.0,-11.0
P6,Horizontal,Center,1D,DT500,2,100.0,40.0,101.0,1.0,1040,537,1578,0,0,0,0,1,1.2816527585505403e-14,11.000000000000004,-11.000000000000004
P6,Horizontal,Center,1D,DT500,3,100.0,40.0,95.0,-5.0,1159,547,1707,0,0,0,0,1,1.4163591641871891e-14,10.999999999999998,-10.999999999999998
P6,Horizontal,Center,1D,DT500,4,100.0,40.0,112.0,12.000000000000009,1061,541,1602,0,0,0,0,1,1.3810802405488188e-14,11.000000000000004,-11.000000000000004
P6,Horizontal,Center,1D,DT500,5,100.0,40.0,98.0,-2.0,1603,548,2151,0,0,0,0,1,1.4788904150494912e-14,11.0,-11.0
P6,Horizontal,Center,1D,DT500,6,100.0,40.0,89.0,-11.000000000000004,932,532,1465,0,0,0,0,1,1.1826258839439435e-14,11.000000000000004,-11.000000000000004
P6,Horizontal,Center,1D,DT500,0,100.0,60.0,103.0,3.0,2152,537,2689,0,0,0,0,1,1.2858664228228531e-14,11.000000000000004,-11.000000000000004
P6,Horizontal,Center,1D,DT500,1,100.0,60.0,105.0,5.0,1731,530,2261,0,0,0,0,0,1.2524454356290078e-14,11.0,-11.0
P6,Horizontal,Center,1D,DT500,2,100.0,60.0,97.0,-3.0,1058,529,1587,0,0,0,0,1,1.3320934655348612e-14,11.000000000000002,-11.000000000000002
P6,Horizontal,Center,1D,DT500,3,100.0,60.0,121.0,21.00000000000001,2868,520,3388,0,0,0,0,0,1.3327609706630235e-14,11.0,-11.0
P6,Horizontal,Center,1D,DT500,4,100.0,60.0,89.0,-11.000000000000004,1499,549,2048,0,0,0,0,2,1.3166327655132898e-14,11.0,-11.0
P6,Horizontal,Center,1D,DT500,5,100.0,60.0,109.0,9.0,1272,505,1778,0,0,0,0,0,1.3709528345992816e-14,10.999999999999998,-10.999999999999998
P6,Horizontal,Center,1D,DT500,6,100.0,60.0,101.0,1.0,1448,520,1969,0,0,0,0,1,1.3475469098360723e-14,11.0,-11.0
P6,Horizontal,Center,1D,DT500,0,500.0,40.0,504.0,4.0,5900,538,6439,0,0,0,0,0,4.1812014536338014e-14,11.00000000000005,-11.00000000000005
P6,Horizontal,Center,1D,DT500,1,500.0,40.0,497.0,-3.0,6109,511,6620,0,0,0,0,1,4.3942987830807503e-14,10.99999999999996,-10.99999999999996
P6,Horizontal,Center,1D,DT500,2,500.0,40.0,517.0,17.0,6223,522,6746,0,0,0,0,0,4.1266310285166117e-14,11.000000000000046,-11.000000000000046
P6,Horizontal,Center,1D,DT500,3,500.0,40.0,488.0,-12.0,7719,508,8227,0,0,0,0,1,4.9692954370951976e-14,10.999999999999972,-10.999999999999972
P6,Horizontal,Center,1D,DT500,4,500.0,40.0,505.00000000000006,5.000000000000029,5442,501,5944,0,0,0,0,1,3.6215985389401e-14,11.000000000000066,-11.000000000000066
P6,Horizontal,Center,1D,DT500,5,500.0,40.0,510.0,10.000000000000028,6481,511,6993,0,0,0,0,0,4.8439413753237927e-14,10.999999999999968,-10.999999999999968
P6,Horizontal,Center,1D,DT500,6,500.0,40.0,504.0,4.0,7431,520,7951,0,0,0,0,1,5.0308239867446746e-14,11.000000000000025,-11.000000000000025
P6,Horizontal,Center,1D,DT500,0,250.0,40.0,235.0,-15.0,3672,533,4206,0,0,0,0,1,2.2069254713288e-14,11.000000000000028,-11.000000000000028
P6,Horizontal,Center,1D,DT500,1,250.0,40.0,244.0,-6.000000000000014,2565,511,3076,0,0,0,0,1,1.9553377851335995e-14,10.999999999999956,-10.999999999999956
P6,Horizontal,Center,1D,DT500,2,250.0,40.0,257.99999999999994,7.999999999999971,3257,540,3798,0,0,0,0,1,2.3498183254491943e-14,11.00000000000002,-11.00000000000002
P6,Horizontal,Center,1D,DT500,3,250.0,40.0,243.0,-7.0,3275,525,3800,0,0,0,0,1,2.38867348718824e-14,10.99999999999998,-10.99999999999998
P6,Horizontal,Center,1D,DT500,4,250.0,40.0,238.0,-11.999999999999986,2902,502,3405,0,0,0,0,1,1.8557687985181745e-14,11.000000000000034,-11.000000000000034
P6,Horizontal,Center,1D,DT500,5,250.0,40.0,236.0,-14.0,4572,543,5116,0,1,0,0,2,2.429550440129029e-14,10.99999999999998,-10.99999999999998
P6,Horizontal,Center,1D,DT500,6,250.0,40.0,266.0,16.0,5137,514,5651,0,0,0,0,1,1.840498680064964e-14,11.000000000000036,-11.000000000000036
P12,Joystick,Rear,2D,DT500,0,500.0,40.0,489.1577191543684,1.6937630634565808,11573,506,12080,0,1,2,2,2,31.875474404308,27.65338625137436,4.427117878581798
P12,Joystick,Rear,2D,DT500,1,500.0,40.0,495.2153494958974,7.751393404985567,14487,503,14991,0,0,2,3,1,24.619213694487605,21.755492511720263,-2.797348942822615
P12,Joystick,Rear,2D,DT500,2,500.0,40.0,488.16694938467776,0.702993293765985,8961,500,9461,0,1,0,3,2,44.66730981386249,63.46481264603447,63.43346565572229
P12,Joystick,Rear,2D,DT500,3,500.0,40.0,501.7319780454559,14.268021954544128,7007,513,7520,0,0,1,1,3,5.637011861970868,6.935135135135135,-5.043243243243248
P12,Joystick,Rear,2D,DT500,4,500.0,40.0,474.1921282576844,-13.27182783322738,8952,508,9460,0,0,1,4,3,58.25394409367553,73.222249340783,72.76459981151906
P12,Joystick,Rear,2D,DT500,5,500.0,40.0,492.8991748588746,5.435218767962758,10765,501,11267,0,1,4,7,4,28.094166100342107,26.93007004852251,17.042963332787835
P12,Joystick,Rear,2D,DT500,6,500.0,40.0,480.08875367524007,-7.375202415671728,23696,503,24199,0,4,6,8,8,93.43776034371088,68.59621952405276,-16.70427186613345
P12,Joystick,Rear,2D,DT500,0,500.0,60.0,486.6571562996057,-0.8067997913060787,9196,506,9702,0,0,2,5,2,43.015219879144105,51.77965957251151,-37.68773910132743
P12,Joystick,Rear,2D,DT500,1,500.0,60.0,510.4065848651655,22.942628774253635,4787,502,5290,0,0,1,3,0,9.29251690346165,16.347042630259512,16.004484836977703
P12,Joystick,Rear,2D,DT500,2,500.0,60.0,494.14171756332166,6.677761472409872,7706,500,8207,0,0,1,2,1,57.9117236020594,85.81857943959703,-82.70511438487162
P12,Joystick,Rear,2D,DT500,3,500.0,60.0,490.73197804545583,3.268021954544077,13618,500,14119,0,0,0,1,3,9.925443175135635,21.593952483801296,21.593952483801296
P12,Joystick,Rear,2D,DT500,4,500.0,60.0,477.99747774074063,-9.466478350171208,10036,507,10543,0,1,3,4,3,67.34679793003814,79.2004430792325,67.11821815589064
P12,Joystick,Rear,2D,DT500,5,500.0,60.0,507.9123147063765,20.44835861546468,5143,500,5644,0,0,1,2,0,24.94749111273682,22.92405489658724,-3.881133421983563
P12,Joystick,Rear,2D,DT500,6,500.0,60.0,476.2947071889991,-11.169248901912708,19663,505,20169,0,1,2,9,8,95.22717800630504,107.81914273214116,98.6630857715972
P12,Joystick,Rear,2D,DT500,0,100.0,60.0,93.90044467976796,-3.592346538414432,4457,505,4963,0,0,0,2,0,8.068926018218239,14.074529963549,14.074529963549
P12,Joystick,Rear,2D,DT500,1,100.0,60.0,96.38873143674876,-1.104059781433658,4200,507,4708,0,0,1,0,3,8.800039198939931,14.791621648187988,12.655927357945773
P12,Joystick,Rear,2D,DT500,2,100.0,60.0,82.5183931340409,-14.974398084141482,3345,500,3845,0,0,1,2,1,24.90239088638298,40.30860997143476,-37.25245883666816
P12,Joystick,Rear,2D,DT500,3,100.0,60.0,108.74639560909117,11.253604390908777,3568,500,4069,0,0,0,1,2,14.55455187100879,35.27118644067796,35.16949152542372
P12,Joystick,Rear,2D,DT500,4,100.0,60.0,115.75463707742848,18.26184585924605,887,503,1390,0,0,1,1,0,4.126887071120365,4.497593417212135,3.0340905532369544
P12,Joystick,Rear,2D,DT500,5,100.0,60.0,102.31682301469598,4.824031796513495,5780,504,6285,0,0,1,3,1,27.91709222857004,36.124285921275664,-30.153761271689525
P12,Joystick,Rear,2D,DT500,6,100.0,60.0,84.09833297670659,-13.394458241475853,7344,500,7845,0,1,0,3,2,14.417472034531862,28.114023484438363,28.114023484438363
P12,Joystick,Rear,2D,DT500,0,250.0,40.0,226.27775017968585,-17.45422786577007,4936,500,5437,0,1,1,5,1,17.939604436619604,15.193818081116568,0.9878620311485742
P12,Joystick,Rear,2D,DT500,1,250.0,40.0,242.39705919303256,-1.334918852423382,7884,500,8384,0,0,1,3,1,49.100569963085405,43.54505769495328,-11.743996406774944
P12,Joystick,Rear,2D,DT500,2,250.0,40.0,256.212220182633,12.48024213717705,8343,500,8843,0,1,2,4,3,29.287652713244626,26.40895922305263,15.985262432953466
P12,Joystick,Rear,2D,DT500,3,250.0,40.0,240.865989022728,-2.865989022727925,30485,505,30990,0,3,6,6,12,46.17312481801172,41.38955317809943,-24.059156702328508
P12,Joystick,Rear,2D,DT500,4,250.0,40.0,239.0651416497049,-4.666836395751045,5456,506,5962,0,0,2,1,0,11.024830970618066,12.573178154104742,10.50998999866118
P12,Joystick,Rear,2D,DT500,5,250.0,40.0,254.3520115547115,10.620033509255538,6230,500,6730,0,1,1,3,2,37.607031608246544,31.880637884423617,0.4817748581640059
P12,Joystick,Rear,2D,DT500,6,250.0,40.0,245.7346664510628,2.002688405606848,17412,502,17914,0,2,2,5,3,42.71399150115115,41.26983541221412,23.40985218856957
P12,Joystick,Rear,2D,DT500,0,100.0,40.0,78.62978418130145,-18.863007036880955,6226,500,6726,0,1,2,2,1,10.520351250690853,12.414823880747996,8.83715979656258
P12,Joystick,Rear,2D,DT500,1,100.0,40.0,98.36815792004198,0.8753667018595669,8387,504,8892,0,0,1,1,2,36.65176038567358,34.56220221368904,8.107373724996874
P12,Joystick,Rear,2D,DT500,2,100.0,40.0,107.94472977331246,10.451938555130065,17627,501,18128,0,0,3,6,6,70.68259237520641,64.07091446676048,28.531202539344083
P12,Joystick,Rear,2D,DT500,3,100.0,40.0,117.74639560909117,20.25360439090877,4524,500,5025,0,2,0,0,2,1.1739513072897965,0.6245733788396066,0.0443686006825775
P12,Joystick,Rear,2D,DT500,4,100.0,40.0,82.05130800525602,-15.441483212926409,5073,500,5574,0,1,2,5,2,19.60736026654945,16.217828100498494,1.1483272032909702
P12,Joystick,Rear,2D,DT500,5,100.0,40.0,111.85714248492164,14.364351266739147,5073,503,5576,0,1,1,2,2,9.694715439413192,8.929613882749866,-3.2536958157835283
P12,Joystick,Rear,2D,DT500,6,100.0,40.0,107.27408193511404,9.78129071693159,6945,500,7445,0,2,2,3,3,52.55861867676953,68.6487673763641,63.86613793688321
P12,Joystick,Rear,2D,DT500,0,250.0,60.0,255.61043172149715,11.878453676041234,14071,500,14572,0,3,4,9,5,57.10419945005402,47.00444396258364,3.633453932955076
P12,Joystick,Rear,2D,DT500,1,250.0,60.0,271.45353496322366,27.721556917767693,3085,511,3597,0,0,1,1,0,9.795381968365271,20.38929627544217,19.538065822114795
P12,Joystick,Rear,2D,DT500,2,250.0,60.0,273.8995836440084,30.16760559855241,7899,508,8408,0,0,1,7,1,16.274686420806262,20.50530954777941,-16.71708081605458
P12,Joystick,Rear,2D,DT500,3,250.0,60.0,272.86598902272794,29.13401097727208,4842,503,5345,0,0,1,1,1,11.094087665160195,10.923076923076923,-4.057692307692316
P12,Joystick,Rear,2D,DT500,4,250.0,60.0,251.18068495532924,7.448706909873286,4147,500,4648,0,0,2,2,1,25.105350830610668,21.83753120077604,-1.8712473374639027
P12,Joystick,Rear,2D,DT500,5,250.0,60.0,244.4752548821104,0.743276836654356,2518,500,3019,0,0,0,2,0,9.303870276512674,33.483306546049505,33.483306546049505
P12,Joystick,Rear,2D,DT500,6,250.0,60.0,239.937931559215,-3.7940464862409047,2751,500,3252,0,0,1,1,0,18.16392120900609,19.782936126303767,-11.407008865059836
P12,Vertical,Left,1D,DT500,0,100.0,60.0,76.0,-24.0,4507,526,5033,0,0,0,0,2,6.523268911273615e-15,8.290858830227577e-15,-7.958454699030438e-15
P12,Vertical,Left,1D,DT500,1,100.0,60.0,92.0,-8.0,2260,537,2797,0,0,0,0,0,5.921928250793958e-15,9.4695813744069e-15,9.4695813744069e-15
P12,Vertical,Left,1D,DT500,2,100.0,60.0,81.0,-19.0,4213,525,4738,0,0,0,0,0,6.6735981498130105e-15,6.525770074065196e-15,-6.355384432444696e-15
P12,Vertical,Left,1D,DT500,3,100.0,60.0,87.0,-13.0,2950,503,3453,0,0,0,0,0,6.1519967975777185e-15,9.252206567558247e-15,9.252206567558247e-15
P12,Vertical,Left,1D,DT500,4,100.0,60.0,84.0,-16.0,3912,522,4435,0,0,0,0,1,7.232225668273109e-15,7.341139619842936e-15,-6.711963282666316e-15
P12,Vertical,Left,1D,DT500,5,100.0,60.0,90.0,-10.0,2894,516,3411,0,0,0,0,0,6.186920183298617e-15,8.711320897934832e-15,8.711320897934832e-15
P12,Vertical,Left,1D,DT500,6,100.0,60.0,86.0,-14.0,3454,517,3972,0,0,0,0,1,7.024712815031691e-15,7.825243118633391e-15,-7.565318083712321e-15
P12,Vertical,Left,1D,DT500,0,100.0,40.0,90.0,-10.0,4435,538,4973,0,0,0,0,1,1.1943925871613944e-14,6.999999999999999,6.999999999999999
P12,Vertical,Left,1D,DT500,1,100.0,40.0,95.0,-5.0,3797,502,4300,0,0,0,0,1,1.2456946411454527e-14,7.0,7.0
P12,Vertical,Left,1D,DT500,2,100.0,40.0,82.0,-18.000000000000004,1981,534,2515,0,0,0,0,1,1.2376870647809374e-14,7.0,7.0
P12,Vertical,Left,1D,DT500,3,100.0,40.0,98.0,-2.0,2746,502,3249,0,0,0,0,0,1.2973742936298567e-14,7.000000000000001,7.000000000000001
P12,Vertical,Left,1D,DT500,4,100.0,40.0,86.0,-13.999999999999996,7405,511,7916,0,0,0,0,4,1.24763851037487e-14,7.0,7.0
P12,Vertical,Left,1D,DT500,5,100.0,40.0,111.0,11.000000000000009,3212,514,3727,0,0,0,0,0,1.2244445469978459e-14,7.000000000000001,7.000000000000001
P12,Vertical,Left,1D,DT500,6,100.0,40.0,86.0,-13.999999999999996,5066,541,5607,0,0,0,0,3,1.0539099905364468e-14,7.0,7.0
P12,Vertical,Left,1D,DT500,0,250.0,60.0,248.0,-2.0,4907,520,5427,0,0,0,0,1,2.6306577000516828e-14,6.999999999999992,6.999999999999992
P12,Vertical,Left,1D,DT500,1,250.0,60.0,252.00000000000003,2.0000000000000147,4541,522,5063,0,0,0,0,0,2.5340464451769572e-14,7.000000000000009,7.000000000000009
P12,Vertical,Left,1D,DT500,2,250.0,60.0,256.0,6.0,5882,543,6426,0,0,0,0,0,3.3223690668414625e-14,7.0,7.0
P12,Vertical,Left,1D,DT500,3,250.0,60.0,239.0,-11.000000000000014,4089,525,4614,0,0,0,0,0,2.5954253049620333e-14,7.000000000000007,7.000000000000007
P12,Vertical,Left,1D,DT500,4,250.0,60.0,252.00000000000003,2.0000000000000147,3710,512,4223,0,0,0,0,1,2.256157293930253e-14,6.999999999999985,6.999999999999985
P12,Vertical,Left,1D,DT500,5,250.0,60.0,268.0,18.0,3779,541,4320,0,0,0,0,0,2.365068651284169e-14,7.000000000000015,7.000000000000015
P12,Vertical,Left,1D,DT500,6,250.0,60.0,261.0,11.000000000000028,4616,514,5131,0,0,0,0,1,2.7070390648887043e-14,6.999999999999993,6.999999999999993
P12,Vertical,Left,1D,DT500,0,500.0,40.0,486.0,-14.000000000000028,7296,540,7836,0,0,0,0,2,4.513809781380837e-14,6.999999999999952,6.999999999999952
P12,Vertical,Left,1D,DT500,1,500.0,40.0,521.0,20.999999999999943,5908,532,6441,1,0,0,0,0,4.5158399213039433e-14,7.000000000000075,7.000000000000075
P12,Vertical,Left,1D,DT500,2,500.0,40.0,491.0,-9.000000000000028,8870,529,9400,0,1,0,0,2,6.920989404260146e-14,6.999999999999884,6.999999999999884
P12,Vertical,Left,1D,DT500,3,500.0,40.0,510.0,9.999999999999972,6881,503,7384,0,1,0,0,2,5.4916102035787245e-14,7.000000000000093,7.000000000000093
P12,Vertical,Left,1D,DT500,4,500.0,40.0,481.0,-19.00000000000003,8534,515,9050,0,1,0,0,1,5.1658654095385975e-14,6.999999999999905,6.999999999999905
P12,Vertical,Left,1D,DT500,5,500.0,40.0,497.0,-3.0,7290,504,7795,0,0,0,0,2,3.717307879251236e-14,7.000000000000057,7.000000000000057
P12,Vertical,Left,1D,DT500,6,500.0,40.0,487.0,-13.0,5079,510,5590,0,0,0,0,1,4.4720192072976817e-14,6.999999999999922,6.999999999999922
P12,Vertical,Left,1D,DT500,0,500.0,60.0,493.00000000000006,-6.999999999999971,13875,531,14407,0,2,0,0,4,4.661187672469206e-14,6.999999999999938,6.999999999999938
P12,Vertical,Left,1D,DT500,1,500.0,60.0,521.0,20.999999999999943,5649,542,6192,0,0,0,0,0,4.172089630228272e-14,7.000000000000067,7.000000000000067
P12,Vertical,Left,1D,DT500,2,500.0,60.0,510.0,9.999999999999972,8511,537,9048,0,0,0,0,2,4.5779294446989695e-14,6.999999999999946,6.999999999999946
P12,Vertical,Left,1D,DT500,3,500.0,60.0,497.0,-3.0,5928,538,6466,0,0,0,0,1,4.765508160987872e-14,7.000000000000062,7.000000000000062
P12,Vertical,Left,1D,DT500,4,500.0,60.0,507.00000000000006,7.000000000000029,5869,525,6394,0,0,0,0,1,4.6353798206295164e-14,6.999999999999941,6.999999999999941
P12,Vertical,Left,1D,DT500,5,500.0,60.0,525.0,24.999999999999943,5934,513,6448,0,0,0,0,0,4.39284339677258e-14,7.000000000000065,7.000000000000065
P12,Vertical,Left,1D,DT500,6,500.0,60.0,517.0,17.0,6128,509,6638,0,0,0,0,1,4.907686552948834e-14,6.999999999999923,6.999999999999923
P12,Vertical,Left,1D,DT500,0,250.0,40.0,251.0,0.9999999999999856,4845,521,5367,0,1,0,0,1,2.7991211486947326e-14,6.999999999999936,6.999999999999936
P12,Vertical,Left,1D,DT500,1,250.0,40.0,269.0,19.00000000000003,5312,518,5831,0,0,0,0,1,2.773263909221469e-14,7.000000000000012,7.000000000000012
P12,Vertical,Left,1D,DT500,2,250.0,40.0,262.0,12.000000000000028,11283,524,11808,0,3,0,0,6,5.733145176165293e-14,6.9999999999999964,6.9999999999999964
P12,Vertical,Left,1D,DT500,3,250.0,40.0,261.0,11.000000000000028,13888,508,14397,0,1,0,0,4,6.07587802913163e-14,7.0,7.0
P12,Vertical,Left,1D,DT500,4,250.0,40.0,253.00000000000003,3.0000000000000147,4204,505,4709,0,0,0,0,2,3.142329298519226e-14,6.999999999999987,6.999999999999987
P12,Vertical,Left,1D,DT500,5,250.0,40.0,255.0,5.0,3846,523,4370,0,0,0,0,0,1.963981686902901e-14,7.000000000000028,7.000000000000028
P12,Vertical,Left,1D,DT500,6,250.0,40.0,244.0,-6.000000000000014,4919,536,5456,0,0,0,0,3,3.957418697103887e-14,7.0,7.0
P12,Horizontal,Rear,1D,DT500,0,100.0,60.0,86.0,-14.0,5823,514,6338,0,0,0,0,1,9.157603618294607e-15,2.999999999999999,2.999999999999999
P12,Horizontal,Rear,1D,DT500,1,100.0,60.0,104.0,4.000000000000009,5399,538,5937,0,0,0,0,1,8.287186703606901e-15,3.0,3.0
P12,Horizontal,Rear,1D,DT500,2,100.0,60.0,95.0,-5.0,3333,517,3851,0,0,0,0,2,1.1400836204498435e-14,3.000000000000004,3.000000000000004
P12,Horizontal,Rear,1D,DT500,3,100.0,60.0,102.0,2.0,2377,519,2896,0,0,0,0,0,7.845975032524435e-15,3.0000000000000084,3.0000000000000084
P12,Horizontal,Rear,1D,DT500,4,100.0,60.0,96.0,-4.0,3026,537,3564,0,0,0,0,0,9.366338302558555e-15,2.9999999999999947,2.9999999999999947
P12,Horizontal,Rear,1D,DT500,5,100.0,60.0,87.0,-12.999999999999996,4693,536,5230,0,0,0,0,0,9.711509184692508e-15,3.0,3.0
P12,Horizontal,Rear,1D,DT500,6,100.0,60.0,101.0,1.0,2595,525,3121,0,0,0,0,1,8.324218145701488e-15,2.999999999999992,2.999999999999992
P12,Horizontal,Rear,1D,DT500,0,250.0,40.0,244.0,-6.0,8278,500,8779,0,0,0,0,1,3.5123323955525594e-14,9.999999999999998,9.999999999999998
P12,Horizontal,Rear,1D,DT500,1,250.0,40.0,240.0,-10.0,6475,512,6987,0,0,0,0,1,3.0827864725957836e-14,10.0,10.0
P12,Horizontal,Rear,1D,DT500,2,250.0,40.0,260.0,9.999999999999972,9492,512,10005,0,1,0,0,1,5.814502081454842e-14,9.999999999999998,9.999999999999998
P12,Horizontal,Rear,1D,DT500,3,250.0,40.0,236.0,-14.0,5148,507,5655,0,0,0,0,0,4.0167990322827785e-14,10.0,10.0
P12,Horizontal,Rear,1D,DT500,4,250.0,40.0,254.0,4.000000000000014,13698,536,14234,0,1,0,0,1,6.820098050389494e-14,9.999999999999996,9.999999999999996
P12,Horizontal,Rear,1D,DT500,5,250.0,40.0,259.0,8.999999999999972,6836,521,7358,0,0,0,0,0,2.905768544827508e-14,10.000000000000009,10.000000000000009
P12,Horizontal,Rear,1D,DT500,6,250.0,40.0,254.0,4.000000000000014,12508,529,13038,0,1,0,0,1,4.8585459948198087e-14,9.999999999999991,9.999999999999991
P12,Horizontal,Rear,1D,DT500,0,500.0,40.0,504.0,3.99999999999997,11327,501,11828,0,1,0,0,3,5.80616608103538e-14,9.99999999999994,9.99999999999994
P12,Horizontal,Rear,1D,DT500,1,500.0,40.0,500.00000000000006,2.9103830456733704e-14,6741,542,7283,0,0,0,0,0,5.246706812507384e-14,10.000000000000025,10.000000000000025
P12,Horizontal,Rear,1D,DT500,2,500.0,40.0,509.0,9.000000000000028,6922,522,7445,0,0,0,0,2,5.0506666721604964e-14,9.999999999999968,9.999999999999968
P12,Horizontal,Rear,1D,DT500,3,500.0,40.0,511.0,11.0,7973,506,8480,0,0,0,0,0,5.068655774107288e-14,10.000000000000025,10.000000000000025
P12,Horizontal,Rear,1D,DT500,4,500.0,40.0,506.0,5.999999999999971,17748,519,18267,0,1,0,0,2,9.147095435723444e-14,9.99999999999997,9.99999999999997
P12,Horizontal,Rear,1D,DT500,5,500.0,40.0,505.0,5.0,7010,530,7541,0,0,0,0,0,6.45977528179209e-14,10.00000000000002,10.00000000000002
P12,Horizontal,Rear,1D,DT500,6,500.0,40.0,503.00000000000006,3.0000000000000293,12988,524,13512,0,1,0,0,1,7.02582982520697e-14,9.999999999999948,9.999999999999948
P12,Horizontal,Rear,1D,DT500,0,100.0,40.0,102.0,2.0,4018,529,4547,0,0,0,0,3,1.1768477729647992e-14,10.0,10.0
P12,Horizontal,Rear,1D,DT500,1,100.0,40.0,91.0,-8.999999999999991,5319,501,5821,0,0,0,0,0,1.168907654708367e-14,10.0,10.0
P12,Horizontal,Rear,1D,DT500,2,100.0,40.0,105.0,5.0,2915,514,3429,0,0,0,0,0,1.1623446322872954e-14,10.0,10.0
P12,Horizontal,Rear,1D,DT500,3,100.0,40.0,97.0,-2.999999999999991,2813,523,3336,0,0,0,0,1,1.1703563420916192e-14,10.0,10.0
P12,Horizontal,Rear,1D,DT500,4,100.0,40.0,111.0,11.0,2519,536,3056,0,0,0,0,0,1.239213149070908e-14,10.0,10.0
P12,Horizontal,Rear,1D,DT500,5,100.0,40.0,104.0,4.000000000000009,7052,516,7569,0,0,0,0,1,1.1122663990945963e-14,10.0,10.0
P12,Horizontal,Rear,1D,DT500,6,100.0,40.0,118.0,18.0,1926,512,2438,0,0,0,0,0,1.3065249127692047e-14,10.0,10.0
P12,Horizontal,Rear,1D,DT500,0,500.0,60.0,531.0,31.000000000000057,5960,506,6467,1,0,0,0,1,5.236235268148766e-14,9.99999999999998,9.99999999999998
P12,Horizontal,Rear,1D,DT500,1,500.0,60.0,502.0,2.0,7384,512,7897,0,0,0,0,1,5.526242328078394e-14,10.000000000000014,10.000000000000014
P12,Horizontal,Rear,1D,DT500,2,500.0,60.0,520.0,20.0,5235,529,5764,0,0,0,0,1,4.5817231621012503e-14,9.999999999999964,9.999999999999964
P12,Horizontal,Rear,1D,DT500,3,500.0,60.0,513.0,13.0,7812,503,8315,0,0,0,0,1,5.2795111283810157e-14,10.00000000000001,10.00000000000001
P12,Horizontal,Rear,1D,DT500,4,500.0,60.0,531.0,31.000000000000057,6095,525,6621,1,0,0,0,2,5.45619904061798e-14,9.999999999999975,9.999999999999975
P12,Horizontal,Rear,1D,DT500,5,500.0,60.0,521.0,21.000000000000057,5439,515,5955,0,0,0,0,0,4.7571928701628565e-14,10.000000000000036,10.000000000000036
P12,Horizontal,Rear,1D,DT500,6,500.0,60.0,490.0,-10.0,12416,535,12952,0,1,0,0,2,8.387343932222603e-14,9.999999999999956,9.999999999999956
P12,Horizontal,Rear,1D,DT500,0,250.0,60.0,268.0,17.99999999999997,2396,517,2913,0,0,0,0,0,1.9613892276072332e-14,9.999999999999966,9.999999999999966
P12,Horizontal,Rear,1D,DT500,1,250.0,60.0,256.0,5.999999999999971,7353,526,7879,0,0,0,0,1,2.629688805869469e-14,10.0,10.0
P12,Horizontal,Rear,1D,DT500,2,250.0,60.0,250.0,0.0,5307,515,5823,0,0,0,0,1,3.0543435728390686e-14,10.0,10.0
P12,Horizontal,Rear,1D,DT500,3,250.0,60.0,238.0,-12.0,5031,501,5533,0,0,0,0,0,3.603878764575496e-14,10.0,10.0
P12,Horizontal,Rear,1D,DT500,4,250.0,60.0,254.0,4.000000000000014,3766,505,4272,0,0,0,0,1,3.0516097481057056e-14,10.0,10.0
P12,Horizontal,Rear,1D,DT500,5,250.0,60.0,258.0,8.0,6206,528,6735,0,0,0,0,1,2.9235038427467885e-14,10.0,10.0
P12,Horizontal,Rear,1D,DT500,6,250.0,60.0,270.0,20.0,4463,557,5021,0,0,0,0,0,3.3266042692499816e-14,10.0,10.0
P12,Joystick,Front,2D,DT500,0,250.0,40.0,230.39998276236943,-13.331995283086442,6480,508,6988,0,0,2,2,1,12.875206875736952,11.60906300451955,4.684098561071597
P12,Joystick,Front,2D,DT500,1,250.0,40.0,234.91518157072773,-8.816796474728163,3488,500,3989,0,0,0,2,0,6.715262110855623,13.10992345118453,-13.10992345118453
P12,Joystick,Front,2D,DT500,2,250.0,40.0,255.91340767562727,12.181429630171316,5462,503,5965,0,0,1,2,0,27.81669181875773,27.226443105922435,-13.108723450313956
P12,Joystick,Front,2D,DT500,3,250.0,40.0,229.865989022728,-13.86598902272793,2733,500,3233,0,0,1,1,0,12.645729964168984,22.727272727272727,-21.32121212121212
P12,Joystick,Front,2D,DT500,4,250.0,40.0,241.8676524224141,-1.8643256230418628,9474,500,9975,0,1,0,6,2,10.16900950028805,25.54625293009239,-25.54625293009239
P12,Joystick,Front,2D,DT500,5,250.0,40.0,256.52928740092784,12.797309355471883,5490,500,5991,0,0,2,3,1,13.792508748232535,11.55925357769358,-0.283147198221926
P12,Joystick,Front,2D,DT500,6,250.0,40.0,255.82332227830727,12.091344232851348,7158,500,7658,0,1,2,1,1,24.20130168667385,22.33567456866028,-17.75656507160037
P12,Joystick,Front,2D,DT500,0,500.0,60.0,476.5364888772479,-10.927467213663997,5053,503,5557,0,0,2,2,0,22.81362093637556,23.39359237020445,-17.0105675283902
P12,Joystick,Front,2D,DT500,1,500.0,60.0,487.78285647648494,0.3189003855730783,9339,505,9844,0,0,2,4,4,62.875878284232826,66.22825367337042,-52.51945830518111
P12,Joystick,Front,2D,DT500,2,500.0,60.0,498.0112041522698,10.547248061357989,4989,500,5489,0,0,1,2,0,22.775390847849305,34.75133407229407,-30.961628767372183
P12,Joystick,Front,2D,DT500,3,500.0,60.0,489.7319780454559,2.268021954544135,6733,500,7233,0,0,1,1,0,7.721162716426534,9.231543624161072,6.73489932885906
P12,Joystick,Front,2D,DT500,4,500.0,60.0,485.8383207610814,-1.6256353298304798,12708,502,13211,0,0,0,2,4,62.61923270622191,133.14944565793064,133.08569591096662
P12,Joystick,Front,2D,DT500,5,500.0,60.0,513.0486978812772,25.58474179036536,4376,500,4876,0,0,1,1,0,14.020743446265302,24.970177248465976,-24.251522520292465
P12,Joystick,Front,2D,DT500,6,500.0,60.0,508.2656283431727,20.80167225226093,5544,504,6048,0,0,1,2,1,24.458539494062286,46.25033445277663,45.5430862135978
P12,Joystick,Front,2D,DT500,0,250.0,60.0,268.8992248004866,25.167246755030657,3099,502,3601,0,0,0,0,0,4.678545355874052,21.34199339274041,21.34199339274041
P12,Joystick,Front,2D,DT500,1,250.0,60.0,271.44365804264515,27.71167999718921,4951,505,5457,0,0,3,3,1,11.113893282596491,10.945583627847093,8.292450973360053
P12,Joystick,Front,2D,DT500,2,250.0,60.0,266.45942297311785,22.72744492766191,4117,509,4626,0,0,1,3,1,33.84485729504169,34.17566904460118,-29.85319815527704
P12,Joystick,Front,2D,DT500,3,250.0,60.0,233.865989022728,-9.865989022727938,4908,508,5416,0,0,0,2,2,40.28738211172119,84.67619047619047,84.67619047619047
P12,Joystick,Front,2D,DT500,4,250.0,60.0,270.5326492469549,26.80067120149899,2202,504,2706,0,0,2,1,1,16.166433790975173,15.848970937584564,9.366960309511713
P12,Joystick,Front,2D,DT500,5,250.0,60.0,271.6810150878821,27.94903704242613,4084,513,4598,0,0,0,1,1,26.209790944244205,50.92404312251562,-50.92404312251562
P12,Joystick,Front,2D,DT500,6,250.0,60.0,272.7572944769544,29.02531643149845,2360,505,2866,0,0,2,2,0,18.48913682650237,17.216316602818793,12.706949526090977
P12,Vertical,Right,1D,DT500,0,100.0,40.0,95.0,-5.0,4777,504,5281,0,0,0,0,0,8.438127639238897e-15,0.9999999999999916,0.9999999999999916
P12,Vertical,Right,1D,DT500,1,100.0,40.0,92.0,-8.0,3449,529,3979,0,0,0,0,1,9.822581964643942e-15,1.000000000000005,1.000000000000005
P12,Vertical,Right,1D,DT500,2,100.0,40.0,114.0,14.000000000000009,2614,515,3129,0,0,0,0,1,9.831165190040282e-15,0.9999999999999926,0.9999999999999926
P12,Vertical,Right,1D,DT500,3,100.0,40.0,106.0,6.0,1802,508,2310,0,0,0,0,0,1.162470193861154e-14,1.000000000000007,1.000000000000007
P12,Vertical,Right,1D,DT500,4,100.0,40.0,97.0,-3.0,3704,501,4205,0,0,0,0,0,8.627249505925939e-15,0.9999999999999912,0.9999999999999912
P12,Vertical,Right,1D,DT500,5,100.0,40.0,96.0,-4.0,2663,532,3195,0,0,0,0,0,8.978446537872162e-15,1.0000000000000082,1.0000000000000082
P12,Vertical,Right,1D,DT500,6,100.0,40.0,95.0,-5.0,5456,516,5973,0,1,0,0,1,1.5189673872406284e-14,0.9999999999999802,0.9999999999999802
P12,Vertical,Right,1D,DT500,0,250.0,40.0,256.0,6.0,4135,502,4638,0,0,0,0,1,3.1069173394614684e-14,8.0,8.0
P12,Vertical,Right,1D,DT500,1,250.0,40.0,258.0,8.0,3370,508,3879,0,0,0,0,0,2.5840865981898743e-14,8.000000000000012,8.000000000000012
P12,Vertical,Right,1D,DT500,2,250.0,40.0,249.0,-1.0,3274,522,3796,0,0,0,0,1,2.4189180354961742e-14,7.9999999999999805,7.9999999999999805
P12,Vertical,Right,1D,DT500,3,250.0,40.0,260.0,9.999999999999972,3045,502,3548,0,0,0,0,0,2.396375433713033e-14,8.000000000000018,8.000000000000018
P12,Vertical,Right,1D,DT500,4,250.0,40.0,254.0,3.999999999999985,4587,520,5107,0,0,0,0,1,3.1411069628855874e-14,8.0,8.0
P12,Vertical,Right,1D,DT500,5,250.0,40.0,262.0,12.000000000000028,2743,528,3271,0,0,0,0,0,2.3720728684124007e-14,8.000000000000023,8.000000000000023
P12,Vertical,Right,1D,DT500,6,250.0,40.0,265.0,14.999999999999972,4524,511,5035,0,0,0,0,1,3.6882987592381416e-14,8.0,8.0
P12,Vertical,Right,1D,DT500,0,500.0,40.0,503.0,3.0,6948,504,7452,0,0,0,0,2,4.983851489709772e-14,7.999999999999979,7.999999999999979
P12,Vertical,Right,1D,DT500,1,500.0,40.0,488.0,-12.000000000000028,5258,526,5785,0,0,0,0,0,4.1540602994140484e-14,8.000000000000057,8.000000000000057
P12,Vertical,Right,1D,DT500,2,500.0,40.0,518.0,18.0,4806,509,5316,0,0,0,0,0,4.152106034752845e-14,7.999999999999938,7.999999999999938
P12,Vertical,Right,1D,DT500,3,500.0,40.0,506.00000000000006,6.000000000000029,10250,530,10780,0,1,0,0,3,5.41221616699796e-14,8.000000000000078,8.000000000000078
P12,Vertical,Right,1D,DT500,4,500.0,40.0,494.0,-6.0,4822,526,5348,0,0,0,0,1,4.248826375354571e-14,7.999999999999931,7.999999999999931
P12,Vertical,Right,1D,DT500,5,500.0,40.0,519.0,19.000000000000057,4550,514,5065,0,0,0,0,0,4.4149021348758574e-14,8.000000000000076,8.000000000000076
P12,Vertical,Right,1D,DT500,6,500.0,40.0,485.0,-15.0,6721,507,7229,0,0,0,0,2,5.1770697558829656e-14,7.999999999999983,7.999999999999983
P12,Vertical,Right,1D,DT500,0,250.0,60.0,258.0,8.0,4144,500,4645,0,0,0,0,1,2.8372535044838243e-14,7.999999999999989,7.999999999999989
P12,Vertical,Right,1D,DT500,1,250.0,60.0,264.0,14.0,7018,507,7525,0,2,0,0,3,3.472283522434716e-14,8.000000000000034,8.000000000000034
P12,Vertical,Right,1D,DT500,2,250.0,60.0,253.00000000000003,3.0000000000000147,2687,525,3212,0,0,0,0,0,2.1954150686681243e-14,7.99999999999997,7.99999999999997
P12,Vertical,Right,1D,DT500,3,250.0,60.0,256.0,6.0,3289,514,3803,0,0,0,0,0,2.405684987477144e-14,8.000000000000016,8.000000000000016
P12,Vertical,Right,1D,DT500,4,250.0,60.0,262.0,12.000000000000028,4883,506,5390,0,0,0,0,0,2.5250713684169288e-14,7.99999999999999,7.99999999999999
P12,Vertical,Right,1D,DT500,5,250.0,60.0,264.0,14.0,3531,531,4063,0,0,0,0,0,2.5900375533924617e-14,8.00000000000001,8.00000000000001
P12,Vertical,Right,1D,DT500,6,250.0,60.0,264.0,14.0,4279,542,4821,0,0,0,0,1,2.6197382017416515e-14,7.999999999999991,7.999999999999991
P12,Vertical,Right,1D,DT500,0,100.0,60.0,106.0,6.0,4030,517,4547,0,0,0,0,1,1.1313242189381979e-14,8.000000000000002,8.000000000000002
P12,Vertical,Right,1D,DT500,1,100.0,60.0,105.0,5.0,2287,509,2797,0,0,0,0,0,1.1434758197722536e-14,8.0,8.0
P12,Vertical,Right,1D,DT500,2,100.0,60.0,108.0,8.0,1876,509,2385,0,0,0,0,0,1.2689672867274705e-14,8.0,8.0
P12,Vertical,Right,1D,DT500,3,100.0,60.0,111.0,11.0,2328,527,2856,0,0,0,0,1,1.2220165710403216e-14,8.0,8.0
P12,Vertical,Right,1D,DT500,4,100.0,60.0,86.0,-14.0,5565,542,6107,0,0,0,0,1,9.660521461995123e-15,8.0,8.0
P12,Vertical,Right,1D,DT500,5,100.0,60.0,114.0,14.000000000000009,3355,521,3877,0,0,0,0,1,1.056501665408582e-14,8.0,8.0
P12,Vertical,Right,1D,DT500,6,100.0,60.0,105.0,5.0,3106,502,3609,0,0,0,0,0,1.0130003868308522e-14,8.0,8.0
P12,Vertical,Right,1D,DT500,0,500.0,60.0,515.9999999999999,15.99999999999994,6185,507,6692,0,0,0,0,0,4.307776519921736e-14,7.999999999999956,7.999999999999956
P12,Vertical,Right,1D,DT500,1,500.0,60.0,500.0,-2.9103830456733704e-14,5032,525,5558,0,0,0,0,0,4.38475374352078e-14,8.000000000000064,8.000000000000064
P12,Vertical,Right,1D,DT500,2,500.0,60.0,531.0,31.0,6015,516,6532,1,0,0,0,1,4.4630537711302896e-14,7.999999999999928,7.999999999999928
P12,Vertical,Right,1D,DT500,3,500.0,60.0,530.0,30.0,8488,510,8999,0,0,0,0,3,5.1084537577541287e-14,8.000000000000016,8.000000000000016
P12,Vertical,Right,1D,DT500,4,500.0,60.0,509.0,8.999999999999972,5200,537,5738,0,0,0,0,1,4.5162906220850383e-14,7.999999999999945,7.999999999999945
P12,Vertical,Right,1D,DT500,5,500.0,60.0,526.0,26.0,4767,509,5277,0,0,0,0,0,4.5314010352470527e-14,8.000000000000071,8.000000000000071
P12,Vertical,Right,1D,DT500,6,500.0,60.0,495.00000000000006,-4.999999999999971,4619,512,5131,0,0,0,0,1,4.5006853545404723e-14,7.999999999999929,7.999999999999929
P12,Vertical,Center,1D,DT500,0,250.0,40.0,262.0,12.000000000000028,7739,501,8241,0,0,0,0,5,3.3896137916283235e-14,7.0,7.0
P12,Vertical,Center,1D,DT500,1,250.0,40.0,235.0,-15.0,3030,523,3554,0,0,0,0,0,2.4377914763726155e-14,7.000000000000017,7.000000000000017
P12,Vertical,Center,1D,DT500,2,250.0,40.0,246.0,-4.0,3947,507,4454,0,0,0,0,1,3.2441307660270655e-14,6.999999999999997,6.999999999999997
P12,Vertical,Center,1D,DT500,3,250.0,40.0,267.0,16.99999999999997,3390,512,3902,0,0,0,0,0,2.4510345211176883e-14,7.000000000000017,7.000000000000017
P12,Vertical,Center,1D,DT500,4,250.0,40.0,264.0,14.0,15794,532,16326,0,1,0,0,5,4.173756970895379e-14,7.0,7.0
P12,Vertical,Center,1D,DT500,5,250.0,40.0,234.0,-15.999999999999986,3549,519,4069,0,0,0,0,0,3.558894746901984e-14,7.0,7.0
P12,Vertical,Center,1D,DT500,6,250.0,40.0,256.0,6.0,3164,516,3680,0,0,0,0,0,2.1892410840878943e-14,6.999999999999982,6.999999999999982
P12,Vertical,Center,1D,DT500,0,100.0,40.0,107.0,7.0,2373,503,2877,0,0,0,0,2,1.1160374790822351e-14,13.999999999999998,13.999999999999998
P12,Vertical,Center,1D,DT500,1,100.0,40.0,99.0,-1.0,3461,525,3986,0,0,0,0,0,1.2091134009897094e-14,14.0,14.0
P12,Vertical,Center,1D,DT500,2,100.0,40.0,91.0,-9.0,6371,518,6890,0,1,0,0,3,2.4667609870714623e-14,14.0,14.0
P12,Vertical,Center,1D,DT500,3,100.0,40.0,112.0,12.000000000000009,3883,513,4396,0,0,0,0,1,1.0052952157450106e-14,14.0,14.0
P12,Vertical,Center,1D,DT500,4,100.0,40.0,90.00000000000001,-9.999999999999991,4345,516,4861,0,0,0,0,2,1.1449004493136811e-14,14.0,14.0
P12,Vertical,Center,1D,DT500,5,100.0,40.0,108.0,8.0,2524,512,3037,0,0,0,0,1,1.2106022146309756e-14,14.0,14.0
P12,Vertical,Center,1D,DT500,6,100.0,40.0,94.0,-6.0,3954,503,4457,0,0,0,0,1,1.1231756186817376e-14,14.0,14.0
P12,Vertical,Center,1D,DT500,0,500.0,60.0,518.0,18.0,9855,517,10372,0,0,0,0,3,5.900804180495677e-14,14.0,14.0
P12,Vertical,Center,1D,DT500,1,500.0,60.0,530.0,30.0,5781,506,6288,0,0,0,0,1,6.01086547006438e-14,14.0,14.0
P12,Vertical,Center,1D,DT500,2,500.0,60.0,532.0,32.0,5803,514,6318,1,0,0,0,1,6.346518879190201e-14,14.0,14.0
P12,Vertical,Center,1D,DT500,3,500.0,60.0,532.0,32.0,5435,513,5948,1,0,0,0,1,6.760116900842022e-14,14.0,14.0
P12,Vertical,Center,1D,DT500,4,500.0,60.0,520.0,20.0,6964,524,7489,0,0,0,0,1,6.559718130032081e-14,14.0,14.0
P12,Vertical,Center,1D,DT500,5,500.0,60.0,494.00000000000006,-5.999999999999971,8629,510,9140,0,1,0,0,4,9.756802872249461e-14,14.0,14.0
P12,Vertical,Center,1D,DT500,6,500.0,60.0,501.0,1.0,9293,508,9802,0,0,0,0,4,6.06761687883442e-14,14.0,14.0
P12,Vertical,Center,1D,DT500,0,500.0,40.0,498.00000000000006,-1.999999999999971,11472,508,11981,0,0,0,0,4,5.765051147203743e-14,14.0,14.0
P12,Vertical,Center,1D,DT500,1,500.0,40.0,496.0,-4.0,6921,531,7452,0,0,0,0,0,7.00618319197781e-14,14.0,14.0
P12,Vertical,Center,1D,DT500,2,500.0,40.0,503.0,3.0,6805,518,7323,0,0,0,0,0,6.681344645365807e-14,14.0,14.0
P12,Vertical,Center,1D,DT500,3,500.0,40.0,503.0,3.0,8106,527,8633,0,0,0,0,0,6.593534926767442e-14,14.0,14.0
P12,Vertical,Center,1D,DT500,4,500.0,40.0,486.0,-14.0,7977,528,8505,0,0,0,0,3,6.417367902239421e-14,14.0,14.0
P12,Vertical,Center,1D,DT500,5,500.0,40.0,492.0,-8.0,5547,501,6049,0,0,0,0,0,6.313677601161609e-14,14.000000000000002,14.000000000000002
P12,Vertical,Center,1D,DT500,6,500.0,40.0,503.0,3.0,6258,524,6783,0,0,0,0,1,6.720017320875749e-14,14.0,14.0
P12,Vertical,Center,1D,DT500,0,250.0,60.0,232.0,-18.000000000000014,4179,547,4727,0,0,0,0,1,2.9998749352720325e-14,14.0,14.0
P12,Vertical,Center,1D,DT500,1,250.0,60.0,266.0,16.0,2855,506,3361,0,0,0,0,0,3.557477314287277e-14,14.000000000000002,14.000000000000002
P12,Vertical,Center,1D,DT500,2,250.0,60.0,246.00000000000003,-3.999999999999985,3821,516,4338,0,0,0,0,0,3.351828041883457e-14,14.0,14.0
P12,Vertical,Center,1D,DT500,3,250.0,60.0,262.0,11.999999999999972,4416,529,4945,0,0,0,0,1,3.11615187785478e-14,14.0,14.0
P12,Vertical,Center,1D,DT500,4,250.0,60.0,260.0,10.0,2815,511,3327,0,0,0,0,0,3.402389167640993e-14,14.0,14.0
P12,Vertical,Center,1D,DT500,5,250.0,60.0,268.0,18.00000000000003,2869,503,3372,0,0,0,0,0,3.437139426106337e-14,14.0,14.0
P12,Vertical,Center,1D,DT500,6,250.0,60.0,253.00000000000003,3.0000000000000147,3161,530,3691,0,0,0,0,1,3.53916868217921e-14,14.0,14.0
P12,Vertical,Center,1D,DT500,0,100.0,60.0,85.0,-15.0,3334,507,3842,0,0,0,0,0,1.0597868313555644e-14,14.0,14.0
P12,Vertical,Center,1D,DT500,1,100.0,60.0,90.00000000000001,-9.999999999999991,3421,512,3933,0,0,0,0,1,9.944597909969151e-15,14.0,14.0
P12,Vertical,Center,1D,DT500,2,100.0,60.0,86.0,-14.0,3658,506,4164,0,0,0,0,3,1.0765367309471112e-14,14.0,14.0
P12,Vertical,Center,1D,DT500,3,100.0,60.0,98.0,-2.0,3980,518,4499,0,0,0,0,1,1.0261373285135454e-14,14.0,14.0
P12,Vertical,Center,1D,DT500,4,100.0,60.0,87.0,-12.999999999999996,4552,513,5066,0,0,0,0,1,9.105247094847415e-15,14.0,14.0
P12,Vertical,Center,1D,DT500,5,100.0,60.0,98.0,-2.0,3564,520,4085,0,0,0,0,1,9.998950819738495e-15,14.0,14.0
P12,Vertical,Center,1D,DT500,6,100.0,60.0,97.0,-3.0,3938,516,4454,0,0,0,0,0,8.777775330783193e-15,14.0,14.0
P12,Joystick,Front,2D,DT500,0,250.0,60.0,228.36528276164927,-15.366695283806653,9381,512,9893,0,0,2,0,1,19.622565958343305,29.94192730106585,29.42715132406495
P12,Joystick,Front,2D,DT500,1,250.0,60.0,265.1791292623225,21.4471512168665,4103,508,4611,0,0,1,2,1,12.320265008811074,14.233773204408855,-13.600941938619492
P12,Joystick,Front,2D,DT500,2,250.0,60.0,252.6415461006906,8.90956805523464,7278,501,7779,0,0,0,5,1,21.76478978186532,38.40081255882871,-38.26670546365983
P12,Joystick,Front,2D,DT500,3,250.0,60.0,229.86598902272792,-13.86598902272796,9049,515,9565,0,0,1,0,1,3.7402145912332,7.111517367458867,6.336380255941499
P12,Joystick,Front,2D,DT500,4,250.0,60.0,259.52181449412217,15.7898364486662,2844,508,3352,0,0,1,1,1,9.488711033300302,18.85301291379685,-18.47381234149715
P12,Joystick,Front,2D,DT500,5,250.0,60.0,266.3665363912152,22.634558345759206,8717,502,9220,0,1,0,2,1,7.538867348407734,23.37474875331408,23.37474875331408
P12,Joystick,Front,2D,DT500,6,250.0,60.0,228.3028198032599,-15.429158242196031,3373,501,3874,0,0,2,2,1,7.170162173602735,8.131564734468535,6.446358934717772
P12,Joystick,Front,2D,DT500,0,500.0,60.0,493.7249936049647,6.261037514052823,5481,500,5981,0,0,1,2,0,22.07716717299627,18.23909705635564,-2.4289988253119703
P12,Joystick,Front,2D,DT500,1,500.0,60.0,510.8519791452581,23.38802305434619,11230,501,11731,0,1,1,6,2,17.788963465978462,22.233802893839027,-20.09577980703992
P12,Joystick,Front,2D,DT500,2,500.0,60.0,463.6725173295333,-23.79143876137845,5425,500,5926,0,0,1,2,0,16.544950266745108,16.766374063532936,-9.031935668557306
P12,Joystick,Front,2D,DT500,3,500.0,60.0,491.731978045456,4.268021954544168,6938,500,7439,0,0,1,1,0,10.314507871468322,11.557951482479783,10.010781671159023
P12,Joystick,Front,2D,DT500,4,500.0,60.0,487.3414459898804,-0.1225101010314376,7835,503,8339,0,0,0,2,0,32.26145299297103,56.78889983658391,56.72600816509952
P12,Joystick,Front,2D,DT500,5,500.0,60.0,489.1681129683007,1.7041568773887987,8947,513,9461,0,0,5,4,0,9.440019025100913,9.043954662324342,-5.885056373036491
P12,Joystick,Front,2D,DT500,6,500.0,60.0,503.06280268582094,15.598846594909142,4990,509,5499,0,0,1,2,2,26.30294648088892,24.22915036763677,8.539459592096978
P12,Joystick,Front,2D,DT500,0,100.0,60.0,108.52436336249532,11.03157214431292,606,508,1115,0,0,0,0,0,9.921731645184927,13.838187689548706,13.45436972854704
P12,Joystick,Front,2D,DT500,1,100.0,60.0,95.75536471431155,-1.7374265038708516,3160,501,3661,0,0,1,0,2,14.175477554741132,29.44010313806998,28.313236238578003
P12,Joystick,Front,2D,DT500,2,100.0,60.0,101.73755186699744,4.244760648815047,6809,506,7316,0,1,2,2,2,16.04975087652977,19.86854119418636,-17.94312527898667
P12,Joystick,Front,2D,DT500,3,100.0,60.0,106.74639560909117,9.253604390908777,2293,502,2796,0,0,0,0,1,4.345537441119782,7.316770186335404,7.217391304347826
P12,Joystick,Front,2D,DT500,4,100.0,60.0,81.11487207424369,-16.377919143938733,2031,500,2532,0,0,2,2,2,13.027662113281886,11.298910586103178,-2.934402788559241
P12,Joystick,Front,2D,DT500,5,100.0,60.0,87.48177868896032,-10.011012529222173,3023,509,3532,0,0,1,0,0,7.106588511600962,6.474224591454964,-1.7332311687930635
P12,Joystick,Front,2D,DT500,6,100.0,60.0,85.57113533804423,-11.921655880138198,1818,508,2326,0,0,0,1,0,7.208069262203793,15.221434545557647,15.205613909961404
P12,Joystick,Front,2D,DT500,0,100.0,40.0,90.51942846632626,-6.973362751856145,3506,512,4019,0,0,2,0,0,7.949181647411223,6.93579549575974,-4.245038556690624
P12,Joystick,Front,2D,DT500,1,100.0,40.0,98.85305988244836,1.360268664265925,4252,500,4753,0,0,2,2,2,11.29671371529309,11.676561394583048,-8.443652246843552
P12,Joystick,Front,2D,DT500,2,100.0,40.0,89.59107284514843,-7.901718373033954,3501,500,4002,0,0,0,1,1,5.834485340018465,14.893700176357289,14.893700176357289
P12,Joystick,Front,2D,DT500,3,100.0,40.0,84.74639560909117,-12.746395609091223,2078,507,2586,0,0,0,0,1,1.455445737843129,1.9801324503311264,-1.5033112582781478
P12,Joystick,Front,2D,DT500,4,100.0,40.0,105.07581622126868,7.583025003086242,3121,509,3631,0,0,2,1,0,13.483374882248429,13.578313542763407,-6.627339559136814
P12,Joystick,Front,2D,DT500,5,100.0,40.0,100.75316004975991,3.2603688315774284,5792,504,6296,0,0,1,1,0,18.988487555011947,22.5850175021204,18.61945253906289
P12,Joystick,Front,2D,DT500,6,100.0,40.0,113.14447039433476,15.651679176152342,5437,500,5938,0,1,1,1,1,14.73321973031603,13.501175394063186,-6.803718743750407
P12,Joystick,Front,2D,DT500,0,250.0,40.0,250.70378056547463,6.971802520018717,7379,505,7884,0,0,2,2,1,13.169198666356998,11.046680375123408,7.728708501096693
P12,Joystick,Front,2D,DT500,1,250.0,40.0,250.2054970971344,6.4735190516784655,7608,500,8109,0,1,0,3,2,20.1195804378812,36.28203022822385,-36.28203022822385
P12,Joystick,Front,2D,DT500,2,250.0,40.0,233.22091335628767,-10.511064689168292,3816,506,4322,0,0,1,2,1,18.592208377800187,20.33310580221208,-15.740186738549683
P12,Joystick,Front,2D,DT500,3,250.0,40.0,248.865989022728,5.13401097727206,8657,504,9161,0,1,2,2,2,13.73593039769736,22.225099601593627,-21.157370517928285
P12,Joystick,Front,2D,DT500,4,250.0,40.0,230.9564218385832,-12.775556206872798,7157,503,7660,0,0,2,1,3,13.897380787242597,12.112618477564345,-10.536973971396591
P12,Joystick,Front,2D,DT500,5,250.0,40.0,253.5504262310866,9.818448185630624,7210,500,7710,0,0,2,2,0,14.608156837736018,16.47145321925677,14.263012588364855
P12,Joystick,Front,2D,DT500,6,250.0,40.0,257.60348974995776,13.871511704501849,12204,502,12707,0,1,1,2,1,21.83010541339216,19.168953873061284,-3.806136604494294
P12,Joystick,Front,2D,DT500,0,500.0,40.0,481.5488051957568,-5.915150895155093,14744,502,15246,0,1,4,6,2,29.28919067516643,36.60452514162837,-36.2471517498192
P12,Joystick,Front,2D,DT500,1,500.0,40.0,480.4099359318971,-7.054020159014738,11673,501,12175,0,1,0,4,3,39.32364208618717,46.24977728658338,-46.24977728658338
P12,Joystick,Front,2D,DT500,2,500.0,40.0,489.3999321492532,1.9359760583414785,8883,500,9383,0,1,2,3,1,32.493532310902154,41.1314648430144,-39.44694125247925
P12,Joystick,Front,2D,DT500,3,500.0,40.0,502.73197804545583,15.26802195454407,12074,503,12577,0,2,4,3,3,16.236478981804854,15.578583765112263,5.036269430051812
P12,Joystick,Front,2D,DT500,4,500.0,40.0,480.4989103330014,-6.965045757910434,15639,500,16139,0,0,1,1,4,55.16557212148759,85.47391981043933,85.05370319099026
P12,Joystick,Front,2D,DT500,5,500.0,40.0,486.2090056396163,-1.2549504512955252,9363,504,9867,0,0,0,2,1,40.072218472253,70.27786995361184,-70.27786995361184
P12,Joystick,Front,2D,DT500,6,500.0,40.0,495.6555886750359,8.191632584124056,10703,500,11204,0,1,3,4,1,22.50061493120116,20.29135401685323,-4.442948521673257
P12,Horizontal,Center,1D,DT500,0,500.0,60.0,533.0,33.0,6365,516,6881,1,0,0,0,1,6.805584667158834e-14,21.0,21.0
P12,Horizontal,Center,1D,DT500,1,500.0,60.0,514.9999999999999,14.99999999999994,7177,506,7683,0,0,0,0,1,6.261547039741502e-14,21.0,21.0
P12,Horizontal,Center,1D,DT500,2,500.0,60.0,532.0,31.999999999999943,5979,509,6488,1,0,0,0,1,6.456403991492647e-14,21.0,21.0
P12,Horizontal,Center,1D,DT500,3,500.0,60.0,527.0,26.999999999999943,6334,506,6841,0,0,0,0,1,6.834120715011545e-14,21.0,21.0
P12,Horizontal,Center,1D,DT500,4,500.0,60.0,517.0,17.0,6490,516,7006,0,0,0,0,1,6.661943851089459e-14,21.0,21.0
P12,Horizontal,Center,1D,DT500,5,500.0,60.0,493.0,-7.0,6586,509,7095,0,0,0,0,1,6.767435352660923e-14,21.0,21.0
P12,Horizontal,Center,1D,DT500,6,500.0,60.0,533.0,33.0,5299,531,5830,1,0,0,0,0,7.061328876300564e-14,21.0,21.0
P12,Horizontal,Center,1D,DT500,0,250.0,40.0,231.0,-19.00000000000001,13279,505,13784,0,1,0,0,1,8.084282110812047e-14,28.0,28.0
P12,Horizontal,Center,1D,DT500,1,250.0,40.0,240.0,-10.0,10686,527,11214,0,2,0,0,3,4.2750641100871996e-14,28.0,28.0
P12,Horizontal,Center,1D,DT500,2,250.0,40.0,265.0,14.999999999999972,4543,516,5059,0,0,0,0,1,4.0061449033752713e-14,28.0,28.0
P12,Horizontal,Center,1D,DT500,3,250.0,40.0,263.0,13.000000000000028,7033,504,7538,0,1,0,0,3,4.007198338483052e-14,28.0,28.0
P12,Horizontal,Center,1D,DT500,4,250.0,40.0,254.0,4.000000000000014,10399,520,10920,0,1,0,0,1,6.73979194489839e-14,28.0,28.0
P12,Horizontal,Center,1D,DT500,5,250.0,40.0,268.0,18.0,3818,531,4349,0,0,0,0,0,3.5927053118567143e-14,28.0,28.0
P12,Horizontal,Center,1D,DT500,6,250.0,40.0,249.0,-1.0000000000000149,9875,507,10382,0,1,0,0,1,6.703246762680667e-14,28.0,28.0
P12,Horizontal,Center,1D,DT500,0,500.0,40.0,482.0,-18.0,6161,517,6678,0,0,0,0,1,7.007933241837678e-14,28.0,28.0
P12,Horizontal,Center,1D,DT500,1,500.0,40.0,485.0,-15.0,5369,525,5894,0,0,0,0,0,5.463772095791432e-14,28.000000000000007,28.000000000000007
P12,Horizontal,Center,1D,DT500,2,500.0,40.0,506.00000000000006,6.000000000000029,7232,506,7739,0,0,0,0,0,7.049662131255436e-14,28.0,28.0
P12,Horizontal,Center,1D,DT500,3,500.0,40.0,491.0,-9.0,14996,534,15530,0,2,0,0,2,1.0305513986848961e-13,28.0,28.0
P12,Horizontal,Center,1D,DT500,4,500.0,40.0,515.0000000000001,15.00000000000006,6432,516,6949,0,0,0,0,2,6.791598584912883e-14,28.0,28.0
P12,Horizontal,Center,1D,DT500,5,500.0,40.0,490.0,-10.000000000000028,8841,509,9350,0,0,0,0,0,8.153937679687483e-14,28.0,28.0
P12,Horizontal,Center,1D,DT500,6,500.0,40.0,517.0,17.0,5566,551,6117,0,0,0,0,1,6.934516442677202e-14,28.0,28.0
P12,Horizontal,Center,1D,DT500,0,250.0,60.0,277.0,27.00000000000003,3294,515,3809,0,0,0,0,1,3.2524312743933083e-14,28.0,28.0
P12,Horizontal,Center,1D,DT500,1,250.0,60.0,224.0,-25.999999999999982,3708,536,4245,0,0,0,0,1,3.152248494674895e-14,28.0,28.0
P12,Horizontal,Center,1D,DT500,2,250.0,60.0,269.0,18.99999999999997,2821,534,3356,0,0,0,0,0,3.124312428359223e-14,28.0,28.0
P12,Horizontal,Center,1D,DT500,3,250.0,60.0,260.0,10.0,3409,525,3934,0,0,0,0,1,3.251891386877465e-14,28.0,28.0
P12,Horizontal,Center,1D,DT500,4,250.0,60.0,270.0,19.99999999999997,6220,538,6758,0,1,0,0,2,6.024755938852808e-14,28.0,28.0
P12,Horizontal,Center,1D,DT500,5,250.0,60.0,238.0,-12.000000000000014,3513,513,4026,0,0,0,0,0,3.372944239853394e-14,28.0,28.0
P12,Horizontal,Center,1D,DT500,6,250.0,60.0,252.0,1.999999999999985,3569,520,4089,0,0,0,0,1,3.160048547407841e-14,28.0,28.0
P12,Horizontal,Center,1D,DT500,0,100.0,40.0,97.0,-3.0,3081,522,3604,0,0,0,0,0,1.26378001449306e-14,28.0,28.0
P12,Horizontal,Center,1D,DT500,1,100.0,40.0,115.0,15.0,3561,528,4090,0,0,0,0,1,1.2484048871719875e-14,28.0,28.0
P12,Horizontal,Center,1D,DT500,2,100.0,40.0,101.0,0.9999999999999908,3187,512,3700,0,0,0,0,2,1.2020882819498348e-14,28.0,28.0
P12,Horizontal,Center,1D,DT500,3,100.0,40.0,100.0,9.094947017729284e-15,3255,523,3779,0,0,0,0,0,1.2891341953674172e-14,28.0,28.0
P12,Horizontal,Center,1D,DT500,4,100.0,40.0,100.0,9.094947017729284e-15,2320,530,2850,0,0,0,0,1,1.1598523539351006e-14,28.0,28.0
P12,Horizontal,Center,1D,DT500,5,100.0,40.0,95.0,-5.0,4923,520,5444,0,0,0,0,1,1.1137644328944332e-14,28.0,28.0
P12,Horizontal,Center,1D,DT500,6,100.0,40.0,95.0,-5.0,3915,525,4440,0,0,0,0,1,1.1350906304253304e-14,28.0,28.0
P12,Horizontal,Center,1D,DT500,0,100.0,60.0,84.0,-16.000000000000004,4974,520,5494,0,0,0,0,2,9.103847737997748e-15,28.0,28.0
P12,Horizontal,Center,1D,DT500,1,100.0,60.0,89.0,-11.0,3457,517,3975,0,0,0,0,1,1.0549933756375442e-14,28.0,28.0
P12,Horizontal,Center,1D,DT500,2,100.0,60.0,118.0,18.00000000000001,2353,543,2896,0,0,0,0,1,1.1504491716444822e-14,28.0,28.0
P12,Horizontal,Center,1D,DT500,3,100.0,60.0,90.0,-10.0,6636,535,7172,0,0,0,0,1,1.299058185193024e-14,28.0,28.0
P12,Horizontal,Center,1D,DT500,4,100.0,60.0,103.0,3.0,2732,522,3254,0,0,0,0,1,1.1019536070256124e-14,28.0,28.0
P12,Horizontal,Center,1D,DT500,5,100.0,60.0,109.0,9.000000000000009,2965,515,3481,0,0,0,0,1,1.2306961192854808e-14,28.0,28.0
P12,Horizontal,Center,1D,DT500,6,100.0,60.0,102.0,2.0,4189,528,4717,0,0,0,0,1,1.2030068569983812e-14,28.000000000000004,28.000000000000004
P12,Horizontal,Front,1D,DT500,0,250.0,60.0,267.0,16.99999999999997,4044,533,4577,0,0,0,0,1,3.1830638903569265e-14,15.0,15.0
P12,Horizontal,Front,1D,DT500,1,250.0,60.0,239.0,-10.999999999999986,7750,528,8279,0,0,0,0,1,2.8956621850106576e-14,15.0,15.0
P12,Horizontal,Front,1D,DT500,2,250.0,60.0,256.0,6.0,4024,508,4532,0,0,0,0,0,3.1332633244152504e-14,14.999999999999998,14.999999999999998
P12,Horizontal,Front,1D,DT500,3,250.0,60.0,256.0,6.0,7305,548,7854,0,0,0,0,1,2.7139612726922364e-14,15.0,15.0
P12,Horizontal,Front,1D,DT500,4,250.0,60.0,257.99999999999994,7.999999999999971,4176,504,4681,0,0,0,0,1,3.187018380416837e-14,15.0,15.0
P12,Horizontal,Front,1D,DT500,5,250.0,60.0,255.0,5.0,8713,551,9265,0,0,0,0,1,2.5014030624537505e-14,15.0,15.0
P12,Horizontal,Front,1D,DT500,6,250.0,60.0,260.0,10.0,5952,546,6498,0,0,0,0,1,3.150701440309668e-14,15.0,15.0
P12,Horizontal,Front,1D,DT500,0,500.0,40.0,512.9999999999999,12.99999999999994,5318,540,5858,0,0,0,0,0,6.732965483996348e-14,22.0,22.0
P12,Horizontal,Front,1D,DT500,1,500.0,40.0,507.0,7.0,6539,534,7073,0,0,0,0,1,6.850934228969203e-14,22.0,22.0
P12,Horizontal,Front,1D,DT500,2,500.0,40.0,493.00000000000006,-6.999999999999971,5283,505,5789,0,0,0,0,1,6.906926437749037e-14,22.0,22.0
P12,Horizontal,Front,1D,DT500,3,500.0,40.0,490.0,-10.0,4790,513,5303,0,0,0,0,0,7.127189049528038e-14,22.0,22.0
P12,Horizontal,Front,1D,DT500,4,500.0,40.0,489.0,-11.000000000000028,4866,518,5385,0,0,0,0,1,6.943474275223377e-14,22.0,22.0
P12,Horizontal,Front,1D,DT500,5,500.0,40.0,515.9999999999999,15.99999999999994,5002,508,5511,0,0,0,0,0,7.042144090931818e-14,22.0,22.0
P12,Horizontal,Front,1D,DT500,6,500.0,40.0,509.0,9.0,10712,518,11230,0,1,0,0,1,1.0271060130464165e-13,22.0,22.0
P12,Horizontal,Front,1D,DT500,0,250.0,40.0,264.0,14.0,3886,502,4388,0,0,0,0,1,4.010491254451024e-14,22.0,22.0
P12,Horizontal,Front,1D,DT500,1,250.0,40.0,240.0,-9.999999999999986,3941,501,4443,0,0,0,0,1,3.2468122055946006e-14,22.0,22.0
P12,Horizontal,Front,1D,DT500,2,250.0,40.0,265.0,15.0,4255,524,4779,0,0,0,0,0,3.39565552486925e-14,22.0,22.0
P12,Horizontal,Front,1D,DT500,3,250.0,40.0,249.0,-1.0000000000000149,3876,512,4388,0,0,0,0,0,3.356977049191176e-14,22.0,22.0
P12,Horizontal,Front,1D,DT500,4,250.0,40.0,239.0,-11.000000000000014,6917,535,7453,0,1,0,0,3,5.4331695430430396e-14,22.0,22.0
P12,Horizontal,Front,1D,DT500,5,250.0,40.0,245.0,-4.999999999999986,4005,508,4513,0,0,0,0,0,3.7555359995556e-14,22.000000000000004,22.000000000000004
P12,Horizontal,Front,1D,DT500,6,250.0,40.0,264.0,14.0,2622,514,3137,0,0,0,0,0,3.647216703557129e-14,22.0,22.0
P12,Horizontal,Front,1D,DT500,0,100.0,40.0,95.0,-4.999999999999991,3904,509,4414,0,0,0,0,0,1.0094441061430523e-14,22.0,22.0
P12,Horizontal,Front,1D,DT500,1,100.0,40.0,99.0,-1.0,3640,521,4162,0,0,0,0,0,1.1884161902916888e-14,22.0,22.0
P12,Horizontal,Front,1D,DT500,2,100.0,40.0,95.0,-4.999999999999991,5051,540,5592,0,0,0,0,2,1.0454961354906322e-14,22.0,22.0
P12,Horizontal,Front,1D,DT500,3,100.0,40.0,90.0,-10.0,8297,506,8803,0,0,0,0,1,9.869795606223035e-15,22.0,22.0
P12,Horizontal,Front,1D,DT500,4,100.0,40.0,93.0,-7.000000000000009,7011,520,7532,0,0,0,0,1,9.683964821554976e-15,22.0,22.0
P12,Horizontal,Front,1D,DT500,5,100.0,40.0,99.0,-1.0,5727,535,6262,0,0,0,0,1,1.0523811059947788e-14,22.0,22.0
P12,Horizontal,Front,1D,DT500,6,100.0,40.0,113.0,12.999999999999991,9517,537,10055,0,0,0,0,1,1.5789679399884582e-14,22.0,22.0
P12,Horizontal,Front,1D,DT500,0,500.0,60.0,524.0,24.000000000000057,4719,538,5257,0,0,0,0,1,6.92399499903283e-14,22.0,22.0
P12,Horizontal,Front,1D,DT500,1,500.0,60.0,511.0,10.999999999999972,4746,510,5257,0,0,0,0,0,6.995899990338876e-14,22.0,22.0
P12,Horizontal,Front,1D,DT500,2,500.0,60.0,522.0,22.000000000000057,4178,518,4697,0,0,0,0,0,7.480815119210449e-14,22.0,22.0
P12,Horizontal,Front,1D,DT500,3,500.0,60.0,503.0,3.0,5995,515,6510,0,0,0,0,1,6.564243368764424e-14,22.0,22.0
P12,Horizontal,Front,1D,DT500,4,500.0,60.0,503.0,3.0,6265,543,6808,0,0,0,0,1,7.64438018901041e-14,22.0,22.0
P12,Horizontal,Front,1D,DT500,5,500.0,60.0,492.00000000000006,-7.999999999999971,4873,537,5411,0,0,0,0,0,6.928737597931866e-14,22.0,22.0
P12,Horizontal,Front,1D,DT500,6,500.0,60.0,514.0000000000001,14.00000000000006,5073,517,5591,0,0,0,0,0,6.599279728581386e-14,22.0,22.0
P12,Horizontal,Front,1D,DT500,0,100.0,60.0,114.0,13.999999999999991,2630,516,3147,0,0,0,0,0,1.1533173238180436e-14,22.0,22.0
P12,Horizontal,Front,1D,DT500,1,100.0,60.0,101.0,1.0,3412,519,3932,0,0,0,0,0,1.0395861869767154e-14,22.0,22.0
P12,Horizontal,Front,1D,DT500,2,100.0,60.0,125.0,25.0,1548,528,2076,0,0,0,0,0,1.4026802575022304e-14,22.0,22.0
P12,Horizontal,Front,1D,DT500,3,100.0,60.0,86.0,-13.999999999999996,5970,524,6495,0,0,0,0,1,1.7122795770289894e-14,22.0,22.0
P12,Horizontal,Front,1D,DT500,4,100.0,60.0,102.0,1.999999999999991,2719,507,3226,0,0,0,0,1,1.0932396656394421e-14,22.0,22.0
P12,Horizontal,Front,1D,DT500,5,100.0,60.0,88.00000000000001,-11.999999999999991,7289,546,7835,0,0,0,0,1,1.0348326815662151e-14,22.0,22.0
P12,Horizontal,Front,1D,DT500,6,100.0,60.0,121.0,20.99999999999999,2796,543,3340,0,0,0,0,1,1.1715025665626966e-14,22.0,22.0
P12,Joystick,Center,2D,DT500,0,500.0,40.0,480.3513563496186,-7.112599741293244,20796,500,21296,0,1,2,3,3,58.51988777838631,52.257165883538185,-9.466965603675634
P12,Joystick,Center,2D,DT500,1,500.0,40.0,501.0246070755491,13.56065098463728,19654,506,20161,0,1,3,2,3,30.259098373188568,25.321534241167846,-7.952947813585252
P12,Joystick,Center,2D,DT500,2,500.0,40.0,499.8795446674092,12.415588576497417,5804,502,6306,0,0,1,2,0,12.505342021849929,11.145173261022697,0.9584319742696132
P12,Joystick,Center,2D,DT500,3,500.0,40.0,481.7319780454559,-5.73197804545588,5189,500,5690,0,0,0,0,1,4.5146698890012585e-14,9.0,9.0
P12,Joystick,Center,2D,DT500,4,500.0,40.0,468.9191206089392,-18.54483548197265,5150,500,5651,0,0,2,2,0,17.001001951470457,14.75100383383674,0.0278888750786239
P12,Joystick,Center,2D,DT500,5,500.0,40.0,472.7694056776289,-14.69455041328292,12601,500,13102,0,1,2,4,1,20.00692588815249,18.503999519942493,-7.666117357490522
P12,Joystick,Center,2D,DT500,6,500.0,40.0,474.56737229859175,-12.896583792320016,7970,501,8471,0,0,1,2,3,28.2032040046778,33.03220641725151,27.939194759945728
P12,Joystick,Center,2D,DT500,0,100.0,40.0,92.9783493488293,-4.514441869353104,3905,510,4416,0,0,1,2,1,12.156918828721563,22.987794871738583,-22.13027197392441
P12,Joystick,Center,2D,DT500,1,100.0,40.0,105.42439510341116,7.93160388522874,2982,503,3485,0,0,0,2,1,22.89617269551656,34.90744014426254,34.74260954532437
P12,Joystick,Center,2D,DT500,2,100.0,40.0,113.51654992906349,16.023758710881093,5367,500,5868,0,1,2,2,2,13.672002657784972,11.963977337321944,-6.213660155751528
P12,Joystick,Center,2D,DT500,3,100.0,40.0,78.74639560909117,-18.746395609091223,3238,500,3739,0,0,0,0,1,0.5057399926878521,4.848167539267014,-4.848167539267014
P12,Joystick,Center,2D,DT500,4,100.0,40.0,112.18396299548613,14.691171777303683,4488,500,4989,0,0,0,0,0,3.0865107754161936,3.382503690214507,-3.321728265060802
P12,Joystick,Center,2D,DT500,5,100.0,40.0,110.31323336114248,12.820442142959974,4834,500,5334,0,0,2,2,1,14.123753416199625,12.477762737427009,3.742293690361624
P12,Joystick,Center,2D,DT500,6,100.0,40.0,104.50779594229812,7.015004724115697,1575,500,2076,0,0,0,0,0,2.6807913919363022,2.9877814475881883,-2.9877814475881883
P12,Joystick,Center,2D,DT500,0,100.0,60.0,84.7018725883487,-12.790918629833705,1294,500,1794,0,0,1,1,0,6.802403562087568,6.260880212657288,-1.851730488165704
P12,Joystick,Center,2D,DT500,1,100.0,60.0,77.1596277362666,-20.333163481915825,3323,507,3830,0,0,0,0,1,5.78576709002337,4.884175476515699,-2.5553716128529897
P12,Joystick,Center,2D,DT500,2,100.0,60.0,74.67301876681495,-22.81977245136744,2201,508,2710,0,0,0,1,2,15.011789774562734,27.04359601068109,-26.7194438579641
P12,Joystick,Center,2D,DT500,3,100.0,60.0,97.74639560909117,0.2536043909087829,1613,500,2113,0,0,0,0,1,7.111926710302926,14.1869918699187,-14.1869918699187
P12,Joystick,Center,2D,DT500,4,100.0,60.0,108.314476406538,10.821685188355575,4384,500,4885,0,0,2,1,2,15.25032342011547,13.180922326819072,-9.311188887390188
P12,Joystick,Center,2D,DT500,5,100.0,60.0,104.34563410088148,6.852842882698998,2193,512,2705,0,0,0,1,0,9.189126554772765,23.984201126081963,23.984201126081963
P12,Joystick,Center,2D,DT500,6,100.0,60.0,92.61815165727332,-4.874639560909112,6174,500,6675,0,1,2,2,1,23.212808517736818,20.19684029972373,-9.66927592349874
P12,Joystick,Center,2D,DT500,0,500.0,60.0,491.6694726181146,4.205516527202796,6910,500,7410,0,0,1,2,0,11.403291782593596,12.94102217236537,-10.006971723748066
P12,Joystick,Center,2D,DT500,1,500.0,60.0,485.7342915491425,-1.729664541769365,10674,503,11178,0,0,3,6,3,34.533499051431825,40.73597747491461,-36.71626429764135
P12,Joystick,Center,2D,DT500,2,500.0,60.0,502.2481717010008,14.784215610089014,15367,500,15867,0,0,2,3,2,17.856072380776357,17.66109708870308,12.255152743589932
P12,Joystick,Center,2D,DT500,3,500.0,60.0,518.7319780454559,31.2680219545441,6054,512,6566,0,0,0,0,0,2.991990887808852,4.37414965986398,-3.8979591836735135
P12,Joystick,Center,2D,DT500,4,500.0,60.0,490.1748924788143,2.710936387902456,17942,501,18444,0,0,1,1,4,48.63086272398303,81.58838427773901,79.96624506480227
P12,Joystick,Center,2D,DT500,5,500.0,60.0,482.7452425073687,-4.718713583543171,6072,500,6572,0,0,1,1,1,39.93736333852421,95.35280982816684,-94.934100220347
P12,Joystick,Center,2D,DT500,6,500.0,60.0,477.3544792775375,-10.109476813374304,6900,500,7400,0,0,0,3,2,15.562118467080584,36.21368000650884,36.21368000650884
P12,Joystick,Center,2D,DT500,0,250.0,40.0,243.29656655468943,-0.435411490766444,18548,500,19049,0,2,4,5,3,45.11085838278345,34.575012614781265,-13.263844147037998
P12,Joystick,Center,2D,DT500,1,250.0,40.0,256.598736796331,12.866758750875094,10002,503,10506,0,1,1,2,2,49.51091530396669,47.83388689310519,-32.26457582269727
P12,Joystick,Center,2D,DT500,2,250.0,40.0,229.2827583145624,-14.449219730893612,7787,508,8295,0,0,2,3,0,13.933192045748305,13.612607345280423,6.653498290299661
P12,Joystick,Center,2D,DT500,3,250.0,40.0,239.865989022728,-3.8659890227279567,2932,500,3432,0,0,2,2,1,9.01833354991024,10.349462365591398,7.241935483870964
P12,Joystick,Center,2D,DT500,4,250.0,40.0,258.6208456262197,14.888867580763767,4547,500,5048,0,0,0,0,0,1.654190034470332,8.139534780525052,8.139534780525052
P12,Joystick,Center,2D,DT500,5,250.0,40.0,248.4041661356074,4.672188090151433,8247,502,8750,0,0,1,5,2,15.948972551157349,14.084821182987293,7.073768973751337
P12,Joystick,Center,2D,DT500,6,250.0,40.0,242.25917568411828,-1.472802361337631,14788,506,15295,0,1,2,6,4,46.637187454699465,58.20568637608751,50.74164133894518
P12,Joystick,Center,2D,DT500,0,250.0,60.0,268.7503574339033,25.018379388447386,2812,503,3316,0,0,0,1,0,5.299367435137316,24.718650420413777,-24.718650420413777
P12,Joystick,Center,2D,DT500,1,250.0,60.0,254.8866090713641,11.154631025908197,5572,504,6077,0,0,1,2,2,21.11814658947508,33.74620562006591,-32.63378359819981
P12,Joystick,Center,2D,DT500,2,250.0,60.0,269.4279406941636,25.6959626487076,3315,510,3826,0,0,2,2,1,10.1805830309603,8.986789948025043,-4.397018960358514
P12,Joystick,Center,2D,DT500,3,250.0,60.0,258.8659890227279,15.13401097727202,7607,507,8114,0,1,1,2,2,62.54938615182983,55.33595800524935,3.146981627296588
P12,Joystick,Center,2D,DT500,4,250.0,60.0,271.16800699751894,27.43602895206298,2464,500,2964,0,0,1,1,0,15.39782848643138,19.364329312921296,-18.2398321462698
P12,Joystick,Center,2D,DT500,5,250.0,60.0,264.33772530502966,20.605747259573715,7135,510,7645,0,1,1,2,2,28.004574063740392,22.653194643547646,12.68287139871424
P12,Joystick,Center,2D,DT500,6,250.0,60.0,251.1712036513545,7.439225605898536,3002,501,3503,0,0,2,1,1,21.53991940693904,26.449297675148447,-24.499323701253022
P2,Joystick,Front,2D,DT500,0,500.0,40.0,495.84453778204136,8.380581691129539,4795,500,5295,0,0,1,0,0,5.207313230516637,4.193391306812256,1.0064723997493308
P2,Joystick,Front,2D,DT500,1,500.0,40.0,481.4985738550053,-5.965382235906587,4880,500,5381,0,0,1,2,0,18.06696658901127,16.157787677877565,0.5534435170093812
P2,Joystick,Front,2D,DT500,2,500.0,40.0,486.8652981673251,-0.5986579235866798,4848,500,5349,0,0,1,2,0,20.258941599330225,25.784526858933024,23.36284570867653
P2,Joystick,Front,2D,DT500,3,500.0,40.0,480.7319780454559,-6.731978045455912,4750,500,5251,0,0,0,0,0,4.247607925752181e-14,5.999999999999989,5.999999999999989
P2,Joystick,Front,2D,DT500,4,500.0,40.0,490.9785228511574,3.514566760245561,4904,500,5404,0,0,3,3,0,19.5504756170207,16.631579911488636,3.733773740031572
P2,Joystick,Front,2D,DT500,5,500.0,40.0,488.999894367113,1.5359382762011242,5373,500,5873,0,0,0,2,0,8.057577066492142,12.085133269761029,12.085133269761029
P2,Joystick,Front,2D,DT500,6,500.0,40.0,490.6112607614136,3.14730467050179,5325,500,5825,0,0,0,2,0,20.17688069109474,22.81891561502097,22.81891561502097
P2,Joystick,Front,2D,DT500,0,250.0,40.0,250.87346891818777,7.141490872731855,2657,500,3157,0,0,0,0,0,3.1120184336409964,7.622968707128385,-7.512745769083745
P2,Joystick,Front,2D,DT500,1,250.0,40.0,235.2219880113679,-8.509990034088048,3126,500,3626,0,0,0,1,0,3.461772699209546,9.826722491817655,-9.575465407486528
P2,Joystick,Front,2D,DT500,2,250.0,40.0,253.37650802025647,9.644529974800577,3027,500,3527,0,0,1,2,0,15.784731705668424,13.912599959717218,-2.0296111669042443
P2,Joystick,Front,2D,DT500,3,250.0,40.0,237.865989022728,-5.8659890227279305,4271,500,4771,0,0,0,0,0,3.513173624900261,7.738916256157634,7.738916256157634
P2,Joystick,Front,2D,DT500,4,250.0,40.0,253.5470463154782,9.815068270022255,2622,500,3122,0,0,2,1,0,13.365301720567786,14.6751484171864,11.94732091439247
P2,Joystick,Front,2D,DT500,5,250.0,40.0,246.68216149006204,2.950183444606057,3050,500,3550,0,0,1,1,0,10.906735778555776,13.281114293994277,-11.692765263302409
P2,Joystick,Front,2D,DT500,6,250.0,40.0,264.1206200249177,20.38864197946176,3182,500,3682,0,0,1,2,0,24.08011017921861,25.86305508281542,22.59830481948788
P2,Joystick,Front,2D,DT500,0,100.0,40.0,98.9015703892932,1.4087791711108046,4458,500,4958,0,1,1,2,2,18.09936827466418,18.29221522080845,8.639293687499634
P2,Joystick,Front,2D,DT500,1,100.0,40.0,87.62036652841267,-9.872424689769744,1735,500,2235,0,0,0,0,0,3.0038575357792663,8.50954160697374,-8.50954160697374
P2,Joystick,Front,2D,DT500,2,100.0,40.0,105.50969996038624,8.016908742203853,2370,500,2870,0,0,2,2,1,8.898545771191563,9.539319756822104,6.962478687539561
P2,Joystick,Front,2D,DT500,3,100.0,40.0,78.74639560909117,-18.746395609091223,4837,500,5338,0,0,0,1,1,4.807681744236075,5.543478260869565,5.391304347826087
P2,Joystick,Front,2D,DT500,4,100.0,40.0,102.50798084967325,5.015189631490813,969,500,1469,0,0,1,0,0,8.182798052514912,7.168934101913281,0.221178824393577
P2,Joystick,Front,2D,DT500,5,100.0,40.0,91.5591547024882,-5.933636515694273,6894,500,7395,0,2,4,4,1,12.750562806797443,11.477582210769512,-5.546547160263631
P2,Joystick,Front,2D,DT500,6,100.0,40.0,98.57338429285062,1.080593074668188,6156,500,6656,0,1,2,3,3,35.71604370192883,29.826525086463185,9.926710227364312
P2,Joystick,Front,2D,DT500,0,100.0,60.0,72.16548648758474,-25.327304730597664,1771,500,2272,0,0,1,0,0,8.865040061170737,13.791075847126406,12.727508545933588
P2,Joystick,Front,2D,DT500,1,100.0,60.0,90.57947385709704,-6.913317361085375,2045,500,2545,0,0,0,0,0,7.433007167954553,9.405047721035382,-9.07298123982272
P2,Joystick,Front,2D,DT500,2,100.0,60.0,111.58180663458944,14.089015416407054,1392,500,1893,0,0,1,1,0,7.330575751477759,10.165957128194098,-9.273501014593752
P2,Joystick,Front,2D,DT500,3,100.0,60.0,90.74639560909117,-6.746395609091222,1882,500,2383,0,0,0,1,0,5.321722977037699,9.584269662921349,9.51685393258427
P2,Joystick,Front,2D,DT500,4,100.0,60.0,96.33400433302552,-1.1587868851569043,1296,500,1797,0,0,1,0,0,4.925705599197953,5.210880676470167,-3.383918401625644
P2,Joystick,Front,2D,DT500,5,100.0,60.0,82.17717691287186,-15.315614305310634,1269,500,1769,0,0,1,1,0,6.1861197819252665,6.86555228024626,-5.0727460264248405
P2,Joystick,Front,2D,DT500,6,100.0,60.0,113.81203319620374,16.319241978021306,1074,500,1575,0,0,1,1,0,5.180413338739084,5.637831192971457,4.069287506123104
P2,Joystick,Front,2D,DT500,0,500.0,60.0,468.5145446458369,-18.949411445074915,4987,500,5488,0,0,1,3,0,11.283233894107424,16.18664474966637,15.663513906376558
P2,Joystick,Front,2D,DT500,1,500.0,60.0,485.5660729479548,-1.8978831429571,5737,500,6237,0,0,0,2,0,15.243403631589494,36.4578779427366,-36.4578779427366
P2,Joystick,Front,2D,DT500,2,500.0,60.0,475.785794961715,-11.67816112919676,6475,500,6975,0,0,1,2,0,27.910865885908155,33.28227144560499,30.06160899112774
P2,Joystick,Front,2D,DT500,3,500.0,60.0,468.731978045456,-18.731978045455843,6528,500,7029,0,0,0,0,0,2.535979235250553,3.672131147540941,2.8196721311474864
P2,Joystick,Front,2D,DT500,4,500.0,60.0,472.45659330121424,-15.00736278969757,4509,500,5009,0,0,2,2,0,18.22997197255758,15.521437472634968,-4.02251098007771
P2,Joystick,Front,2D,DT500,5,500.0,60.0,491.8500446180802,4.386088527168423,6672,500,7173,0,0,2,3,0,31.086627910842694,27.223450542955216,9.245252932573914
P2,Joystick,Front,2D,DT500,6,500.0,60.0,484.8993700459224,-2.5645860449894093,5255,500,5755,0,0,2,1,0,7.207458751382238,7.337901797402713,4.305825362899663
P2,Joystick,Front,2D,DT500,0,250.0,60.0,248.8707805125809,5.138802467125037,3049,500,3550,0,0,3,2,0,7.986672061995883,6.960211749025665,-0.7047905500285496
P2,Joystick,Front,2D,DT500,1,250.0,60.0,244.60396580098427,0.871987755528319,2736,500,3237,0,0,1,1,0,16.588439958116695,15.573626567544888,-2.5663479218246144
P2,Joystick,Front,2D,DT500,2,250.0,60.0,243.83333143311287,0.1013533876569209,3283,500,3783,0,0,1,1,0,14.3944206957171,24.95253113447357,-24.55373968666486
P2,Joystick,Front,2D,DT500,3,250.0,60.0,238.865989022728,-4.865989022727944,2607,500,3107,0,0,0,0,0,2.123265710984792,1.754237288135612,-0.4830508474576493
P2,Joystick,Front,2D,DT500,4,250.0,60.0,245.50472928369103,1.772751238235091,2538,500,3038,0,0,1,1,0,13.53377528809278,16.2296331748641,14.469981858484823
P2,Joystick,Front,2D,DT500,5,250.0,60.0,241.2389718745212,-2.4930061709347715,2963,500,3464,0,0,2,1,0,17.603284643544075,23.213743054869383,19.84769356785861
P2,Joystick,Front,2D,DT500,6,250.0,60.0,240.1604524931713,-3.5715255522846032,2667,500,3168,0,0,0,2,0,12.420276969293642,13.6772543561814,-13.410010120185628
P2,Horizontal,Front,1D,DT500,0,500.0,60.0,504.0,4.0,4843,510,5354,0,0,0,0,0,7.098795418784474e-14,13.0,-13.0
P2,Horizontal,Front,1D,DT500,1,500.0,60.0,507.0,7.0,4901,515,5417,0,0,0,0,0,7.159044988656716e-14,13.0,-13.0
P2,Horizontal,Front,1D,DT500,2,500.0,60.0,500.0,0.0,4886,528,5415,0,0,0,0,0,7.114595391059232e-14,13.0,-13.0
P2,Horizontal,Front,1D,DT500,3,500.0,60.0,507.0,7.0,4702,509,5211,0,0,0,0,0,7.124901479425728e-14,13.0,-13.0
P2,Horizontal,Front,1D,DT500,4,500.0,60.0,498.0,-2.0000000000000293,4608,522,5131,0,0,0,0,0,7.02651021698457e-14,13.0,-13.0
P2,Horizontal,Front,1D,DT500,5,500.0,60.0,494.00000000000006,-5.999999999999971,4631,511,5143,0,0,0,0,0,6.866212377184757e-14,13.0,-13.0
P2,Horizontal,Front,1D,DT500,6,500.0,60.0,503.00000000000006,3.0000000000000293,4569,512,5081,0,0,0,0,0,6.919387204383632e-14,13.000000000000002,-13.000000000000002
P2,Horizontal,Front,1D,DT500,0,500.0,40.0,494.0,-6.0,4894,520,5415,0,0,0,0,0,3.8253797153554393e-14,6.00000000000007,-6.00000000000007
P2,Horizontal,Front,1D,DT500,1,500.0,40.0,509.0,9.000000000000028,4652,503,5156,0,0,0,0,0,4.1663506321546895e-14,5.999999999999916,-5.999999999999916
P2,Horizontal,Front,1D,DT500,2,500.0,40.0,501.00000000000006,1.000000000000029,4835,506,5341,0,0,0,0,0,3.8506966652979843e-14,6.000000000000071,-6.000000000000071
P2,Horizontal,Front,1D,DT500,3,500.0,40.0,511.0,11.000000000000028,4654,503,5158,0,0,0,0,0,4.259803545755244e-14,5.9999999999999165,-5.9999999999999165
P2,Horizontal,Front,1D,DT500,4,500.0,40.0,498.0,-2.0,4654,508,5163,0,0,0,0,0,3.730522954341444e-14,6.000000000000067,-6.000000000000067
P2,Horizontal,Front,1D,DT500,5,500.0,40.0,508.0,8.0,4664,503,5168,0,0,0,0,0,4.059391215389396e-14,5.999999999999919,-5.999999999999919
P2,Horizontal,Front,1D,DT500,6,500.0,40.0,503.0,3.0,4640,511,5152,0,0,0,0,0,4.135576732289696e-14,6.000000000000077,-6.000000000000077
P2,Horizontal,Front,1D,DT500,0,250.0,40.0,265.0,15.000000000000028,2751,521,3272,0,0,0,0,0,1.936620920624572e-14,6.000000000000031,-6.000000000000031
P2,Horizontal,Front,1D,DT500,1,250.0,40.0,256.99999999999994,6.999999999999971,2931,502,3434,0,0,0,0,0,1.9823045459235324e-14,5.999999999999972,-5.999999999999972
P2,Horizontal,Front,1D,DT500,2,250.0,40.0,262.0,12.0,2606,516,3123,0,0,0,0,0,2.141388844255701e-14,6.00000000000004,-6.00000000000004
P2,Horizontal,Front,1D,DT500,3,250.0,40.0,255.0,5.000000000000014,3128,512,3640,0,0,0,0,0,1.9230847753768222e-14,5.999999999999969,-5.999999999999969
P2,Horizontal,Front,1D,DT500,4,250.0,40.0,265.0,15.000000000000028,2505,513,3019,0,0,0,0,0,2.054291525618205e-14,6.000000000000036,-6.000000000000036
P2,Horizontal,Front,1D,DT500,5,250.0,40.0,259.0,8.999999999999972,2985,536,3522,0,0,0,0,0,1.9839288205838892e-14,5.999999999999968,-5.999999999999968
P2,Horizontal,Front,1D,DT500,6,250.0,40.0,264.0,14.0,2683,519,3203,0,0,0,0,0,1.991758490013372e-14,6.000000000000034,-6.000000000000034
P2,Horizontal,Front,1D,DT500,0,100.0,40.0,87.0,-13.000000000000004,1435,507,1943,0,0,0,0,0,7.839389070407072e-15,6.000000000000011,-6.000000000000011
P2,Horizontal,Front,1D,DT500,1,100.0,40.0,103.0,3.0,1251,522,1774,0,0,0,0,0,8.231585500921663e-15,5.999999999999981,-5.999999999999981
P2,Horizontal,Front,1D,DT500,2,100.0,40.0,103.0,3.0,1386,503,1890,0,0,0,0,0,8.12171158661399e-15,6.000000000000011,-6.000000000000011
P2,Horizontal,Front,1D,DT500,3,100.0,40.0,111.0,11.0,1594,511,2105,0,0,0,0,0,8.390557384965002e-15,5.9999999999999885,-5.9999999999999885
P2,Horizontal,Front,1D,DT500,4,100.0,40.0,86.0,-13.999999999999996,1521,525,2047,0,0,0,0,0,7.441137183624082e-15,6.000000000000008,-6.000000000000008
P2,Horizontal,Front,1D,DT500,5,100.0,40.0,112.0,12.000000000000009,1401,512,1913,0,0,0,0,0,8.287859813237574e-15,5.999999999999981,-5.999999999999981
P2,Horizontal,Front,1D,DT500,6,100.0,40.0,103.0,3.0,1233,512,1746,0,0,0,0,0,1.0074193284675717e-14,6.000000000000005,-6.000000000000005
P2,Horizontal,Front,1D,DT500,0,100.0,60.0,85.0,-15.000000000000004,1178,504,1683,0,0,0,0,0,5.483737567300697e-15,6.000000000000014,-6.000000000000014
P2,Horizontal,Front,1D,DT500,1,100.0,60.0,85.0,-15.000000000000004,1304,511,1815,0,0,0,0,0,6.160107933400897e-15,5.999999999999985,-5.999999999999985
P2,Horizontal,Front,1D,DT500,2,100.0,60.0,99.0,-1.0,1211,503,1714,0,0,0,0,0,7.019911300937148e-15,6.000000000000016,-6.000000000000016
P2,Horizontal,Front,1D,DT500,3,100.0,60.0,131.99999999999997,31.999999999999982,1631,512,2144,0,0,0,0,0,1.0734900510524408e-14,5.9999999999999805,-5.9999999999999805
P2,Horizontal,Front,1D,DT500,4,100.0,60.0,84.0,-16.0,2593,522,3116,0,0,0,0,1,1.515626221874026e-14,5.99999999999999,-5.99999999999999
P2,Horizontal,Front,1D,DT500,5,100.0,60.0,72.0,-28.000000000000004,1315,520,1835,0,0,0,0,0,5.071179893299486e-15,5.999999999999987,-5.999999999999987
P2,Horizontal,Front,1D,DT500,6,100.0,60.0,97.0,-3.0,1264,520,1785,0,0,0,0,0,5.385704101498305e-15,6.000000000000016,-6.000000000000016
P2,Horizontal,Front,1D,DT500,0,250.0,60.0,234.0,-15.999999999999986,2594,525,3120,0,0,0,0,0,1.7836548386125612e-14,6.000000000000032,-6.000000000000032
P2,Horizontal,Front,1D,DT500,1,250.0,60.0,250.0,0.0,2626,506,3133,0,0,0,0,0,1.8057721060362432e-14,5.999999999999962,-5.999999999999962
P2,Horizontal,Front,1D,DT500,2,250.0,60.0,250.0,0.0,3525,524,4050,0,0,0,0,1,2.7069372898264406e-14,6.000000000000004,-6.000000000000004
P2,Horizontal,Front,1D,DT500,3,250.0,60.0,259.0,8.999999999999972,2508,530,3038,0,0,0,0,0,2.1068430257402733e-14,5.999999999999959,-5.999999999999959
P2,Horizontal,Front,1D,DT500,4,250.0,60.0,247.0,-3.0,2708,522,3230,0,0,0,0,0,1.9406528586052472e-14,6.000000000000034,-6.000000000000034
P2,Horizontal,Front,1D,DT500,5,250.0,60.0,258.0,8.0,3624,512,4137,0,0,0,0,0,1.9857841206879003e-14,5.999999999999961,-5.999999999999961
P2,Horizontal,Front,1D,DT500,6,250.0,60.0,254.0,4.000000000000014,2431,521,2952,0,0,0,0,0,1.8770653888860985e-14,6.000000000000033,-6.000000000000033
P2,Vertical,Right,1D,DT500,0,100.0,60.0,102.0,2.0,2230,530,2760,0,0,0,0,0,1.292993245329762e-14,18.0,-18.0
P2,Vertical,Right,1D,DT500,1,100.0,60.0,103.0,3.000000000000009,1156,509,1666,0,0,0,0,0,1.4455465702352066e-14,18.0,-18.0
P2,Vertical,Right,1D,DT500,2,100.0,60.0,86.0,-14.0,1784,526,2310,0,0,0,0,0,1.213173136989253e-14,18.0,-18.0
P2,Vertical,Right,1D,DT500,3,100.0,60.0,98.0,-2.0,1206,519,1725,0,0,0,0,0,1.1193489195106092e-14,17.999999999999996,-17.999999999999996
P2,Vertical,Right,1D,DT500,4,100.0,60.0,96.0,-4.0,1091,521,1613,0,0,0,0,0,1.4554763271841647e-14,18.0,-18.0
P2,Vertical,Right,1D,DT500,5,100.0,60.0,100.0,0.0,1352,514,1866,0,0,0,0,0,1.4576231925279107e-14,18.0,-18.0
P2,Vertical,Right,1D,DT500,6,100.0,60.0,91.0,-9.000000000000009,1223,522,1746,0,0,0,0,0,1.3344263146756695e-14,18.0,-18.0
P2,Vertical,Right,1D,DT500,0,500.0,60.0,485.0,-14.999999999999972,5388,513,5902,0,0,0,0,0,6.011628632967403e-14,11.000000000000009,-11.000000000000009
P2,Vertical,Right,1D,DT500,1,500.0,60.0,501.00000000000006,1.000000000000029,5202,516,5718,0,0,0,0,0,6.597186232195872e-14,10.999999999999991,-10.999999999999991
P2,Vertical,Right,1D,DT500,2,500.0,60.0,496.0,-4.0,4476,501,4977,0,0,0,0,0,5.4090877717273153e-14,11.00000000000002,-11.00000000000002
P2,Vertical,Right,1D,DT500,3,500.0,60.0,504.0,4.0,4974,520,5494,0,0,0,0,0,6.617877421040076e-14,10.999999999999998,-10.999999999999998
P2,Vertical,Right,1D,DT500,4,500.0,60.0,485.0,-14.999999999999972,5287,526,5814,0,0,0,0,0,5.256699451614791e-14,11.00000000000002,-11.00000000000002
P2,Vertical,Right,1D,DT500,5,500.0,60.0,508.0,8.0,4723,520,5244,0,0,0,0,0,6.349623210373751e-14,10.999999999999991,-10.999999999999991
P2,Vertical,Right,1D,DT500,6,500.0,60.0,527.0,27.0,5960,502,6463,0,0,0,0,0,4.978833564040296e-14,11.000000000000032,-11.000000000000032
P2,Vertical,Right,1D,DT500,0,500.0,40.0,500.0,0.0,5379,501,5881,0,0,0,0,0,6.514687478101748e-14,11.0,-11.0
P2,Vertical,Right,1D,DT500,1,500.0,40.0,506.0,6.0,5771,504,6275,0,0,0,0,0,4.9869206828262776e-14,10.999999999999972,-10.999999999999972
P2,Vertical,Right,1D,DT500,2,500.0,40.0,492.0,-8.0,4716,514,5230,0,0,0,0,0,5.825456883805378e-14,11.000000000000012,-11.000000000000012
P2,Vertical,Right,1D,DT500,3,500.0,40.0,507.00000000000006,7.000000000000029,4323,500,4823,0,0,0,0,0,4.8681055077662996e-14,10.99999999999997,-10.99999999999997
P2,Vertical,Right,1D,DT500,4,500.0,40.0,500.0,0.0,4630,520,5151,0,0,0,0,0,5.904528426735189e-14,11.000000000000012,-11.000000000000012
P2,Vertical,Right,1D,DT500,5,500.0,40.0,502.0,2.0,4940,515,5456,0,0,0,0,0,5.323275602901287e-14,10.99999999999998,-10.99999999999998
P2,Vertical,Right,1D,DT500,6,500.0,40.0,508.0,8.0,5187,519,5707,0,0,0,0,0,5.420198524264546e-14,11.00000000000002,-11.00000000000002
P2,Vertical,Right,1D,DT500,0,100.0,40.0,104.0,4.0,1487,500,1988,0,0,0,0,0,1.4122171351038667e-14,11.0,-11.0
P2,Vertical,Right,1D,DT500,1,100.0,40.0,101.0,1.0,1719,520,2239,0,0,0,0,0,1.2723612002098004e-14,11.0,-11.0
P2,Vertical,Right,1D,DT500,2,100.0,40.0,92.0,-8.0,1247,505,1752,0,0,0,0,0,1.289905769064607e-14,11.0,-11.0
P2,Vertical,Right,1D,DT500,3,100.0,40.0,88.0,-12.000000000000004,2190,519,2709,0,0,0,0,0,8.96527529531871e-15,10.999999999999998,-10.999999999999998
P2,Vertical,Right,1D,DT500,4,100.0,40.0,92.0,-8.0,1364,528,1892,0,0,0,0,0,9.9251703027945e-15,11.000000000000004,-11.000000000000004
P2,Vertical,Right,1D,DT500,5,100.0,40.0,90.0,-10.0,1537,508,2045,0,0,0,0,0,1.1267661787519307e-14,10.999999999999998,-10.999999999999998
P2,Vertical,Right,1D,DT500,6,100.0,40.0,100.0,0.0,3780,510,4290,0,0,0,0,0,8.707563913825612e-15,11.0,-11.0
P2,Vertical,Right,1D,DT500,0,250.0,40.0,249.00000000000003,-0.9999999999999856,2617,515,3133,0,0,0,0,0,2.204924496972049e-14,11.000000000000018,-11.000000000000018
P2,Vertical,Right,1D,DT500,1,250.0,40.0,250.00000000000003,1.4551915228366852e-14,2405,501,2907,0,0,0,0,0,2.676016471121413e-14,10.99999999999999,-10.99999999999999
P2,Vertical,Right,1D,DT500,2,250.0,40.0,247.0,-3.0,2538,512,3050,0,0,0,0,0,2.6227594425580137e-14,11.000000000000012,-11.000000000000012
P2,Vertical,Right,1D,DT500,3,250.0,40.0,262.0,12.000000000000028,2343,508,2851,0,0,0,0,0,3.216375926616246e-14,10.999999999999991,-10.999999999999991
P2,Vertical,Right,1D,DT500,4,250.0,40.0,247.0,-3.0,2790,546,3337,0,0,0,0,0,3.31440217477567e-14,11.000000000000002,-11.000000000000002
P2,Vertical,Right,1D,DT500,5,250.0,40.0,241.0,-8.999999999999986,2704,520,3224,0,0,0,0,0,3.277027749713647e-14,10.999999999999998,-10.999999999999998
P2,Vertical,Right,1D,DT500,6,250.0,40.0,238.0,-11.999999999999986,2486,523,3010,0,0,0,0,0,2.8206871126794164e-14,11.000000000000009,-11.000000000000009
P2,Vertical,Right,1D,DT500,0,250.0,60.0,241.0,-8.999999999999986,2614,531,3146,0,0,0,0,0,3.0603333645479715e-14,11.000000000000004,-11.000000000000004
P2,Vertical,Right,1D,DT500,1,250.0,60.0,266.0,16.0,2182,513,2695,0,0,0,0,0,2.1640988343977388e-14,10.999999999999975,-10.999999999999975
P2,Vertical,Right,1D,DT500,2,250.0,60.0,246.00000000000003,-3.999999999999985,2717,514,3231,0,0,0,0,0,2.851511406872328e-14,11.000000000000009,-11.000000000000009
P2,Vertical,Right,1D,DT500,3,250.0,60.0,244.0,-6.000000000000014,3831,505,4336,0,0,0,0,0,3.2569385727487543e-14,10.999999999999998,-10.999999999999998
P2,Vertical,Right,1D,DT500,4,250.0,60.0,241.0,-8.999999999999986,2360,507,2867,0,0,0,0,0,2.4075401166177716e-14,11.000000000000014,-11.000000000000014
P2,Vertical,Right,1D,DT500,5,250.0,60.0,257.00000000000006,7.000000000000029,2204,508,2712,0,0,0,0,0,2.3260393087103723e-14,10.999999999999982,-10.999999999999982
P2,Vertical,Right,1D,DT500,6,250.0,60.0,251.0,0.9999999999999856,2588,520,3109,0,0,0,0,0,2.8735771002370524e-14,11.000000000000009,-11.000000000000009
P2,Vertical,Left,1D,DT500,0,100.0,60.0,89.0,-11.000000000000004,2363,507,2871,0,0,0,0,0,1.1785326619116593e-14,15.0,-15.0
P2,Vertical,Left,1D,DT500,1,100.0,60.0,98.0,-2.0,1522,512,2034,0,0,0,0,0,1.2743969211460151e-14,14.999999999999998,-14.999999999999998
P2,Vertical,Left,1D,DT500,2,100.0,60.0,86.0,-14.0,1435,520,1955,0,0,0,0,0,1.2468493086904672e-14,15.0,-15.0
P2,Vertical,Left,1D,DT500,3,100.0,60.0,119.0,18.99999999999999,1977,509,2486,0,0,0,0,0,1.4679359117835188e-14,14.999999999999996,-14.999999999999996
P2,Vertical,Left,1D,DT500,4,100.0,60.0,101.0,1.0,3735,520,4256,0,0,0,0,0,9.335058980292309e-15,15.0,-15.0
P2,Vertical,Left,1D,DT500,5,100.0,60.0,89.0,-11.000000000000004,2413,502,2915,0,0,0,0,0,1.1219874904617644e-14,15.0,-15.0
P2,Vertical,Left,1D,DT500,6,100.0,60.0,103.0,2.999999999999991,1230,527,1757,0,0,0,0,0,1.3597399555105184e-14,15.000000000000002,-15.000000000000002
P2,Vertical,Left,1D,DT500,0,250.0,40.0,238.0,-12.0,2474,507,2982,0,0,0,0,0,1.8529689388068883e-14,8.000000000000023,-8.000000000000023
P2,Vertical,Left,1D,DT500,1,250.0,40.0,256.0,6.0,2887,525,3413,0,0,0,0,0,2.4320130307051624e-14,7.999999999999987,-7.999999999999987
P2,Vertical,Left,1D,DT500,2,250.0,40.0,243.0,-7.0,2483,522,3006,0,0,0,0,0,2.202751692657751e-14,8.000000000000016,-8.000000000000016
P2,Vertical,Left,1D,DT500,3,250.0,40.0,247.00000000000003,-2.9999999999999853,3119,501,3621,0,0,0,0,0,2.605836371556152e-14,7.999999999999988,-7.999999999999988
P2,Vertical,Left,1D,DT500,4,250.0,40.0,243.0,-7.0,2472,505,2977,0,0,0,0,0,1.898031583302501e-14,8.000000000000023,-8.000000000000023
P2,Vertical,Left,1D,DT500,5,250.0,40.0,239.0,-11.0,2422,513,2936,0,0,0,0,0,1.7640761160121907e-14,7.999999999999975,-7.999999999999975
P2,Vertical,Left,1D,DT500,6,250.0,40.0,253.00000000000003,3.0000000000000147,2433,506,2939,0,0,0,0,0,1.738779825988801e-14,8.000000000000032,-8.000000000000032
P2,Vertical,Left,1D,DT500,0,500.0,60.0,509.0,8.999999999999972,4465,504,4969,0,0,0,0,0,3.719603239010879e-14,8.000000000000055,-8.000000000000055
P2,Vertical,Left,1D,DT500,1,500.0,60.0,495.00000000000006,-4.999999999999971,4551,521,5072,0,0,0,0,0,3.738545435639882e-14,7.999999999999949,-7.999999999999949
P2,Vertical,Left,1D,DT500,2,500.0,60.0,503.0,3.0,4345,534,4880,0,0,0,0,0,3.575852084098996e-14,8.000000000000059,-8.000000000000059
P2,Vertical,Left,1D,DT500,3,500.0,60.0,503.0,3.0,4371,506,4878,0,0,0,0,0,3.66566266159141e-14,7.999999999999944,-7.999999999999944
P2,Vertical,Left,1D,DT500,4,500.0,60.0,495.00000000000006,-4.999999999999971,4447,517,4965,0,0,0,0,0,3.6921686348094134e-14,8.000000000000052,-8.000000000000052
P2,Vertical,Left,1D,DT500,5,500.0,60.0,509.0,8.999999999999972,4737,514,5252,0,0,0,0,0,4.3127019052778324e-14,7.9999999999999645,-7.9999999999999645
P2,Vertical,Left,1D,DT500,6,500.0,60.0,511.0,11.0,4509,514,5024,0,0,0,0,0,3.8270730236371503e-14,8.000000000000052,-8.000000000000052
P2,Vertical,Left,1D,DT500,0,100.0,40.0,107.0,7.000000000000009,1341,523,1864,0,0,0,0,0,1.4221525929978423e-14,8.000000000000002,-8.000000000000002
P2,Vertical,Left,1D,DT500,1,100.0,40.0,93.0,-7.000000000000009,2091,510,2602,0,0,0,0,0,1.3267049011646796e-14,8.0,-8.0
P2,Vertical,Left,1D,DT500,2,100.0,40.0,106.0,6.0,2061,528,2589,0,0,0,0,0,1.104519230091442e-14,8.000000000000002,-8.000000000000002
P2,Vertical,Left,1D,DT500,3,100.0,40.0,96.0,-4.0,2686,506,3192,0,0,0,0,0,1.6093693881370193e-14,8.0,-8.0
P2,Vertical,Left,1D,DT500,4,100.0,40.0,108.0,8.0,1670,510,2180,0,0,0,0,0,1.4688051233661492e-14,8.0,-8.0
P2,Vertical,Left,1D,DT500,5,100.0,40.0,103.0,2.999999999999991,1785,515,2300,0,0,0,0,0,1.310627567663199e-14,8.0,-8.0
P2,Vertical,Left,1D,DT500,6,100.0,40.0,111.0,11.0,1553,520,2073,0,0,0,0,0,1.495265525828035e-14,8.0,-8.0
P2,Vertical,Left,1D,DT500,0,500.0,40.0,504.00000000000006,4.000000000000029,4853,538,5391,0,0,0,0,0,3.811450755583129e-14,8.00000000000005,-8.00000000000005
P2,Vertical,Left,1D,DT500,1,500.0,40.0,503.0,3.0,4938,517,5456,0,0,0,0,0,4.381951891801039e-14,7.999999999999962,-7.999999999999962
P2,Vertical,Left,1D,DT500,2,500.0,40.0,506.00000000000006,6.000000000000029,4467,509,4977,0,0,0,0,0,3.749913203041586e-14,8.000000000000052,-8.000000000000052
P2,Vertical,Left,1D,DT500,3,500.0,40.0,507.0,7.0,4424,512,4936,0,0,0,0,0,3.7784747980882696e-14,7.999999999999946,-7.999999999999946
P2,Vertical,Left,1D,DT500,4,500.0,40.0,485.0,-15.0,4583,524,5108,0,0,0,0,0,3.9670754225181424e-14,8.00000000000004,-8.00000000000004
P2,Vertical,Left,1D,DT500,5,500.0,40.0,514.0000000000001,14.00000000000006,4258,524,4782,0,0,0,0,0,3.6027265231021626e-14,7.999999999999939,-7.999999999999939
P2,Vertical,Left,1D,DT500,6,500.0,40.0,496.0,-4.0,4512,511,5024,0,0,0,0,0,4.215517355429072e-14,8.000000000000037,-8.000000000000037
P2,Vertical,Left,1D,DT500,0,250.0,60.0,252.0,2.0,2602,507,3109,0,0,0,0,0,2.4187938526836683e-14,8.000000000000012,-8.000000000000012
P2,Vertical,Left,1D,DT500,1,250.0,60.0,264.0,14.0,2230,524,2754,0,0,0,0,0,1.8825703064665286e-14,7.999999999999972,-7.999999999999972
P2,Vertical,Left,1D,DT500,2,250.0,60.0,254.0,3.999999999999985,3176,514,3691,0,0,0,0,0,2.689673432923357e-14,8.000000000000007,-8.000000000000007
P2,Vertical,Left,1D,DT500,3,250.0,60.0,239.0,-11.0,3333,506,3840,0,0,0,0,0,2.016507570622439e-14,7.9999999999999805,-7.9999999999999805
P2,Vertical,Left,1D,DT500,4,250.0,60.0,250.0,0.0,2386,507,2893,0,0,0,0,0,1.7721174416153993e-14,8.000000000000028,-8.000000000000028
P2,Vertical,Left,1D,DT500,5,250.0,60.0,256.0,6.0,2891,510,3402,0,0,0,0,0,2.5723908168519846e-14,7.999999999999988,-7.999999999999988
P2,Vertical,Left,1D,DT500,6,250.0,60.0,255.0,5.000000000000014,2298,533,2832,0,0,0,0,0,2.0440272606186223e-14,8.000000000000023,-8.000000000000023
P2,Horizontal,Center,1D,DT500,0,100.0,60.0,121.0,20.99999999999999,2114,520,2635,0,0,0,0,0,1.1939168134481319e-14,8.000000000000007,-8.000000000000007
P2,Horizontal,Center,1D,DT500,1,100.0,60.0,104.0,4.000000000000009,2985,518,3504,0,0,0,0,0,1.400617017482691e-14,8.000000000000002,-8.000000000000002
P2,Horizontal,Center,1D,DT500,2,100.0,60.0,98.0,-2.0,1795,508,2303,0,0,0,0,0,1.1160605459119498e-14,8.000000000000004,-8.000000000000004
P2,Horizontal,Center,1D,DT500,3,100.0,60.0,94.0,-6.0,1525,502,2028,0,0,0,0,0,8.223448248762269e-15,7.999999999999993,-7.999999999999993
P2,Horizontal,Center,1D,DT500,4,100.0,60.0,122.0,22.0,3262,509,3772,0,0,0,0,0,9.242422117277074e-15,8.000000000000012,-8.000000000000012
P2,Horizontal,Center,1D,DT500,5,100.0,60.0,108.0,8.0,2162,508,2671,0,0,0,0,0,1.3991075688089263e-14,8.0,-8.0
P2,Horizontal,Center,1D,DT500,6,100.0,60.0,98.0,-2.0,1733,509,2242,0,0,0,0,0,1.1119979626482848e-14,8.000000000000004,-8.000000000000004
P2,Horizontal,Center,1D,DT500,0,500.0,60.0,499.0,-1.0,4885,510,5396,0,0,0,0,0,3.589207462323777e-14,1.0000000000000604,-1.0000000000000604
P2,Horizontal,Center,1D,DT500,1,500.0,60.0,516.0,16.0,5299,514,5814,0,0,0,0,0,3.692733099531799e-14,0.9999999999999376,-0.9999999999999376
P2,Horizontal,Center,1D,DT500,2,500.0,60.0,505.0,5.0,5421,508,5929,0,0,0,0,0,3.7293468309613054e-14,1.0000000000000593,-1.0000000000000593
P2,Horizontal,Center,1D,DT500,3,500.0,60.0,496.0,-4.000000000000029,4739,512,5251,0,0,0,0,0,3.6603640789007896e-14,0.9999999999999408,-0.9999999999999408
P2,Horizontal,Center,1D,DT500,4,500.0,60.0,501.00000000000006,1.000000000000029,4594,500,5095,0,0,0,0,0,3.5487849088754063e-14,1.000000000000061,-1.000000000000061
P2,Horizontal,Center,1D,DT500,5,500.0,60.0,518.0,18.000000000000057,4858,520,5379,0,0,0,0,0,3.670310386862576e-14,0.9999999999999368,-0.9999999999999368
P2,Horizontal,Center,1D,DT500,6,500.0,60.0,492.00000000000006,-7.999999999999971,4806,521,5327,0,0,0,0,0,3.636592199785064e-14,1.0000000000000575,-1.0000000000000575
P2,Horizontal,Center,1D,DT500,0,250.0,40.0,258.0,8.000000000000028,2558,518,3077,0,0,0,0,0,1.8801751947595263e-14,1.0000000000000306,-1.0000000000000306
P2,Horizontal,Center,1D,DT500,1,250.0,40.0,264.0,14.0,2525,503,3028,0,0,0,0,0,1.963287158957178e-14,0.9999999999999696,-0.9999999999999696
P2,Horizontal,Center,1D,DT500,2,250.0,40.0,256.0,6.0,2866,503,3369,0,0,0,0,0,1.9449468578881168e-14,1.0000000000000295,-1.0000000000000295
P2,Horizontal,Center,1D,DT500,3,250.0,40.0,266.0,16.0,2583,519,3102,0,0,0,0,0,1.9661601944440044e-14,0.9999999999999688,-0.9999999999999688
P2,Horizontal,Center,1D,DT500,4,250.0,40.0,256.0,6.0,2611,515,3127,0,0,0,0,0,1.9781441125551932e-14,1.0000000000000293,-1.0000000000000293
P2,Horizontal,Center,1D,DT500,5,250.0,40.0,251.0,0.9999999999999856,2721,501,3223,0,0,0,0,0,1.872801086812096e-14,0.99999999999997,-0.99999999999997
P2,Horizontal,Center,1D,DT500,6,250.0,40.0,248.0,-2.0000000000000147,2894,500,3395,0,0,0,0,0,1.85682933892202e-14,1.0000000000000295,-1.0000000000000295
P2,Horizontal,Center,1D,DT500,0,100.0,40.0,107.0,7.0,1329,513,1843,0,0,0,0,0,8.688499461281395e-15,1.0000000000000115,-1.0000000000000115
P2,Horizontal,Center,1D,DT500,1,100.0,40.0,92.0,-8.0,1240,510,1750,0,0,0,0,0,7.629689551505071e-15,0.9999999999999892,-0.9999999999999892
P2,Horizontal,Center,1D,DT500,2,100.0,40.0,90.0,-10.000000000000004,1372,502,1875,0,0,0,0,0,5.994969360535262e-15,1.0000000000000115,-1.0000000000000115
P2,Horizontal,Center,1D,DT500,3,100.0,40.0,115.0,15.0,2260,511,2772,0,0,0,0,0,7.675882320603468e-15,0.9999999999999848,-0.9999999999999848
P2,Horizontal,Center,1D,DT500,4,100.0,40.0,91.0,-9.0,2245,513,2758,0,0,0,0,0,8.060851438504552e-15,1.000000000000009,-1.000000000000009
P2,Horizontal,Center,1D,DT500,5,100.0,40.0,113.0,13.0,1728,503,2232,0,0,0,0,0,7.712674196884557e-15,0.9999999999999852,-0.9999999999999852
P2,Horizontal,Center,1D,DT500,6,100.0,40.0,105.0,5.000000000000009,2142,517,2660,0,0,0,0,0,8.581368864717616e-15,1.0000000000000109,-1.0000000000000109
P2,Horizontal,Center,1D,DT500,0,250.0,60.0,252.0,2.0,2635,526,3161,0,0,0,0,0,1.856607820406053e-14,1.0000000000000286,-1.0000000000000286
P2,Horizontal,Center,1D,DT500,1,250.0,60.0,248.0,-2.0000000000000147,2541,511,3053,0,0,0,0,0,1.8197936718983063e-14,0.9999999999999702,-0.9999999999999702
P2,Horizontal,Center,1D,DT500,2,250.0,60.0,248.0,-2.0000000000000147,2431,502,2933,0,0,0,0,0,1.7713859061570266e-14,1.0000000000000298,-1.0000000000000298
P2,Horizontal,Center,1D,DT500,3,250.0,60.0,255.0,5.0,2595,508,3103,0,0,0,0,0,1.8392648138064625e-14,0.9999999999999696,-0.9999999999999696
P2,Horizontal,Center,1D,DT500,4,250.0,60.0,253.0,3.0,3107,515,3623,0,0,0,0,0,1.8700352529469743e-14,1.0000000000000302,-1.0000000000000302
P2,Horizontal,Center,1D,DT500,5,250.0,60.0,257.0,7.0,2747,526,3274,0,0,0,0,0,1.921573164305993e-14,0.99999999999997,-0.99999999999997
P2,Horizontal,Center,1D,DT500,6,250.0,60.0,252.0,2.0,2905,519,3425,0,0,0,0,0,1.899184281388861e-14,1.00000000000003,-1.00000000000003
P2,Horizontal,Center,1D,DT500,0,500.0,40.0,490.0,-10.0,4677,500,5177,0,0,0,0,0,3.606454601398936e-14,1.0000000000000588,-1.0000000000000588
P2,Horizontal,Center,1D,DT500,1,500.0,40.0,496.0,-4.000000000000029,4894,519,5414,0,0,0,0,0,3.518097249081278e-14,0.999999999999938,-0.999999999999938
P2,Horizontal,Center,1D,DT500,2,500.0,40.0,504.00000000000006,4.000000000000029,4602,507,5110,0,0,0,0,0,3.630259976801367e-14,1.0000000000000608,-1.0000000000000608
P2,Horizontal,Center,1D,DT500,3,500.0,40.0,513.0,13.0,4538,503,5041,0,0,0,0,0,3.7353855149520614e-14,0.9999999999999384,-0.9999999999999384
P2,Horizontal,Center,1D,DT500,4,500.0,40.0,503.0,2.9999999999999707,4949,521,5470,0,0,0,0,0,3.7059189298967e-14,1.0000000000000586,-1.0000000000000586
P2,Horizontal,Center,1D,DT500,5,500.0,40.0,510.0,10.000000000000028,4728,527,5255,0,0,0,0,0,3.6723524914591686e-14,0.999999999999938,-0.999999999999938
P2,Horizontal,Center,1D,DT500,6,500.0,40.0,501.00000000000006,1.000000000000029,6465,521,6986,0,0,0,0,0,3.6686976468511744e-14,1.00000000000006,-1.00000000000006
P2,Joystick,Rear,2D,DT500,0,250.0,60.0,231.06754556423843,-12.664432481217494,3284,500,3784,0,0,1,2,0,13.364883599117498,12.421835411986514,9.99408711645529
P2,Joystick,Rear,2D,DT500,1,250.0,60.0,243.3471092766884,-0.384868768767581,2403,500,2904,0,0,2,1,0,6.857351032964473,6.30109069677374,2.861547095428859
P2,Joystick,Rear,2D,DT500,2,250.0,60.0,241.9981923076407,-1.73378573781524,3137,500,3637,0,0,1,1,0,16.546390137345245,24.769489211571504,-23.770257985775544
P2,Joystick,Rear,2D,DT500,3,250.0,60.0,223.865989022728,-19.865989022727927,3553,500,4053,0,0,0,0,0,0.3411942209910515,9.92485549132948,9.92485549132948
P2,Joystick,Rear,2D,DT500,4,250.0,60.0,263.258495524401,19.526517478945053,4488,500,4988,0,0,1,1,1,22.871362843743448,25.45678087634187,21.96025278240555
P2,Joystick,Rear,2D,DT500,5,250.0,60.0,266.0696068711535,22.337628825697493,3161,500,3662,0,0,2,1,0,7.842579017632452,7.02720009040218,2.570499550866176
P2,Joystick,Rear,2D,DT500,6,250.0,60.0,234.8936036455928,-8.838374399863154,3408,500,3909,0,0,1,2,0,23.05367028308241,21.352396744500872,-9.575362940478248
P2,Joystick,Rear,2D,DT500,0,250.0,40.0,238.6444479277367,-5.08753011771921,3493,500,3994,0,0,0,1,0,23.8019834770384,38.81052433725237,38.45340358256989
P2,Joystick,Rear,2D,DT500,1,250.0,40.0,252.67970246341244,8.947724417956493,3080,500,3581,0,0,1,1,0,15.649505046720629,33.457400497726546,-32.7218801102507
P2,Joystick,Rear,2D,DT500,2,250.0,40.0,247.16933011394147,3.437352068485525,6267,500,6767,0,0,3,4,2,12.936250373996662,13.49886834591684,9.946261240626797
P2,Joystick,Rear,2D,DT500,3,250.0,40.0,257.86598902272794,14.134010977272077,6703,500,7203,0,0,2,2,2,18.99084071797772,18.035335689045937,10.021201413427562
P2,Joystick,Rear,2D,DT500,4,250.0,40.0,260.45598475169186,16.72400670623593,8692,504,9197,0,0,3,5,3,28.79714204693412,25.377491073510267,-13.734406435652929
P2,Joystick,Rear,2D,DT500,5,250.0,40.0,236.092711779042,-7.639266266413947,3473,500,3973,0,0,1,1,0,10.135380249536365,17.549423013909994,16.610559032216358
P2,Joystick,Rear,2D,DT500,6,250.0,40.0,243.92248738429888,0.1905093388429565,3456,500,3956,0,0,2,2,0,19.407342020442258,17.41239463927491,4.919986798386616
P2,Joystick,Rear,2D,DT500,0,500.0,60.0,508.5714332216483,21.107477130736445,5749,500,6249,0,0,1,3,0,13.516399723821596,19.80260239022553,19.68265449652322
P2,Joystick,Rear,2D,DT500,1,500.0,60.0,465.8718211262232,-21.5921349646887,6497,500,6997,0,0,2,1,0,14.954900010251292,13.64160989973642,-5.320268245099461
P2,Joystick,Rear,2D,DT500,2,500.0,60.0,490.1348940688192,2.6709379779073825,7995,500,8495,0,0,1,3,0,32.32945901745416,27.402838768353583,8.95659137749846
P2,Joystick,Rear,2D,DT500,3,500.0,60.0,479.7319780454559,-7.731978045455883,5067,500,5567,0,0,0,1,0,11.692142695127057,11.932,11.932
P2,Joystick,Rear,2D,DT500,4,500.0,60.0,482.8011345872585,-4.662821503653394,5029,500,5529,0,0,1,4,0,7.045107522786953,7.234358355521736,5.75940973277429
P2,Joystick,Rear,2D,DT500,5,500.0,60.0,488.999894367113,1.5359382762011242,6072,500,6572,0,0,3,3,0,11.228355104398778,10.637683018152018,7.407223226285627
P2,Joystick,Rear,2D,DT500,6,500.0,60.0,493.058991034933,5.595034944021196,5278,500,5779,0,0,1,2,0,26.59699912110279,23.909832349423763,0.8513505695447977
P2,Joystick,Rear,2D,DT500,0,500.0,40.0,492.4106889873565,4.946732896444699,12505,500,13006,0,2,4,5,4,23.95896567064761,21.00463447026012,-4.669962335532294
P2,Joystick,Rear,2D,DT500,1,500.0,40.0,490.237308001606,2.7733519106941698,5521,500,6021,0,0,3,3,0,8.940403305428182,7.771472938336217,4.020754513949611
P2,Joystick,Rear,2D,DT500,2,500.0,40.0,501.0129232629827,13.548967172070968,6871,500,7371,0,0,2,2,0,27.234266903757423,29.206789669519427,26.40180907523981
P2,Joystick,Rear,2D,DT500,3,500.0,40.0,496.7319780454559,9.268021954544118,5295,500,5796,0,0,2,2,0,27.39406795400005,23.87457627118644,14.979661016949146
P2,Joystick,Rear,2D,DT500,4,500.0,40.0,488.20694779467294,0.7429917037610887,5827,500,6327,0,0,1,2,0,21.42159148255872,22.96747489879832,19.768923317253847
P2,Joystick,Rear,2D,DT500,5,500.0,40.0,485.4469279983052,-2.0170280926066244,4956,500,5456,0,0,2,2,0,7.282142009734149,5.997337528297574,-0.7089547015637269
P2,Joystick,Rear,2D,DT500,6,500.0,40.0,484.5920049356095,-2.8719511553023245,5239,500,5740,0,0,2,2,0,23.228413884057225,20.13923459237475,10.925596629545277
P2,Joystick,Rear,2D,DT500,0,100.0,40.0,109.880309952363,12.387518734180588,1741,500,2242,0,0,0,1,0,4.017358551046608,8.399466807462987,-8.399466807462987
P2,Joystick,Rear,2D,DT500,1,100.0,40.0,94.19170174937553,-3.301089468806901,2525,500,3025,0,0,1,1,0,10.208911144180494,12.31112623800074,10.774910761924092
P2,Joystick,Rear,2D,DT500,2,100.0,40.0,111.88288481503778,14.390093596855396,4420,500,4920,0,0,1,1,1,10.259115012680663,17.307569385507595,-16.463519220427056
P2,Joystick,Rear,2D,DT500,3,100.0,40.0,95.74639560909117,-1.746395609091237,1639,500,2139,0,0,0,0,0,9.943367980101115e-15,11.0,11.0
P2,Joystick,Rear,2D,DT500,4,100.0,40.0,92.06156972118455,-5.431221496997874,15137,500,15637,0,2,6,9,5,16.682420378883574,14.151533349220022,2.1771097785555367
P2,Joystick,Rear,2D,DT500,5,100.0,40.0,95.46831211482836,-2.0244791033541305,2126,500,2626,0,0,0,1,0,11.226164886252674,23.13340141152092,-23.13340141152092
P2,Joystick,Rear,2D,DT500,6,100.0,40.0,94.90738418706324,-2.58540703111921,5208,501,5710,0,0,1,4,3,20.324660955318063,18.54104538956525,2.288299529095227
P2,Joystick,Rear,2D,DT500,0,100.0,60.0,112.27520764463928,14.78241642645686,6054,504,6559,0,2,3,3,2,18.007978862923547,15.774556747678908,-9.536140432753449
P2,Joystick,Rear,2D,DT500,1,100.0,60.0,96.18100515324718,-1.3117860649352289,1808,500,2308,0,0,0,0,0,3.897179577424172,9.433378359230952,9.433378359230952
P2,Joystick,Rear,2D,DT500,2,100.0,60.0,106.07638925817304,8.583598039990651,2292,500,2792,0,0,2,1,0,10.200460299546991,9.540051093030826,3.862803562744791
P2,Joystick,Rear,2D,DT500,3,100.0,60.0,99.74639560909118,2.253604390908793,1596,500,2096,0,0,0,0,0,1.0466397327235209e-14,8.0,8.0
P2,Joystick,Rear,2D,DT500,4,100.0,60.0,128.70248079817802,31.20968957999558,1274,500,1774,0,0,1,1,0,8.007294006470957,9.6530577441788,8.610083902987029
P2,Joystick,Rear,2D,DT500,5,100.0,60.0,87.48177868896032,-10.011012529222173,1900,500,2400,0,0,1,1,0,11.93636359994594,20.323026866540143,-19.18951717285786
P2,Joystick,Rear,2D,DT500,6,100.0,60.0,85.84648885324374,-11.646302364938697,1274,500,1775,0,0,1,1,0,7.316044185425147,9.3585643065023,7.531984505039428
P2,Horizontal,Rear,1D,DT500,0,500.0,60.0,511.0,10.99999999999994,5214,502,5716,0,0,0,0,0,7.22146425739379e-14,38.0,38.0
P2,Horizontal,Rear,1D,DT500,1,500.0,60.0,509.0,8.999999999999972,5040,514,5555,0,0,0,0,0,7.10003636477297e-14,38.0,38.0
P2,Horizontal,Rear,1D,DT500,2,500.0,60.0,508.0,8.000000000000028,5694,505,6199,0,0,0,0,0,7.138355558989109e-14,38.0,38.0
P2,Horizontal,Rear,1D,DT500,3,500.0,60.0,514.9999999999999,14.99999999999994,4684,528,5213,0,0,0,0,0,7.252360814489018e-14,38.0,38.0
P2,Horizontal,Rear,1D,DT500,4,500.0,60.0,506.0,5.999999999999971,5321,501,5822,0,0,0,0,0,6.804550729875627e-14,38.0,38.0
P2,Horizontal,Rear,1D,DT500,5,500.0,60.0,523.0,23.000000000000057,4440,502,4942,0,0,0,0,0,7.420033796516095e-14,38.0,38.0
P2,Horizontal,Rear,1D,DT500,6,500.0,60.0,513.0,13.0,5570,503,6073,0,0,0,0,0,7.174722646461951e-14,38.0,38.0
P2,Horizontal,Rear,1D,DT500,0,250.0,60.0,246.0,-4.0,2598,506,3105,0,0,0,0,0,3.352061244479093e-14,45.0,45.0
P2,Horizontal,Rear,1D,DT500,1,250.0,60.0,261.0,11.000000000000028,7316,521,7838,0,1,0,0,1,6.11356356215229e-14,45.0,45.0
P2,Horizontal,Rear,1D,DT500,2,250.0,60.0,244.0,-5.999999999999986,2718,517,3235,0,0,0,0,0,3.3746530023517264e-14,45.0,45.0
P2,Horizontal,Rear,1D,DT500,3,250.0,60.0,260.0,10.0,2765,526,3292,0,0,0,0,0,3.788503754573981e-14,45.0,45.0
P2,Horizontal,Rear,1D,DT500,4,250.0,60.0,249.0,-1.0,2934,510,3445,0,0,0,0,0,3.5795638377885704e-14,45.0,45.0
P2,Horizontal,Rear,1D,DT500,5,250.0,60.0,270.0,19.99999999999997,2582,518,3101,0,0,0,0,0,3.9087190095091996e-14,45.0,45.0
P2,Horizontal,Rear,1D,DT500,6,250.0,60.0,244.0,-5.999999999999986,3494,527,4021,0,0,0,0,0,3.2937803335409805e-14,45.0,45.0
P2,Horizontal,Rear,1D,DT500,0,100.0,60.0,86.0,-14.0,2179,524,2703,0,0,0,0,0,1.2124625761938739e-14,45.0,45.0
P2,Horizontal,Rear,1D,DT500,1,100.0,60.0,104.0,4.0,1287,507,1794,0,0,0,0,0,1.5937791926147293e-14,45.0,45.0
P2,Horizontal,Rear,1D,DT500,2,100.0,60.0,102.0,2.0,1263,501,1765,0,0,0,0,0,1.486780474656333e-14,45.0,45.0
P2,Horizontal,Rear,1D,DT500,3,100.0,60.0,132.0,32.0,1368,511,1879,0,0,0,0,0,1.8082147627193075e-14,45.0,45.0
P2,Horizontal,Rear,1D,DT500,4,100.0,60.0,74.0,-26.0,1944,519,2463,0,0,0,0,0,1.016751412042113e-14,45.0,45.0
P2,Horizontal,Rear,1D,DT500,5,100.0,60.0,109.0,9.0,1372,523,1896,0,0,0,0,0,9.904000143552162e-15,45.00000000000001,45.00000000000001
P2,Horizontal,Rear,1D,DT500,6,100.0,60.0,75.0,-25.0,2225,516,2741,0,0,0,0,0,1.0048591735576161e-14,45.0,45.0
P2,Horizontal,Rear,1D,DT500,0,500.0,40.0,498.00000000000006,-1.999999999999971,4740,508,5249,0,0,0,0,0,7.0512506311147e-14,45.0,45.0
P2,Horizontal,Rear,1D,DT500,1,500.0,40.0,502.0,1.999999999999971,4797,511,5308,0,0,0,0,0,7.075059906959052e-14,45.0,45.0
P2,Horizontal,Rear,1D,DT500,2,500.0,40.0,518.0,18.000000000000057,5775,504,6279,0,0,0,0,0,7.31643837685591e-14,45.0,45.0
P2,Horizontal,Rear,1D,DT500,3,500.0,40.0,518.0,18.000000000000057,7758,514,8273,0,2,0,0,2,8.430947475640829e-14,45.0,45.0
P2,Horizontal,Rear,1D,DT500,4,500.0,40.0,494.0,-6.0,5066,508,5575,0,0,0,0,0,6.924892582712589e-14,45.0,45.0
P2,Horizontal,Rear,1D,DT500,5,500.0,40.0,506.0,6.0,5844,507,6352,0,0,0,0,0,7.315081604907664e-14,45.0,45.0
P2,Horizontal,Rear,1D,DT500,6,500.0,40.0,511.0,11.0,5229,513,5742,0,0,0,0,0,7.218297556180682e-14,45.0,45.0
P2,Horizontal,Rear,1D,DT500,0,100.0,40.0,117.0,17.00000000000001,1126,502,1628,0,0,0,0,0,1.2195583687616991e-14,44.99999999999999,44.99999999999999
P2,Horizontal,Rear,1D,DT500,1,100.0,40.0,114.0,14.0,1619,512,2132,0,0,0,0,0,1.512624312455845e-14,45.0,45.0
P2,Horizontal,Rear,1D,DT500,2,100.0,40.0,108.0,8.0,1724,502,2227,0,0,0,0,0,1.4763349754022648e-14,45.0,45.0
P2,Horizontal,Rear,1D,DT500,3,100.0,40.0,105.0,5.000000000000009,1544,511,2055,0,0,0,0,0,1.5014351896393643e-14,45.0,45.0
P2,Horizontal,Rear,1D,DT500,4,100.0,40.0,117.0,17.00000000000001,2266,504,2770,0,0,0,0,0,1.6682168173054312e-14,45.0,45.0
P2,Horizontal,Rear,1D,DT500,5,100.0,40.0,82.99999999999999,-17.00000000000001,3173,509,3682,0,1,0,0,1,1.8470798279179213e-14,45.0,45.0
P2,Horizontal,Rear,1D,DT500,6,100.0,40.0,109.0,9.0,2952,502,3454,0,0,0,0,0,1.0923970915908504e-14,44.99999999999999,44.99999999999999
P2,Horizontal,Rear,1D,DT500,0,250.0,40.0,246.0,-4.0,9896,507,10404,0,2,0,0,2,4.2227089898602615e-14,45.0,45.0
P2,Horizontal,Rear,1D,DT500,1,250.0,40.0,266.0,16.00000000000003,3156,521,3677,0,0,0,0,0,3.8235511661373236e-14,45.0,45.0
P2,Horizontal,Rear,1D,DT500,2,250.0,40.0,262.0,11.999999999999972,2844,504,3349,0,0,0,0,0,3.6069000503098057e-14,45.0,45.0
P2,Horizontal,Rear,1D,DT500,3,250.0,40.0,266.0,16.00000000000003,3162,520,3683,0,0,0,0,0,3.787301182195391e-14,45.0,45.0
P2,Horizontal,Rear,1D,DT500,4,250.0,40.0,260.0,10.0,2684,500,3184,0,0,0,0,0,3.6012321893809396e-14,45.0,45.0
P2,Horizontal,Rear,1D,DT500,5,250.0,40.0,264.0,14.0,3173,511,3685,0,0,0,0,0,3.6273345490870544e-14,45.0,45.0
P2,Horizontal,Rear,1D,DT500,6,250.0,40.0,234.0,-16.0,9761,519,10281,0,3,0,0,3,4.5908411092772055e-14,45.0,45.0
P2,Vertical,Center,1D,DT500,0,100.0,60.0,104.0,4.0,1484,521,2006,0,0,0,0,0,1.5211811163199144e-14,24.0,24.0
P2,Vertical,Center,1D,DT500,1,100.0,60.0,107.0,6.999999999999991,1121,534,1655,0,0,0,0,0,1.5040646095635275e-14,24.0,24.0
P2,Vertical,Center,1D,DT500,2,100.0,60.0,98.0,-1.999999999999991,1248,517,1765,0,0,0,0,0,1.20286588746819e-14,24.0,24.0
P2,Vertical,Center,1D,DT500,3,100.0,60.0,101.0,1.000000000000009,1974,504,2478,0,0,0,0,0,1.4477150507566032e-14,24.0,24.0
P2,Vertical,Center,1D,DT500,4,100.0,60.0,99.0,-1.000000000000009,1716,511,2227,0,0,0,0,0,1.1030214388118531e-14,24.0,24.0
P2,Vertical,Center,1D,DT500,5,100.0,60.0,113.0,13.0,1032,511,1544,0,0,0,0,0,1.6232052930662162e-14,24.0,24.0
P2,Vertical,Center,1D,DT500,6,100.0,60.0,88.0,-12.0,1101,515,1617,0,0,0,0,0,1.2507740531520076e-14,24.0,24.0
P2,Vertical,Center,1D,DT500,0,250.0,60.0,266.0,16.0,3032,505,3537,0,0,0,0,0,3.6485416653922754e-14,31.0,31.0
P2,Vertical,Center,1D,DT500,1,250.0,60.0,262.0,12.0,3273,518,3792,0,0,0,0,0,3.634545796958912e-14,31.0,31.0
P2,Vertical,Center,1D,DT500,2,250.0,60.0,265.0,15.000000000000028,2958,524,3482,0,0,0,0,0,3.6797325271980485e-14,31.0,31.0
P2,Vertical,Center,1D,DT500,3,250.0,60.0,251.0,0.9999999999999856,2564,510,3075,0,0,0,0,0,3.4241735048453564e-14,31.0,31.0
P2,Vertical,Center,1D,DT500,4,250.0,60.0,256.00000000000006,6.000000000000029,2594,515,3109,0,0,0,0,0,3.50438554158749e-14,31.0,31.0
P2,Vertical,Center,1D,DT500,5,250.0,60.0,260.0,10.0,2810,516,3326,0,0,0,0,0,3.4031354529675565e-14,31.0,31.0
P2,Vertical,Center,1D,DT500,6,250.0,60.0,232.0,-18.0,2580,513,3093,0,0,0,0,0,3.1842569256328453e-14,31.0,31.0
P2,Vertical,Center,1D,DT500,0,500.0,40.0,496.0,-4.000000000000029,5795,520,6315,0,0,0,0,0,6.804215683213675e-14,31.0,31.0
P2,Vertical,Center,1D,DT500,1,500.0,40.0,508.0,8.000000000000028,4686,528,5215,0,0,0,0,0,7.092220757473779e-14,31.0,31.0
P2,Vertical,Center,1D,DT500,2,500.0,40.0,516.0,16.0,6115,510,6626,0,0,0,0,0,7.213044172585974e-14,31.0,31.0
P2,Vertical,Center,1D,DT500,3,500.0,40.0,508.0,8.000000000000028,4741,507,5248,0,0,0,0,0,7.062007682242525e-14,31.0,31.0
P2,Vertical,Center,1D,DT500,4,500.0,40.0,516.0,16.0,5185,509,5694,0,0,0,0,0,7.21056595665947e-14,31.0,31.0
P2,Vertical,Center,1D,DT500,5,500.0,40.0,509.0,8.999999999999972,4827,518,5345,0,0,0,0,0,6.932666652942148e-14,31.0,31.0
P2,Vertical,Center,1D,DT500,6,500.0,40.0,510.0,9.999999999999972,5196,518,5714,0,0,0,0,0,7.135927144168044e-14,31.0,31.0
P2,Vertical,Center,1D,DT500,0,250.0,40.0,253.00000000000003,3.0000000000000147,3296,519,3815,0,0,0,0,0,3.385636113797273e-14,31.0,31.0
P2,Vertical,Center,1D,DT500,1,250.0,40.0,269.0,19.00000000000003,2656,528,3185,0,0,0,0,0,3.7078880689918144e-14,31.0,31.0
P2,Vertical,Center,1D,DT500,2,250.0,40.0,264.0,13.999999999999972,2796,521,3317,0,0,0,0,0,3.681106704263509e-14,31.0,31.0
P2,Vertical,Center,1D,DT500,3,250.0,40.0,257.00000000000006,7.000000000000029,2501,529,3030,0,0,0,0,0,3.616351620126148e-14,31.0,31.0
P2,Vertical,Center,1D,DT500,4,250.0,40.0,254.0,4.000000000000014,2477,523,3000,0,0,0,0,0,3.5374833131383956e-14,31.0,31.0
P2,Vertical,Center,1D,DT500,5,250.0,40.0,268.0,17.99999999999997,2381,514,2896,0,0,0,0,0,3.942875408405755e-14,31.0,31.0
P2,Vertical,Center,1D,DT500,6,250.0,40.0,250.0,0.0,2847,510,3358,0,0,0,0,0,3.4130097671784585e-14,31.0,31.0
P2,Vertical,Center,1D,DT500,0,500.0,60.0,488.0,-12.000000000000028,4409,524,4934,0,0,0,0,0,6.314014274735947e-14,31.0,31.0
P2,Vertical,Center,1D,DT500,1,500.0,60.0,490.0,-10.0,5364,515,5879,0,0,0,0,0,6.584291442030363e-14,31.000000000000004,31.000000000000004
P2,Vertical,Center,1D,DT500,2,500.0,60.0,532.0,32.00000000000006,6929,521,7451,0,0,0,0,0,7.196388071906764e-14,31.0,31.0
P2,Vertical,Center,1D,DT500,3,500.0,60.0,509.0,8.999999999999972,5432,524,5957,0,0,0,0,0,6.982199390109226e-14,31.0,31.0
P2,Vertical,Center,1D,DT500,4,500.0,60.0,489.0,-10.999999999999972,4942,528,5471,0,0,0,0,0,6.865522315437975e-14,31.0,31.0
P2,Vertical,Center,1D,DT500,5,500.0,60.0,496.0,-4.000000000000029,4172,503,4676,0,0,0,0,0,6.52041764850316e-14,31.000000000000007,31.000000000000007
P2,Vertical,Center,1D,DT500,6,500.0,60.0,503.0,3.0,4759,502,5262,0,0,0,0,0,7.039206589288479e-14,31.0,31.0
P2,Vertical,Center,1D,DT500,0,100.0,40.0,100.0,0.0,2628,504,3132,0,0,0,0,0,1.1720574692528435e-14,31.0,31.0
P2,Vertical,Center,1D,DT500,1,100.0,40.0,112.0,11.999999999999991,8224,503,8727,0,3,0,0,4,2.888187363150217e-14,31.0,31.0
P2,Vertical,Center,1D,DT500,2,100.0,40.0,94.0,-6.0,2525,532,3057,0,0,0,0,0,1.3171637234847638e-14,31.0,31.0
P2,Vertical,Center,1D,DT500,3,100.0,40.0,94.0,-6.0,4059,510,4570,0,0,0,0,0,1.2296701115045592e-14,31.0,31.0
P2,Vertical,Center,1D,DT500,4,100.0,40.0,103.0,3.0,2161,502,2663,0,0,0,0,0,1.3282243193772547e-14,31.0,31.0
P2,Vertical,Center,1D,DT500,5,100.0,40.0,101.0,1.000000000000009,2565,527,3092,0,0,0,0,0,1.4058108558955192e-14,31.0,31.0
P2,Vertical,Center,1D,DT500,6,100.0,40.0,93.0,-7.0,3096,501,3598,0,0,0,0,0,1.4129880524925303e-14,31.0,31.0
P2,Joystick,Center,2D,DT500,0,250.0,60.0,239.92674095023145,-3.805237095224505,2704,500,3205,0,0,0,1,0,13.825639228478597,28.93372561328916,-28.920434973284465
P2,Joystick,Center,2D,DT500,1,250.0,60.0,252.85779798517865,9.125819939722705,5529,500,6029,0,0,2,3,1,23.679514522473227,20.10097024732864,1.0680913472918243
P2,Joystick,Center,2D,DT500,2,250.0,60.0,249.97410656009328,6.242128514637321,5155,500,5655,0,0,1,2,0,14.576319489194995,12.29101902417452,-3.115897626048688
P2,Joystick,Center,2D,DT500,3,250.0,60.0,238.865989022728,-4.865989022727914,3273,500,3773,0,0,0,0,0,1.8051679552269928,15.14569536423841,15.14569536423841
P2,Joystick,Center,2D,DT500,4,250.0,60.0,254.8486975328309,11.11671948737495,4694,500,5194,0,0,2,1,0,15.147906862933125,15.718058386075723,13.076396623666955
P2,Joystick,Center,2D,DT500,5,250.0,60.0,238.87372358596025,-4.85825445949576,4197,500,4697,0,0,3,2,0,9.791012252478165,9.875638758723968,-7.796493181902506
P2,Joystick,Center,2D,DT500,6,250.0,60.0,264.1414410110475,20.4094629655916,2938,500,3438,0,0,1,2,0,21.364571292543324,19.48095168924665,-2.71152446920482
P2,Joystick,Center,2D,DT500,0,100.0,60.0,94.00610984225432,-3.4866813759280912,4842,500,5342,0,0,1,1,2,28.81660297166975,43.66329115911495,-43.35259251491874
P2,Joystick,Center,2D,DT500,1,100.0,60.0,108.19552998975088,10.70273877156845,2075,500,2575,0,0,0,0,0,4.786951361432203,16.1623801830327,16.1623801830327
P2,Joystick,Center,2D,DT500,2,100.0,60.0,113.08266618994594,15.589874971763551,2003,500,2504,0,0,1,1,0,12.08899856788689,15.669389637297568,-12.808954177120388
P2,Joystick,Center,2D,DT500,3,100.0,60.0,89.74639560909117,-7.746395609091222,5885,506,6392,0,1,2,2,2,15.11606151550535,11.751054852320674,-2.0210970464135074
P2,Joystick,Center,2D,DT500,4,100.0,60.0,108.14620378475888,10.653412566576453,2064,500,2564,0,0,1,1,0,4.168846022067432,4.932024041078122,4.267505969254055
P2,Joystick,Center,2D,DT500,5,100.0,60.0,101.08959725213542,3.5968060339529324,2031,500,2531,0,0,1,1,0,13.120723124222396,17.75538077927391,16.50890144679268
P2,Joystick,Center,2D,DT500,6,100.0,60.0,80.80216093962149,-16.690630278560945,1873,500,2374,0,0,0,0,0,7.409416712445815,5.693412224513224,-4.299238948329947
P2,Joystick,Center,2D,DT500,0,100.0,40.0,90.63628423779622,-6.856506980386192,13429,500,13929,0,4,6,6,6,26.53573626734961,22.643663870687188,8.618107829761499
P2,Joystick,Center,2D,DT500,1,100.0,40.0,103.5242949360996,6.031503717917178,13263,507,13771,0,4,3,6,5,18.39130615114433,16.638580360777194,6.113776267337959
P2,Joystick,Center,2D,DT500,2,100.0,40.0,103.20521003268662,5.712418814504236,2199,500,2700,0,0,1,1,0,11.244529048476574,14.704221297052706,12.496485000315356
P2,Joystick,Center,2D,DT500,3,100.0,40.0,82.74639560909117,-14.746395609091216,6819,500,7319,0,1,1,1,2,20.181755576395272,16.42105263157895,-6.421052631578948
P2,Joystick,Center,2D,DT500,4,100.0,40.0,104.20804874303356,6.715257524851132,6493,500,6993,0,2,2,3,2,15.93438151866098,15.049934336091006,12.205238767515006
P2,Joystick,Center,2D,DT500,5,100.0,40.0,105.79046306752204,8.29767184933956,2123,500,2623,0,0,2,1,0,9.989362760525404,9.414448717438658,3.491105373101885
P2,Joystick,Center,2D,DT500,6,100.0,40.0,91.74888890757786,-5.743902310604572,2890,500,3390,0,0,0,1,0,8.555124737559847,26.743550654163265,-26.743550654163265
P2,Joystick,Center,2D,DT500,0,500.0,60.0,496.8931192615962,9.429163170684388,5357,500,5858,0,0,2,3,0,22.082075397382123,22.35779705269276,-10.459730752780423
P2,Joystick,Center,2D,DT500,1,500.0,60.0,476.6591202001662,-10.80483589074562,4825,500,5325,0,0,2,1,0,6.012957004449104,4.904334229120188,-0.4031382519259184
P2,Joystick,Center,2D,DT500,2,500.0,60.0,499.0117771891741,11.547821098262276,7489,500,7989,0,0,0,2,0,23.25624072479491,43.415299282643765,43.415299282643765
P2,Joystick,Center,2D,DT500,3,500.0,60.0,492.7319780454559,5.268021954544111,4575,500,5075,0,0,0,0,0,8.365715363936928,10.185770750988132,10.185770750988125
P2,Joystick,Center,2D,DT500,4,500.0,60.0,506.42779916416777,18.96384307325593,4946,500,5447,0,0,2,4,0,18.352283695531312,18.33639902921948,9.275262082801817
P2,Joystick,Center,2D,DT500,5,500.0,60.0,494.1856621449059,6.721706053994042,5534,500,6034,0,0,2,3,0,13.172649492627096,12.673381178201796,4.845165893712127
P2,Joystick,Center,2D,DT500,6,500.0,60.0,476.34753977024224,-11.116416320669543,4393,500,4893,0,0,0,0,0,1.898872375967968,7.22200010440106,-7.22200010440106
P2,Joystick,Center,2D,DT500,0,500.0,40.0,487.0381749772917,-0.4257811136201955,6193,500,6694,0,1,1,2,1,24.287671487171604,28.80045875522455,-25.78841245545197
P2,Joystick,Center,2D,DT500,1,500.0,40.0,481.666792456193,-5.797163634718823,5043,500,5543,0,0,2,2,0,11.397292025756538,10.829644370876716,5.262002535809799
P2,Joystick,Center,2D,DT500,2,500.0,40.0,496.1073965740204,8.643440483108627,6577,500,7077,0,0,2,2,0,32.24428496638013,37.6557474421365,32.78323420385228
P2,Joystick,Center,2D,DT500,3,500.0,40.0,492.731978045456,5.268021954544171,22913,500,23413,0,3,1,1,5,10.723894416507736,10.21802935010482,5.404612159329108
P2,Joystick,Center,2D,DT500,4,500.0,40.0,494.3477229216533,6.883766830741475,7840,500,8340,0,0,1,3,0,25.076341844523853,32.03306412307682,28.943825458526376
P2,Joystick,Center,2D,DT500,5,500.0,40.0,495.7196943481066,8.255738257194777,7045,500,7546,0,1,2,3,1,24.68115935340738,25.57777356708692,17.710739481322847
P2,Joystick,Center,2D,DT500,6,500.0,40.0,499.41762356616334,11.953667475251557,5587,500,6088,0,0,2,3,0,23.346728687957444,24.50415864777888,19.857429328269784
P2,Joystick,Center,2D,DT500,0,250.0,40.0,258.41835968657267,14.68638164111675,3336,500,3836,0,0,3,2,0,12.462156922606887,10.873760007823124,-3.7243745489660594
P2,Joystick,Center,2D,DT500,1,250.0,40.0,237.0924574169441,-6.639520628511846,7548,500,8049,0,0,1,2,0,17.230523665718383,18.32842088954424,10.52681122243212
P2,Joystick,Center,2D,DT500,2,250.0,40.0,252.9094228914716,9.17744484601568,3773,500,4273,0,0,1,1,0,13.775578275226652,15.746502126702635,13.65069306687349
P2,Joystick,Center,2D,DT500,3,250.0,40.0,245.865989022728,2.134010977272069,2503,500,3004,0,0,0,0,0,1.3893042804485918e-14,1.99999999999998,1.99999999999998
P2,Joystick,Center,2D,DT500,4,250.0,40.0,248.47551267817937,4.743534632723416,2472,500,2972,0,0,1,1,0,14.391605369781244,17.548138147065355,16.327215861170576
P2,Joystick,Center,2D,DT500,5,250.0,40.0,242.7730040777219,-0.9589739677340674,2598,500,3099,0,0,0,2,0,9.685730248150104,9.64920054150402,8.94738448214493
P2,Joystick,Center,2D,DT500,6,250.0,40.0,237.13000359413948,-6.601974451316449,2885,500,3386,0,0,1,1,0,11.900851519439884,18.23423559251988,-17.596965672775248
P11,Joystick,Center,2D,DT500,0,100.0,60.0,122.05649836157087,24.563707143388488,6329,500,6829,0,3,1,3,3,10.94770838529712,23.89361376145713,-22.7223234263252
P11,Joystick,Center,2D,DT500,1,100.0,60.0,76.05123597200152,-21.441555246180897,3934,503,4437,0,1,1,1,1,16.800938926191645,18.27865421974665,-12.692603804144944
P11,Joystick,Center,2D,DT500,2,100.0,60.0,102.77359196701168,5.28080074882925,2976,501,3478,0,0,0,2,1,26.39053401088544,32.186550407416355,32.11186335056702
P11,Joystick,Center,2D,DT500,3,100.0,60.0,100.74639560909124,3.253604390908788,1480,500,1981,0,0,0,0,0,1.1014698696857857e-14,17.0,17.0
P11,Joystick,Center,2D,DT500,4,100.0,60.0,113.91949795195634,16.426706733773916,2648,500,3148,0,0,1,3,1,21.27938854710775,38.39369660927813,37.29361528276981
P11,Joystick,Center,2D,DT500,5,100.0,60.0,72.05287532310128,-25.439915895081217,6359,500,6860,0,0,0,1,2,22.61489844138216,49.12625848289133,-49.12625848289133
P11,Joystick,Center,2D,DT500,6,100.0,60.0,94.94902615932284,-2.5437650588595995,5109,500,5609,0,1,2,2,1,27.44587565120788,24.718892716355203,6.7865921999302135
P11,Joystick,Center,2D,DT500,0,250.0,40.0,259.0330899071984,15.30111186174249,3525,500,4025,0,0,0,1,0,27.43655954736833,42.65671693623784,-42.65671693623784
P11,Joystick,Center,2D,DT500,1,250.0,40.0,253.9563128288653,10.224334783409333,2745,500,3245,0,0,0,1,0,8.506354904235486,17.730494421275868,-17.57320213284355
P11,Joystick,Center,2D,DT500,2,250.0,40.0,251.74057723278816,8.008599187332221,10715,500,11215,0,1,4,5,4,45.662422496027936,47.17008666642525,40.83892554784112
P11,Joystick,Center,2D,DT500,3,250.0,40.0,226.865989022728,-16.865989022727952,6259,500,6760,0,0,3,3,1,31.52753413112572,27.472803347280333,-1.1882845188284603
P11,Joystick,Center,2D,DT500,4,250.0,40.0,229.453296609784,-14.278681435671915,9278,500,9779,0,0,4,3,6,52.94633245359075,54.28998593481262,45.48372121531751
P11,Joystick,Center,2D,DT500,5,250.0,40.0,240.1305801102561,-3.60139793519986,2771,500,3271,0,0,1,0,0,5.300505608079931,8.036478336693621,7.729275451336535
P11,Joystick,Center,2D,DT500,6,250.0,40.0,239.1326919997464,-4.599286045709602,26704,500,27204,0,1,3,13,10,57.88668605661422,56.16502651952908,-38.07243058609219
P11,Joystick,Center,2D,DT500,0,100.0,40.0,96.67636104973008,-0.8164301684523306,17442,500,17943,0,2,4,8,10,55.60428342671629,53.24779400119776,-34.44379987320253
P11,Joystick,Center,2D,DT500,1,100.0,40.0,95.88407563318552,-1.6087155849969,1497,500,1998,0,0,1,0,0,3.27254642812748,2.812802581471252,0.1343002414136273
P11,Joystick,Center,2D,DT500,2,100.0,40.0,106.17599342717492,8.683202208992544,5515,500,6016,0,0,0,1,1,26.707786804428657,65.93085727666931,65.90931863784063
P11,Joystick,Center,2D,DT500,3,100.0,40.0,100.74639560909117,3.25360439090878,1866,500,2367,0,0,0,0,0,6.558918427005213e-15,1.999999999999993,1.999999999999993
P11,Joystick,Center,2D,DT500,4,100.0,40.0,115.18794777964172,17.69515656145929,9309,500,9810,0,0,1,5,3,51.03115262005845,44.236891203002855,0.6848978744498286
P11,Joystick,Center,2D,DT500,5,100.0,40.0,91.8560842225499,-5.6367069956325935,1915,500,2415,0,0,1,0,0,3.709751490407281,3.349734074033792,1.443964429745166
P11,Joystick,Center,2D,DT500,6,100.0,40.0,96.96290517391324,-0.5298860442691937,4948,500,5448,0,1,1,2,2,28.931856634281942,26.02586899163281,-12.400261805685773
P11,Joystick,Center,2D,DT500,0,500.0,40.0,503.8344704183389,16.370514327427095,9284,500,9785,0,3,2,3,3,15.85565483230847,15.54317116680224,-12.562814130227707
P11,Joystick,Center,2D,DT500,1,500.0,40.0,484.942583146096,-2.521372944815864,5375,500,5876,0,0,1,2,0,12.297540518950976,18.801838487836243,-17.87631482771651
P11,Joystick,Center,2D,DT500,2,500.0,40.0,499.4124595386244,11.948503447712596,9940,500,10440,0,0,0,2,2,53.19095416568896,71.37067832233251,71.3076878546714
P11,Joystick,Center,2D,DT500,3,500.0,40.0,477.7319780454559,-9.731978045455918,6120,500,6621,0,0,0,0,0,5.0069231515907637e-14,10.0,10.0
P11,Joystick,Center,2D,DT500,4,500.0,40.0,500.7541091659722,13.290153075060394,6156,500,6657,0,0,2,2,0,38.259928497475,68.72107205147644,67.5053464061914
P11,Joystick,Center,2D,DT500,5,500.0,40.0,478.8558389361854,-8.608117154726388,8456,500,8957,0,0,0,1,2,50.27608303257509,118.08004011193285,-118.0471264511352
P11,Joystick,Center,2D,DT500,6,500.0,40.0,502.8931143331078,15.429158242196037,5348,500,5848,0,0,1,3,0,23.908658678437327,24.41159704278376,19.23057019033742
P11,Joystick,Center,2D,DT500,0,250.0,60.0,257.422610788261,13.690632742805096,2490,500,2990,0,0,1,1,0,12.075272761604444,13.804330878222896,-10.360856957641232
P11,Joystick,Center,2D,DT500,1,250.0,60.0,252.58062230627385,8.8486442608179,3326,500,3827,0,0,1,1,0,17.971893321285833,37.76937877106197,-36.538875571432335
P11,Joystick,Center,2D,DT500,2,250.0,60.0,240.0279819500568,-3.7039960953991904,3052,500,3552,0,0,0,1,0,19.9872114923918,45.82325294843516,-45.82325294843516
P11,Joystick,Center,2D,DT500,3,250.0,60.0,239.865989022728,-3.8659890227279416,3601,502,4104,0,0,0,0,0,0.2006641633241442,8.958333333333334,-8.958333333333334
P11,Joystick,Center,2D,DT500,4,250.0,60.0,236.027955475882,-7.704022569573959,6412,500,6913,0,0,3,3,1,23.32202337583685,30.73105511650817,-29.9924024018342
P11,Joystick,Center,2D,DT500,5,250.0,60.0,270.137105964103,26.40512791864701,6618,506,7125,0,1,3,3,1,15.611092986785716,12.890422025889537,-3.156994578972918
P11,Joystick,Center,2D,DT500,6,250.0,60.0,248.12956414333905,4.397586097883134,3182,500,3683,0,0,1,1,0,20.72119754992643,34.72070164989029,33.97313904319893
P11,Joystick,Center,2D,DT500,0,500.0,60.0,474.0039144273719,-13.460041663539988,7681,500,8182,0,0,2,3,1,35.907211053019324,35.02512372141108,-14.95102338947951
P11,Joystick,Center,2D,DT500,1,500.0,60.0,490.0690894004183,2.6051333095064053,4842,501,5344,0,0,1,1,0,18.08135655452024,19.78057013439455,-16.944412280261833
P11,Joystick,Center,2D,DT500,2,500.0,60.0,510.6247683029037,23.160812211991853,25170,500,25671,0,1,5,6,6,89.1196901625356,72.9830035835374,1.0378009802078008
P11,Joystick,Center,2D,DT500,3,500.0,60.0,482.7319780454559,-4.731978045455908,4891,500,5392,0,0,1,1,0,8.24448344973419,16.8125,16.5703125
P11,Joystick,Center,2D,DT500,4,500.0,60.0,512.3693659531443,24.905409862232524,5148,502,5651,0,0,2,2,0,24.3081296940754,21.803503924792672,8.677748229409277
P11,Joystick,Center,2D,DT500,5,500.0,60.0,479.0240575373732,-8.439898553538654,16729,500,17230,0,0,0,3,4,92.1291069284464,171.6689156148675,-171.50766578284814
P11,Joystick,Center,2D,DT500,6,500.0,60.0,476.62289328544176,-10.84106280547002,6530,500,7031,0,0,2,1,0,53.4476763598144,81.07460212601804,79.68775099799171
P11,Vertical,Center,1D,DT500,0,100.0,40.0,107.0,7.0,1941,523,2465,0,0,0,0,1,9.138042071151052e-15,4.000000000000017,-4.000000000000017
P11,Vertical,Center,1D,DT500,1,100.0,40.0,90.0,-9.999999999999996,7040,506,7546,0,2,0,0,4,1.7263473841533798e-14,3.999999999999962,-3.999999999999962
P11,Vertical,Center,1D,DT500,2,100.0,40.0,91.0,-8.999999999999991,2767,510,3278,0,0,0,0,1,1.103182842438402e-14,3.999999999999998,-3.999999999999998
P11,Vertical,Center,1D,DT500,3,100.0,40.0,96.0,-4.0,2633,513,3146,0,1,0,0,2,9.200795394504206e-15,3.999999999999979,-3.999999999999979
P11,Vertical,Center,1D,DT500,4,100.0,40.0,115.0,15.0,5106,528,5634,0,2,0,0,2,1.3488881665115808e-14,4.000000000000008,-4.000000000000008
P11,Vertical,Center,1D,DT500,5,100.0,40.0,94.0,-6.0,3258,528,3786,0,0,0,0,1,1.233287863751254e-14,4.000000000000007,-4.000000000000007
P11,Vertical,Center,1D,DT500,6,100.0,40.0,114.0,14.000000000000009,1777,513,2291,0,0,0,0,1,1.0224358974257836e-14,4.000000000000011,-4.000000000000011
P11,Vertical,Center,1D,DT500,0,250.0,40.0,250.0,-1.4551915228366852e-14,4587,504,5091,0,1,0,0,1,2.7928011324903227e-14,2.999999999999962,2.999999999999962
P11,Vertical,Center,1D,DT500,1,250.0,40.0,263.0,13.000000000000028,2479,536,3015,0,0,0,0,0,2.022170753025615e-14,3.00000000000003,3.00000000000003
P11,Vertical,Center,1D,DT500,2,250.0,40.0,259.0,9.0,2904,507,3412,0,0,0,0,0,2.131144290784345e-14,2.999999999999972,2.999999999999972
P11,Vertical,Center,1D,DT500,3,250.0,40.0,266.0,16.0,2780,510,3291,0,0,0,0,0,2.043194018400662e-14,3.0000000000000298,3.0000000000000298
P11,Vertical,Center,1D,DT500,4,250.0,40.0,265.0,15.0,3544,534,4078,0,0,0,0,0,2.1685153530185225e-14,2.999999999999972,2.999999999999972
P11,Vertical,Center,1D,DT500,5,250.0,40.0,267.0,17.0,2852,539,3392,0,0,0,0,0,2.1556039386812576e-14,3.0000000000000284,3.0000000000000284
P11,Vertical,Center,1D,DT500,6,250.0,40.0,259.0,9.0,3936,507,4443,0,0,0,0,0,2.3164281231769636e-14,2.99999999999998,2.99999999999998
P11,Vertical,Center,1D,DT500,0,500.0,60.0,498.00000000000006,-1.999999999999971,5951,530,6482,0,0,0,0,0,4.0026246991041375e-14,2.9999999999999507,2.9999999999999507
P11,Vertical,Center,1D,DT500,1,500.0,60.0,502.0,2.0,5849,502,6351,0,0,0,0,0,3.6692115131022176e-14,3.0000000000000644,3.0000000000000644
P11,Vertical,Center,1D,DT500,2,500.0,60.0,498.00000000000006,-1.999999999999971,7617,502,8120,0,0,0,0,0,4.022115765378182e-14,2.99999999999995,2.99999999999995
P11,Vertical,Center,1D,DT500,3,500.0,60.0,514.0000000000001,14.00000000000006,4576,528,5105,0,0,0,0,0,3.739002617949376e-14,3.0000000000000657,3.0000000000000657
P11,Vertical,Center,1D,DT500,4,500.0,60.0,505.00000000000006,5.000000000000029,10496,533,11029,0,0,0,0,2,3.8512194911520295e-14,2.9999999999999503,2.9999999999999503
P11,Vertical,Center,1D,DT500,5,500.0,60.0,500.0,-2.9103830456733704e-14,6184,507,6691,0,0,0,0,0,3.697046746892175e-14,3.0000000000000604,3.0000000000000604
P11,Vertical,Center,1D,DT500,6,500.0,60.0,499.0,-1.0,4902,527,5430,0,0,0,0,0,3.6598572052215797e-14,2.99999999999994,2.99999999999994
P11,Vertical,Center,1D,DT500,0,100.0,60.0,118.0,18.0,5496,504,6001,0,0,0,0,1,8.683934590872053e-15,2.999999999999987,2.999999999999987
P11,Vertical,Center,1D,DT500,1,100.0,60.0,103.0,2.999999999999991,5493,523,6016,0,0,0,0,0,9.75290555540098e-15,3.000000000000004,3.000000000000004
P11,Vertical,Center,1D,DT500,2,100.0,60.0,110.0,9.999999999999991,1893,532,2425,0,0,0,0,0,9.783547739300606e-15,2.999999999999991,2.999999999999991
P11,Vertical,Center,1D,DT500,3,100.0,60.0,119.0,19.00000000000001,1440,501,1941,0,0,0,0,0,1.0301666400890315e-14,3.0000000000000124,3.0000000000000124
P11,Vertical,Center,1D,DT500,4,100.0,60.0,107.0,7.0,2260,501,2761,0,0,0,0,1,1.2480839031493471e-14,2.999999999999995,2.999999999999995
P11,Vertical,Center,1D,DT500,5,100.0,60.0,95.0,-5.0,4388,528,4917,0,0,0,0,0,8.849001333028396e-15,3.0000000000000098,3.0000000000000098
P11,Vertical,Center,1D,DT500,6,100.0,60.0,116.0,16.0,1462,510,1973,0,0,0,0,0,9.101439199161786e-15,2.9999999999999862,2.9999999999999862
P11,Vertical,Center,1D,DT500,0,250.0,60.0,254.0,4.0,2718,528,3247,0,0,0,0,0,2.0041641498599933e-14,2.99999999999997,2.99999999999997
P11,Vertical,Center,1D,DT500,1,250.0,60.0,280.0,30.00000000000003,2341,507,2849,0,0,0,0,0,2.089733171327976e-14,3.000000000000033,3.000000000000033
P11,Vertical,Center,1D,DT500,2,250.0,60.0,249.0,-1.0,8297,520,8818,0,0,0,0,3,2.3923753420847192e-14,2.999999999999989,2.999999999999989
P11,Vertical,Center,1D,DT500,3,250.0,60.0,231.0,-18.999999999999982,4970,517,5487,0,0,0,0,0,1.864822196309689e-14,3.0000000000000244,3.0000000000000244
P11,Vertical,Center,1D,DT500,4,250.0,60.0,253.0,3.0,2838,526,3364,0,0,0,0,0,1.906783834112708e-14,2.999999999999971,2.999999999999971
P11,Vertical,Center,1D,DT500,5,250.0,60.0,255.0,5.000000000000014,2659,509,3168,0,0,0,0,0,1.9252161340309545e-14,3.000000000000032,3.000000000000032
P11,Vertical,Center,1D,DT500,6,250.0,60.0,260.0,10.000000000000028,2633,520,3153,0,0,0,0,0,2.071042724448048e-14,2.9999999999999702,2.9999999999999702
P11,Vertical,Center,1D,DT500,0,500.0,40.0,508.0,8.0,6320,514,6835,0,0,0,0,0,3.880794548771154e-14,2.999999999999943,2.999999999999943
P11,Vertical,Center,1D,DT500,1,500.0,40.0,503.0,3.0,4720,530,5251,0,0,0,0,0,3.7767420644501414e-14,3.000000000000059,3.000000000000059
P11,Vertical,Center,1D,DT500,2,500.0,40.0,512.9999999999999,12.99999999999994,8266,535,8801,0,0,0,0,1,3.7429968438272884e-14,2.999999999999945,2.999999999999945
P11,Vertical,Center,1D,DT500,3,500.0,40.0,507.0,7.0,6327,537,6865,0,0,0,0,0,3.9483508245303366e-14,3.0000000000000555,3.0000000000000555
P11,Vertical,Center,1D,DT500,4,500.0,40.0,498.00000000000006,-1.999999999999971,4831,533,5365,0,0,0,0,0,3.6766298651629925e-14,2.999999999999939,2.999999999999939
P11,Vertical,Center,1D,DT500,5,500.0,40.0,505.00000000000006,5.000000000000029,6566,521,7088,0,0,0,0,0,3.7431844281164176e-14,3.0000000000000604,3.0000000000000604
P11,Vertical,Center,1D,DT500,6,500.0,40.0,511.0,11.0,10940,519,11460,0,0,0,0,1,3.8731046669691983e-14,2.9999999999999463,2.9999999999999463
P11,Joystick,Rear,2D,DT500,0,100.0,40.0,92.07707500402044,-5.415716214161957,4198,500,4698,0,0,0,4,1,10.572635612156557,31.2391386625386,-31.2391386625386
P11,Joystick,Rear,2D,DT500,1,100.0,40.0,99.3577156860116,1.864924467829176,1735,500,2236,0,0,0,3,0,9.745572705896317,19.56950252850365,-19.56950252850365
P11,Joystick,Rear,2D,DT500,2,100.0,40.0,116.52053471321908,19.027743495036653,3724,500,4224,0,1,1,2,2,31.410071389724525,29.384332336550152,15.759584641475142
P11,Joystick,Rear,2D,DT500,3,100.0,40.0,83.74639560909122,-13.746395609091229,10915,500,11415,0,4,5,4,9,32.970867419329394,28.23688969258589,3.665461121157322
P11,Joystick,Rear,2D,DT500,4,100.0,40.0,109.31504944344232,11.822258225259905,4531,500,5032,0,0,1,1,1,10.4225434891877,22.92833141223316,-22.454097297271176
P11,Joystick,Rear,2D,DT500,5,100.0,40.0,79.99990106665553,-17.49289015152697,6781,500,7281,0,1,2,5,4,37.99899459757062,47.65872993989491,-44.60629976158593
P11,Joystick,Rear,2D,DT500,6,100.0,40.0,109.27677034072089,11.783979122538453,1262,500,1762,0,0,1,0,0,4.458962181028778,3.729576645756016,-0.4914406638320343
P11,Joystick,Rear,2D,DT500,0,250.0,60.0,255.1862108397143,11.45423279425839,3333,500,3834,0,0,0,2,0,23.25589838780556,49.93207414534767,-49.93207414534767
P11,Joystick,Rear,2D,DT500,1,250.0,60.0,249.5721303746972,5.84015232924127,2580,500,3081,0,0,0,0,0,2.9261184156296496,2.595839845179155,0.1686185434899331
P11,Joystick,Rear,2D,DT500,2,250.0,60.0,239.22661725115623,-4.505360794299727,3910,500,4411,0,0,0,1,0,11.951381154133756,28.561369748308195,-28.561369748308195
P11,Joystick,Rear,2D,DT500,3,250.0,60.0,224.865989022728,-18.86598902272794,3507,500,4007,0,0,0,0,0,2.35408231401309e-14,14.0,-14.0
P11,Joystick,Rear,2D,DT500,4,250.0,60.0,255.3157826616157,11.583804616159783,2855,500,3356,0,0,1,2,0,22.39160136907419,21.45892565872681,-10.67961196109365
P11,Joystick,Rear,2D,DT500,5,250.0,60.0,239.4873364672405,-4.2446415782154725,3432,500,3933,0,0,1,1,1,21.60884338496003,51.73527438777016,-50.99794163899284
P11,Joystick,Rear,2D,DT500,6,250.0,60.0,246.6359407958716,2.903962750415684,2518,500,3019,0,0,2,1,0,11.92832443660038,10.14638895780641,0.8353532886259327
P11,Joystick,Rear,2D,DT500,0,250.0,40.0,233.4944548516281,-10.237523193827831,2551,501,3052,0,0,1,1,0,12.878624423683757,20.316531260692148,-19.665528407538662
P11,Joystick,Rear,2D,DT500,1,250.0,40.0,239.8932230650192,-3.8387549804367502,2604,501,3105,0,0,0,2,0,5.838043098150616,10.380049410215785,-10.35962897710418
P11,Joystick,Rear,2D,DT500,2,250.0,40.0,260.1835766140256,16.451598568569647,4494,500,4995,0,0,2,2,0,11.78486825744282,9.939094192024658,2.175777261901791
P11,Joystick,Rear,2D,DT500,3,250.0,40.0,243.865989022728,0.1340109772720656,2810,500,3311,0,0,0,0,0,4.781101363400145,10.53956834532374,-10.53956834532374
P11,Joystick,Rear,2D,DT500,4,250.0,40.0,261.9236429173811,18.191664871925123,14603,500,15104,0,4,9,10,5,24.93333908329783,21.239566517731586,-0.2164105501481293
P11,Joystick,Rear,2D,DT500,5,250.0,40.0,259.0430004495197,15.311022404063744,3684,500,4185,0,0,0,1,0,15.8849948825267,46.1311789238765,-46.1311789238765
P11,Joystick,Rear,2D,DT500,6,250.0,40.0,248.63862920147844,4.906651156022517,2893,501,3395,0,0,1,2,0,12.063979770092642,11.145199096787744,-5.010056680037367
P11,Joystick,Rear,2D,DT500,0,500.0,40.0,492.3898680012267,4.925911910314895,7335,500,7836,0,1,3,3,1,11.174743250151502,10.520089011908205,-7.369770794668185
P11,Joystick,Rear,2D,DT500,1,500.0,40.0,486.1698089086565,-1.294147182255288,5185,500,5686,0,0,0,0,0,0.4668434150853455,9.604005174166598,9.604005174166598
P11,Joystick,Rear,2D,DT500,2,500.0,40.0,497.444514854483,9.980558763571198,5298,500,5799,0,0,2,3,0,25.9818570502051,22.028760255078417,13.8406769327511
P11,Joystick,Rear,2D,DT500,3,500.0,40.0,484.731978045456,-2.7319780454558447,5567,503,6070,0,0,2,1,0,8.436991113605975,7.782945736434108,-2.992248062015554
P11,Joystick,Rear,2D,DT500,4,500.0,40.0,492.0454986673963,4.581542576484495,19435,500,19936,0,3,8,11,10,43.108718751644616,33.54724797473552,-15.254601516652166
P11,Joystick,Rear,2D,DT500,5,500.0,40.0,492.58249149765606,5.118535406744212,19449,500,19950,0,3,5,12,9,50.2207218013932,44.59497367658485,-0.2712258207775356
P11,Joystick,Rear,2D,DT500,6,500.0,40.0,491.3108351583959,3.846879067484114,5176,500,5677,0,0,2,4,0,23.195468527386662,23.46525897394426,22.41859435857401
P11,Joystick,Rear,2D,DT500,0,500.0,60.0,485.53336102084063,-1.9305950700712315,4949,500,5450,0,0,4,4,0,15.337831966659804,12.380327332829484,-3.449309789352941
P11,Joystick,Rear,2D,DT500,1,500.0,60.0,478.06444148449305,-9.399514606418805,4985,500,5486,0,0,1,1,0,22.06358944169313,32.93474669811372,32.43629309742264
P11,Joystick,Rear,2D,DT500,2,500.0,60.0,489.13432103191474,1.670364941002977,8149,500,8650,0,0,0,3,0,22.22583425508948,39.90842138960599,39.90842138960599
P11,Joystick,Rear,2D,DT500,3,500.0,60.0,482.7319780454559,-4.731978045455878,6193,500,6694,0,0,0,0,0,2.237924908588981,5.883636363636358,5.883636363636358
P11,Joystick,Rear,2D,DT500,4,500.0,60.0,483.1354141573741,-4.32854193353781,7095,500,7596,0,0,1,1,0,15.40622609014971,21.907341599539706,20.5556928362244
P11,Joystick,Rear,2D,DT500,5,500.0,60.0,472.3042575563795,-15.159698534532335,5398,500,5899,0,0,0,0,0,0.383046981104783,1.913120822415341,-1.913120822415341
P11,Joystick,Rear,2D,DT500,6,500.0,60.0,497.7959538382424,10.331997747330606,4473,500,4974,0,0,2,2,0,8.167723935935811,7.067164904912236,-1.9269335320576129
P11,Joystick,Rear,2D,DT500,0,100.0,60.0,121.40975654583173,23.916965327649315,5367,500,5868,0,2,2,4,3,18.406981340256564,26.266668113550104,-23.642495394170258
P11,Joystick,Rear,2D,DT500,1,100.0,60.0,90.28254433703536,-7.210246881147064,1616,500,2117,0,0,0,1,0,5.004725274757383,8.31312265140949,-7.81562065139898
P11,Joystick,Rear,2D,DT500,2,100.0,60.0,118.7563561881415,21.263564969959106,1559,503,2063,0,0,0,1,0,11.761953852918916,25.288114427365176,-25.288114427365176
P11,Joystick,Rear,2D,DT500,3,100.0,60.0,85.74639560909117,-11.746395609091223,2463,500,2963,0,0,0,0,0,6.390474190580011e-15,3.999999999999997,3.999999999999997
P11,Joystick,Rear,2D,DT500,4,100.0,60.0,91.86009570973812,-5.632695508444312,6476,500,6977,0,0,2,3,3,26.97400305397169,27.724713127328275,-16.459050331926186
P11,Joystick,Rear,2D,DT500,5,100.0,60.0,97.77429887991865,0.2815076617361593,2304,500,2805,0,0,1,1,1,19.228053419864665,30.802997611902963,-28.267524515209608
P11,Joystick,Rear,2D,DT500,6,100.0,60.0,116.95933786670552,19.466546648523074,1377,502,1879,0,0,1,1,0,9.764936032833536,9.934082953193736,-4.904152881946571
P11,Horizontal,Front,1D,DT500,0,500.0,40.0,490.0,-10.000000000000028,6848,531,7379,0,1,0,0,4,8.985546336802812e-14,25.0,25.0
P11,Horizontal,Front,1D,DT500,1,500.0,40.0,514.0,14.0,5529,544,6074,0,0,0,0,1,7.066361228237284e-14,25.0,25.0
P11,Horizontal,Front,1D,DT500,2,500.0,40.0,498.00000000000006,-1.999999999999971,6253,517,6770,0,0,0,0,0,6.730127017091036e-14,25.0,25.0
P11,Horizontal,Front,1D,DT500,3,500.0,40.0,511.0,11.0,7149,528,7678,0,0,0,0,0,7.228359230094149e-14,25.0,25.0
P11,Horizontal,Front,1D,DT500,4,500.0,40.0,508.0,8.0,5572,522,6095,0,0,0,0,0,7.270616303283074e-14,25.0,25.0
P11,Horizontal,Front,1D,DT500,5,500.0,40.0,502.0,2.0,5538,542,6081,0,0,0,0,0,7.193780470396543e-14,25.0,25.0
P11,Horizontal,Front,1D,DT500,6,500.0,40.0,495.0,-5.0,5305,504,5810,0,0,0,0,0,6.744400153253468e-14,25.0,25.0
P11,Horizontal,Front,1D,DT500,0,250.0,40.0,265.0,14.999999999999972,3178,566,3745,0,0,0,0,0,3.9007629974779006e-14,32.0,32.0
P11,Horizontal,Front,1D,DT500,1,250.0,40.0,255.0,5.0,3189,549,3738,0,0,0,0,0,3.6163350945410784e-14,32.0,32.0
P11,Horizontal,Front,1D,DT500,2,250.0,40.0,250.0,0.0,3197,518,3715,0,0,0,0,0,3.628214033006634e-14,32.0,32.0
P11,Horizontal,Front,1D,DT500,3,250.0,40.0,254.0,4.0,2823,534,3358,0,0,0,0,0,3.7491421736823326e-14,32.0,32.0
P11,Horizontal,Front,1D,DT500,4,250.0,40.0,265.0,14.999999999999972,4462,562,5025,0,0,0,0,1,4.5103106652875997e-14,32.0,32.0
P11,Horizontal,Front,1D,DT500,5,250.0,40.0,263.0,13.0,3191,571,3763,0,0,0,0,0,3.5140696039028915e-14,32.0,32.0
P11,Horizontal,Front,1D,DT500,6,250.0,40.0,261.0,11.0,3278,519,3797,0,0,0,0,0,3.629124865193839e-14,32.0,32.0
P11,Horizontal,Front,1D,DT500,0,100.0,60.0,73.0,-27.000000000000004,1909,532,2441,0,0,0,0,0,1.1575188580381062e-14,32.0,32.0
P11,Horizontal,Front,1D,DT500,1,100.0,60.0,120.0,20.00000000000001,1278,520,1799,0,0,0,0,0,1.3759600911837628e-14,32.00000000000001,32.00000000000001
P11,Horizontal,Front,1D,DT500,2,100.0,60.0,106.0,6.0,1988,521,2509,0,0,0,0,0,1.5091080594420115e-14,32.0,32.0
P11,Horizontal,Front,1D,DT500,3,100.0,60.0,101.0,1.0,1622,501,2123,0,0,0,0,0,1.4474856007114573e-14,32.0,32.0
P11,Horizontal,Front,1D,DT500,4,100.0,60.0,107.0,7.000000000000009,1686,551,2237,0,0,0,0,0,1.5349477418661813e-14,32.0,32.0
P11,Horizontal,Front,1D,DT500,5,100.0,60.0,104.0,4.000000000000009,2334,520,2855,0,0,0,0,1,1.1796743387989148e-14,32.0,32.0
P11,Horizontal,Front,1D,DT500,6,100.0,60.0,115.0,15.0,1544,510,2054,0,0,0,0,0,1.846044178928221e-14,32.0,32.0
P11,Horizontal,Front,1D,DT500,0,250.0,60.0,247.0,-3.0,2762,510,3272,0,0,0,0,1,3.064709987046039e-14,32.0,32.0
P11,Horizontal,Front,1D,DT500,1,250.0,60.0,233.0,-17.000000000000014,2522,566,3089,0,0,0,0,0,3.427606182292756e-14,32.0,32.0
P11,Horizontal,Front,1D,DT500,2,250.0,60.0,260.0,10.000000000000028,3397,541,3938,0,0,0,0,0,3.2406733313909393e-14,32.0,32.0
P11,Horizontal,Front,1D,DT500,3,250.0,60.0,249.0,-1.0000000000000149,3092,527,3619,0,0,0,0,0,3.645940683591897e-14,32.0,32.0
P11,Horizontal,Front,1D,DT500,4,250.0,60.0,269.0,19.0,3483,548,4032,0,0,0,0,0,4.0037049833986217e-14,32.0,32.0
P11,Horizontal,Front,1D,DT500,5,250.0,60.0,280.0,29.99999999999997,2784,511,3295,0,0,0,0,0,3.9769824149321415e-14,32.0,32.0
P11,Horizontal,Front,1D,DT500,6,250.0,60.0,269.0,19.0,2449,537,2986,0,0,0,0,0,3.5551351583583376e-14,32.0,32.0
P11,Horizontal,Front,1D,DT500,0,500.0,60.0,501.0,1.0,5141,524,5666,0,0,0,0,0,7.251028778108592e-14,32.0,32.0
P11,Horizontal,Front,1D,DT500,1,500.0,60.0,504.0,4.0,4280,509,4789,0,0,0,0,1,7.298372937217349e-14,32.0,32.0
P11,Horizontal,Front,1D,DT500,2,500.0,60.0,497.00000000000006,-2.9999999999999707,5202,529,5732,0,0,0,0,0,7.155328476056436e-14,32.0,32.0
P11,Horizontal,Front,1D,DT500,3,500.0,60.0,509.0,8.999999999999972,5362,535,5897,0,0,0,0,0,7.417610080280731e-14,32.0,32.0
P11,Horizontal,Front,1D,DT500,4,500.0,60.0,493.0,-7.000000000000029,4955,506,5462,0,0,0,0,0,7.021093716454693e-14,32.0,32.0
P11,Horizontal,Front,1D,DT500,5,500.0,60.0,517.0,17.0,5700,517,6217,0,0,0,0,0,7.7235983200857e-14,32.0,32.0
P11,Horizontal,Front,1D,DT500,6,500.0,60.0,512.0000000000001,12.00000000000006,5486,527,6013,0,0,0,0,0,7.373403553018799e-14,32.0,32.0
P11,Horizontal,Front,1D,DT500,0,100.0,40.0,118.0,18.0,2063,507,2570,0,0,0,0,0,1.663562720127367e-14,32.0,32.0
P11,Horizontal,Front,1D,DT500,1,100.0,40.0,108.0,8.0,1742,508,2251,0,0,0,0,0,1.5814490950568862e-14,32.0,32.0
P11,Horizontal,Front,1D,DT500,2,100.0,40.0,114.0,14.0,1789,529,2319,0,0,0,0,0,1.6621570902015752e-14,32.0,32.0
P11,Horizontal,Front,1D,DT500,3,100.0,40.0,102.0,1.999999999999991,1694,535,2230,0,0,0,0,0,1.4464791208581268e-14,32.0,32.0
P11,Horizontal,Front,1D,DT500,4,100.0,40.0,114.0,14.0,1917,522,2440,0,0,0,0,0,1.7237679879648763e-14,32.0,32.0
P11,Horizontal,Front,1D,DT500,5,100.0,40.0,102.0,1.999999999999991,2106,508,2614,0,0,0,0,0,1.4862067603865998e-14,32.0,32.0
P11,Horizontal,Front,1D,DT500,6,100.0,40.0,112.0,12.0,3547,527,4075,0,1,0,0,1,2.1594522402930053e-14,32.0,32.0
P11,Vertical,Right,1D,DT500,0,100.0,60.0,114.0,13.999999999999991,1043,536,1579,0,0,0,0,1,9.925621888221528e-15,3.000000000000012,-3.000000000000012
P11,Vertical,Right,1D,DT500,1,100.0,60.0,108.0,7.999999999999991,1637,525,2163,0,0,0,0,0,1.057656670573102e-14,2.99999999999999,-2.99999999999999
P11,Vertical,Right,1D,DT500,2,100.0,60.0,132.0,32.0,3229,543,3773,1,0,0,0,0,1.1431061815470558e-14,3.00000000000001,-3.00000000000001
P11,Vertical,Right,1D,DT500,3,100.0,60.0,117.0,17.00000000000001,1582,508,2090,0,0,0,0,0,1.3822802139420301e-14,2.999999999999993,-2.999999999999993
P11,Vertical,Right,1D,DT500,4,100.0,60.0,110.0,9.999999999999991,1067,508,1575,0,0,0,0,1,1.1395405658446199e-14,3.000000000000011,-3.000000000000011
P11,Vertical,Right,1D,DT500,5,100.0,60.0,122.0,21.99999999999999,1192,536,1729,0,0,0,0,0,1.1730553061869208e-14,2.9999999999999907,-2.9999999999999907
P11,Vertical,Right,1D,DT500,6,100.0,60.0,90.0,-10.0,1339,505,1844,0,0,0,0,1,1.1146216868888648e-14,3.0000000000000075,-3.0000000000000075
P11,Vertical,Right,1D,DT500,0,250.0,60.0,274.0,24.0,6179,517,6697,0,0,0,0,0,2.043868752416643e-14,3.99999999999997,3.99999999999997
P11,Vertical,Right,1D,DT500,1,250.0,60.0,246.0,-4.000000000000014,2413,520,2934,0,0,0,0,1,2.2962134115271604e-14,4.000000000000028,4.000000000000028
P11,Vertical,Right,1D,DT500,2,250.0,60.0,265.0,15.0,4308,504,4813,0,0,0,0,0,2.0192737479226932e-14,3.999999999999969,3.999999999999969
P11,Vertical,Right,1D,DT500,3,250.0,60.0,246.0,-4.000000000000014,2843,522,3366,0,0,0,0,0,2.1457940689067028e-14,4.00000000000003,4.00000000000003
P11,Vertical,Right,1D,DT500,4,250.0,60.0,267.0,16.99999999999997,5636,515,6151,0,0,0,0,1,2.0214362333653475e-14,3.99999999999997,3.99999999999997
P11,Vertical,Right,1D,DT500,5,250.0,60.0,259.0,9.0,2550,516,3066,0,0,0,0,0,2.3380606603947752e-14,4.000000000000028,4.000000000000028
P11,Vertical,Right,1D,DT500,6,250.0,60.0,237.0,-13.0,4633,537,5171,0,0,0,0,2,2.0273945366918163e-14,3.999999999999969,3.999999999999969
P11,Vertical,Right,1D,DT500,0,250.0,40.0,246.0,-4.000000000000014,5806,519,6325,0,0,0,0,3,2.0312088486723812e-14,3.99999999999997,3.99999999999997
P11,Vertical,Right,1D,DT500,1,250.0,40.0,255.0,4.999999999999986,2260,518,2779,0,0,0,0,1,2.142743041174051e-14,4.000000000000032,4.000000000000032
P11,Vertical,Right,1D,DT500,2,250.0,40.0,257.99999999999994,7.999999999999971,3449,523,3972,0,0,0,0,1,2.1178636808861382e-14,3.999999999999968,3.999999999999968
P11,Vertical,Right,1D,DT500,3,250.0,40.0,260.0,9.999999999999972,2585,520,3105,0,0,0,0,0,2.3387378175035863e-14,4.000000000000028,4.000000000000028
P11,Vertical,Right,1D,DT500,4,250.0,40.0,232.0,-18.0,5403,512,5915,0,0,0,0,1,2.0461921845838063e-14,3.99999999999997,3.99999999999997
P11,Vertical,Right,1D,DT500,5,250.0,40.0,268.0,18.0,2182,509,2692,0,0,0,0,0,2.1166906568529522e-14,4.000000000000033,4.000000000000033
P11,Vertical,Right,1D,DT500,6,250.0,40.0,253.00000000000003,3.0000000000000147,8939,533,9473,0,1,0,0,1,2.7467659463853523e-14,3.999999999999957,3.999999999999957
P11,Vertical,Right,1D,DT500,0,500.0,40.0,489.0,-10.999999999999972,5650,516,6167,0,0,0,0,2,4.129108424714656e-14,3.999999999999941,3.999999999999941
P11,Vertical,Right,1D,DT500,1,500.0,40.0,520.0,19.999999999999943,5533,542,6076,0,0,0,0,0,3.925474178349775e-14,4.000000000000061,4.000000000000061
P11,Vertical,Right,1D,DT500,2,500.0,40.0,508.0,8.0,6249,512,6762,0,0,0,0,1,4.3786017801317214e-14,3.999999999999943,3.999999999999943
P11,Vertical,Right,1D,DT500,3,500.0,40.0,519.0,19.000000000000057,4665,528,5194,0,0,0,0,0,4.2197384110303085e-14,4.000000000000059,4.000000000000059
P11,Vertical,Right,1D,DT500,4,500.0,40.0,479.0,-20.99999999999997,6459,520,6980,1,0,0,0,1,4.3742851841575326e-14,3.999999999999942,3.999999999999942
P11,Vertical,Right,1D,DT500,5,500.0,40.0,503.0,2.9999999999999707,5931,510,6441,0,1,0,0,2,4.3231901668714096e-14,4.000000000000074,4.000000000000074
P11,Vertical,Right,1D,DT500,6,500.0,40.0,505.0,5.0,6157,523,6680,0,0,0,0,1,4.2704155105142834e-14,3.999999999999944,3.999999999999944
P11,Vertical,Right,1D,DT500,0,500.0,60.0,502.0,2.0,4107,546,4653,0,0,0,0,1,3.786417212446744e-14,3.9999999999999374,3.9999999999999374
P11,Vertical,Right,1D,DT500,1,500.0,60.0,528.0,27.999999999999943,4601,531,5133,0,0,0,0,0,4.140341096596181e-14,4.000000000000056,4.000000000000056
P11,Vertical,Right,1D,DT500,2,500.0,60.0,499.0,-1.0,5629,517,6147,0,0,0,0,2,4.3040578037259184e-14,3.999999999999948,3.999999999999948
P11,Vertical,Right,1D,DT500,3,500.0,60.0,519.0,19.000000000000057,4641,522,5164,0,0,0,0,0,4.1047426155030096e-14,4.000000000000057,4.000000000000057
P11,Vertical,Right,1D,DT500,4,500.0,60.0,482.0,-18.0,6160,511,6671,0,0,0,0,1,4.2741049788206166e-14,3.999999999999949,3.999999999999949
P11,Vertical,Right,1D,DT500,5,500.0,60.0,533.0,33.0,4269,503,4772,1,0,0,0,0,3.9417085516293513e-14,4.000000000000061,4.000000000000061
P11,Vertical,Right,1D,DT500,6,500.0,60.0,482.0,-18.0,6144,500,6645,0,0,0,0,2,4.8787207553876013e-14,3.999999999999957,3.999999999999957
P11,Vertical,Right,1D,DT500,0,100.0,40.0,90.0,-9.999999999999996,1409,510,1920,0,0,0,0,1,8.143664878849738e-15,3.999999999999985,3.999999999999985
P11,Vertical,Right,1D,DT500,1,100.0,40.0,88.0,-12.000000000000004,1731,537,2268,0,0,0,0,0,8.559057270548214e-15,4.000000000000006,4.000000000000006
P11,Vertical,Right,1D,DT500,2,100.0,40.0,92.0,-8.0,1199,535,1734,0,0,0,0,1,8.391253783470992e-15,3.999999999999984,3.999999999999984
P11,Vertical,Right,1D,DT500,3,100.0,40.0,110.0,10.0,954,515,1470,0,0,0,0,0,9.124143900261848e-15,4.000000000000016,4.000000000000016
P11,Vertical,Right,1D,DT500,4,100.0,40.0,98.0,-1.999999999999991,2064,537,2602,0,0,0,0,1,1.1389681705021696e-14,3.999999999999997,3.999999999999997
P11,Vertical,Right,1D,DT500,5,100.0,40.0,110.0,10.0,1266,529,1796,0,0,0,0,0,1.0052225551821788e-14,4.000000000000014,4.000000000000014
P11,Vertical,Right,1D,DT500,6,100.0,40.0,103.0,3.0,1898,501,2399,0,0,0,0,1,1.1249703466334417e-14,3.999999999999997,3.999999999999997
P11,Joystick,Front,2D,DT500,0,500.0,60.0,482.3860563503388,-5.077899740573021,4876,502,5379,0,0,3,2,0,26.20368802127079,24.45939847568776,19.31610418570961
P11,Joystick,Front,2D,DT500,1,500.0,60.0,509.6049995415405,22.14104345062869,9952,509,10462,0,0,1,1,1,31.48415703951456,43.33530375331895,-39.99625365369885
P11,Joystick,Front,2D,DT500,2,500.0,60.0,491.2018698850581,3.737913794146257,5808,501,6309,0,0,2,2,0,30.06899424671066,26.241168420393848,5.067367797201662
P11,Joystick,Front,2D,DT500,3,500.0,60.0,479.731978045456,-7.731978045455854,5955,500,6456,0,0,0,0,0,5.0129240580127844e-14,10.0,-10.0
P11,Joystick,Front,2D,DT500,4,500.0,60.0,510.9681105667898,23.504154475877947,10470,505,10975,0,1,2,5,2,21.604168518860927,24.07983961816021,-21.192581307698493
P11,Joystick,Front,2D,DT500,5,500.0,60.0,506.8236767832684,19.35972069235652,5877,500,6377,0,0,1,4,0,16.30723506418046,21.62626346818637,19.26610376696445
P11,Joystick,Front,2D,DT500,6,500.0,60.0,486.35135142113023,-1.1126046697815672,5173,500,5674,0,0,2,2,0,17.47665155169621,15.269520554627032,-2.467886795602315
P11,Joystick,Front,2D,DT500,0,250.0,40.0,230.48482693872603,-13.247151106729875,8018,508,8527,0,0,3,4,3,22.78550485348176,22.38903432347907,12.971677291188982
P11,Joystick,Front,2D,DT500,1,250.0,40.0,251.4623536214304,7.730375575974395,2656,500,3157,0,0,0,1,0,7.690491793612352,16.77374660062528,-16.77374660062528
P11,Joystick,Front,2D,DT500,2,250.0,40.0,258.1492291505497,14.417251105093722,3476,500,3977,0,0,1,1,0,16.196247987196152,27.704346923566074,-27.300353107915665
P11,Joystick,Front,2D,DT500,3,250.0,40.0,244.86598902272792,1.1340109772720377,4889,500,5389,0,0,0,0,0,2.557936226087964e-14,12.0,12.0
P11,Joystick,Front,2D,DT500,4,250.0,40.0,256.4182255409646,12.68624749550864,4216,500,4717,0,0,3,2,1,25.0987066109401,23.073549286110463,-12.66693415028837
P11,Joystick,Front,2D,DT500,5,250.0,40.0,257.0141893633342,13.282211317878224,3911,500,4412,0,0,1,1,0,4.806047133545489,7.075088237791827,6.393112135464175
P11,Joystick,Front,2D,DT500,6,250.0,40.0,247.85421062813955,4.122232582683609,2962,500,3463,0,0,1,2,0,9.81017623273758,8.346293670252079,-1.3276816095712518
P11,Joystick,Front,2D,DT500,0,250.0,60.0,246.24217127736475,2.5101932319088336,2391,500,2891,0,0,1,0,0,12.468176370462396,13.162961725794077,6.90877661512829
P11,Joystick,Front,2D,DT500,1,250.0,60.0,240.82351930751807,-2.908458737937873,5760,500,6261,0,0,2,2,1,19.333480388742263,14.482244005422688,5.091246794708816
P11,Joystick,Front,2D,DT500,2,250.0,60.0,265.2573759247671,21.5253978793111,3139,500,3640,0,0,0,1,0,18.01517955498109,43.72687556583403,43.72687556583403
P11,Joystick,Front,2D,DT500,3,250.0,60.0,250.865989022728,7.134010977272078,2801,500,3302,0,0,0,0,0,2.5715114276729644e-14,18.0,18.0
P11,Joystick,Front,2D,DT500,4,250.0,60.0,249.3742158726392,5.642237827183207,4215,501,4717,0,0,0,1,1,8.477441900317222,16.010420013964357,-16.010420013964357
P11,Joystick,Front,2D,DT500,5,250.0,60.0,258.43926448881786,14.707286443361872,8464,500,8964,0,0,0,2,2,27.542039224298986,73.87775272107058,-73.87775272107058
P11,Joystick,Front,2D,DT500,6,250.0,60.0,254.93323854248203,11.20126049702611,2626,500,3126,0,0,1,1,0,11.970587924212726,15.018244769742337,12.067306927525058
P11,Joystick,Front,2D,DT500,0,500.0,40.0,477.8187818997425,-9.645174191169293,4794,504,5298,0,0,0,3,0,18.24756162852801,22.80376206259185,22.70442974250525
P11,Joystick,Front,2D,DT500,1,500.0,40.0,493.3745108520566,5.910554761144764,6322,500,6822,0,0,2,3,1,26.0962068211163,29.7139238791014,26.157480098908287
P11,Joystick,Front,2D,DT500,2,500.0,40.0,501.3472028330984,13.88324674218664,12457,501,12959,0,3,4,5,6,25.8067945451203,27.14469611276324,-20.73875453195991
P11,Joystick,Front,2D,DT500,3,500.0,40.0,489.7319780454559,2.268021954544135,4879,500,5380,0,0,0,0,0,2.7107581284661724e-14,1.9999999999999591,1.9999999999999591
P11,Joystick,Front,2D,DT500,4,500.0,40.0,477.7628023396268,-9.701153751284998,6364,500,6865,0,0,0,2,1,46.1357199314207,61.882554403586894,61.69265257038334
P11,Joystick,Front,2D,DT500,5,500.0,40.0,495.2743000680141,7.810343977102193,7756,500,8257,0,0,0,1,0,55.03527783513248,90.58252213577556,-90.57114952888094
P11,Joystick,Front,2D,DT500,6,500.0,40.0,484.8993700459224,-2.5645860449894093,5703,500,6204,0,0,2,4,0,15.642399876161296,17.59132734003268,14.876612937999008
P11,Joystick,Front,2D,DT500,0,100.0,40.0,84.61702841199214,-12.875762806190272,2665,500,3166,0,0,1,1,1,11.016548419678497,18.71219437756208,18.34148243312765
P11,Joystick,Front,2D,DT500,1,100.0,40.0,104.94937006158328,7.456578843400857,1222,500,1723,0,0,0,0,0,3.0966969714165664,4.22615629084745,-4.064075592968365
P11,Joystick,Front,2D,DT500,2,100.0,40.0,93.52922788687376,-3.963563331308632,6998,500,7499,0,1,3,4,2,13.926360011328908,11.076515932699465,-2.284701819566467
P11,Joystick,Front,2D,DT500,3,100.0,40.0,93.74639560909117,-3.7463956090912194,3596,500,4096,0,0,0,0,1,6.633633806694314e-15,3.999999999999997,3.999999999999997
P11,Joystick,Front,2D,DT500,4,100.0,40.0,111.51766952869744,14.024878310515003,10974,500,11474,0,3,5,8,7,34.15855279248442,27.845478935696462,-0.5625340844841192
P11,Joystick,Front,2D,DT500,5,100.0,40.0,107.32449527072276,9.831704052540267,2397,500,2897,0,0,1,1,0,9.462575480689676,8.620691939526276,-4.906598885296569
P11,Joystick,Front,2D,DT500,6,100.0,40.0,87.79634467760738,-9.696446540575057,9335,500,9835,0,1,3,3,5,13.687439945281408,11.330719633394978,-2.748033069978934
P11,Joystick,Front,2D,DT500,0,100.0,60.0,100.68173786094373,3.188946642761324,3788,500,4288,0,0,0,1,1,8.363972048245191,29.05893586786941,-29.05893586786941
P11,Joystick,Front,2D,DT500,1,100.0,60.0,107.8986004696892,10.40580925150677,2761,506,3267,0,0,1,1,1,18.6132406546825,28.314868193161647,25.776777596484425
P11,Joystick,Front,2D,DT500,2,100.0,60.0,97.50058431826638,0.0077931000839888,3008,501,3509,0,0,2,0,0,5.492547080290721,5.317293537692224,2.757854680657769
P11,Joystick,Front,2D,DT500,3,100.0,60.0,103.74639560909118,6.253604390908786,4190,500,4690,0,0,1,1,1,28.623469920731665,57.42857142857143,-57.15151515151516
P11,Joystick,Front,2D,DT500,4,100.0,60.0,88.6569025875787,-8.835888630603737,2367,500,2868,0,0,1,0,1,12.41639389153682,12.666626922749431,6.94769702451704
P11,Joystick,Front,2D,DT500,5,100.0,60.0,90.45076293822314,-7.042028279959349,3785,500,4286,0,0,1,1,2,37.28635851009768,66.19027033230718,65.62432850766751
P11,Joystick,Front,2D,DT500,6,100.0,60.0,81.65060270318712,-15.842188514995312,1157,500,1657,0,0,0,0,0,5.089033409273297,11.58566297346716,11.58566297346716
P11,Vertical,Left,1D,DT500,0,500.0,40.0,521.0,20.999999999999943,6170,512,6682,1,0,0,0,0,4.4332355594331256e-14,5.9999999999999325,5.9999999999999325
P11,Vertical,Left,1D,DT500,1,500.0,40.0,519.0,19.000000000000057,7890,501,8391,0,1,0,0,2,6.456024689254013e-14,6.000000000000121,6.000000000000121
P11,Vertical,Left,1D,DT500,2,500.0,40.0,497.0,-3.0,5989,537,6526,0,0,0,0,1,4.337771835145184e-14,5.999999999999928,5.999999999999928
P11,Vertical,Left,1D,DT500,3,500.0,40.0,491.0,-9.000000000000028,9937,507,10444,0,0,0,0,0,4.420581669880572e-14,6.000000000000083,6.000000000000083
P11,Vertical,Left,1D,DT500,4,500.0,40.0,487.0,-13.0,5653,505,6159,0,0,0,0,1,4.4967577280230686e-14,5.9999999999999165,5.9999999999999165
P11,Vertical,Left,1D,DT500,5,500.0,40.0,506.0,6.0,10840,508,11349,0,2,0,0,4,6.053322110370104e-14,6.000000000000127,6.000000000000127
P11,Vertical,Left,1D,DT500,6,500.0,40.0,501.00000000000006,1.000000000000029,4756,517,5274,0,0,0,0,1,4.3700438553224754e-14,5.999999999999934,5.999999999999934
P11,Vertical,Left,1D,DT500,0,500.0,60.0,485.0,-15.0,7144,536,7680,0,0,0,0,3,6.323822256746629e-14,13.0,13.0
P11,Vertical,Left,1D,DT500,1,500.0,60.0,478.0,-22.0,6629,503,7132,0,0,0,0,0,4.5676000330676805e-14,13.000000000000036,13.000000000000036
P11,Vertical,Left,1D,DT500,2,500.0,60.0,526.0,26.0,4020,525,4546,0,0,0,0,0,4.0215036509353945e-14,12.99999999999995,12.99999999999995
P11,Vertical,Left,1D,DT500,3,500.0,60.0,521.0,21.0,5994,525,6519,0,0,0,0,0,5.332779339990383e-14,13.000000000000025,13.000000000000025
P11,Vertical,Left,1D,DT500,4,500.0,60.0,512.0000000000001,12.00000000000006,5912,516,6428,0,1,0,0,3,6.846046083179075e-14,12.999999999999988,12.999999999999988
P11,Vertical,Left,1D,DT500,5,500.0,60.0,519.0,18.999999999999943,5393,500,5894,0,0,0,0,0,5.324391856143449e-14,13.000000000000025,13.000000000000025
P11,Vertical,Left,1D,DT500,6,500.0,60.0,499.0,-1.0,6790,515,7305,0,0,0,0,1,6.591281461655608e-14,13.0,13.0
P11,Vertical,Left,1D,DT500,0,250.0,40.0,250.0,0.0,3734,516,4251,0,1,0,0,2,4.8142573581905633e-14,13.0,13.0
P11,Vertical,Left,1D,DT500,1,250.0,40.0,245.0,-5.000000000000014,3716,501,4217,0,1,0,0,2,4.71899932742325e-14,13.0,13.0
P11,Vertical,Left,1D,DT500,2,250.0,40.0,271.0,20.99999999999997,3102,531,3633,1,0,0,0,1,3.609467134302272e-14,13.0,13.0
P11,Vertical,Left,1D,DT500,3,250.0,40.0,235.0,-14.999999999999986,7300,504,7805,0,1,0,0,4,5.0480372843491743e-14,13.0,13.0
P11,Vertical,Left,1D,DT500,4,250.0,40.0,255.0,5.0,2860,527,3388,0,0,0,0,1,3.344100475241323e-14,12.999999999999998,12.999999999999998
P11,Vertical,Left,1D,DT500,5,250.0,40.0,269.0,19.0,2486,502,2989,0,0,0,0,0,3.702190802779196e-14,13.0,13.0
P11,Vertical,Left,1D,DT500,6,250.0,40.0,239.0,-11.0,4436,505,4941,0,0,0,0,2,3.5299631647561574e-14,13.0,13.0
P11,Vertical,Left,1D,DT500,0,100.0,40.0,79.0,-21.0,1235,506,1741,1,0,0,0,1,1.46288135666689e-14,13.0,13.0
P11,Vertical,Left,1D,DT500,1,100.0,40.0,117.0,17.0,848,517,1365,0,0,0,0,0,1.4721723878701167e-14,13.000000000000004,13.000000000000004
P11,Vertical,Left,1D,DT500,2,100.0,40.0,99.0,-1.0,1346,543,1889,0,0,0,0,1,1.468606192624617e-14,13.0,13.0
P11,Vertical,Left,1D,DT500,3,100.0,40.0,113.0,13.0,1111,527,1638,0,0,0,0,0,1.7015488132408496e-14,13.0,13.0
P11,Vertical,Left,1D,DT500,4,100.0,40.0,107.0,7.0,1460,517,1978,0,0,0,0,1,1.4940673723150192e-14,13.0,13.0
P11,Vertical,Left,1D,DT500,5,100.0,40.0,109.0,9.0,1231,510,1741,0,0,0,0,0,1.5800130875989707e-14,13.0,13.0
P11,Vertical,Left,1D,DT500,6,100.0,40.0,90.0,-10.0,2261,525,2786,0,1,0,0,1,2.1403029998147385e-14,13.0,13.0
P11,Vertical,Left,1D,DT500,0,100.0,60.0,118.0,18.0,1109,530,1639,0,0,0,0,0,1.4156420397660395e-14,12.999999999999998,12.999999999999998
P11,Vertical,Left,1D,DT500,1,100.0,60.0,99.0,-1.0,1215,588,1804,0,0,0,0,0,1.3388653872049296e-14,13.0,13.0
P11,Vertical,Left,1D,DT500,2,100.0,60.0,95.0,-5.000000000000009,944,513,1457,0,0,0,0,1,1.5184450321098206e-14,13.0,13.0
P11,Vertical,Left,1D,DT500,3,100.0,60.0,130.0,30.0,4420,516,4936,0,0,0,0,0,1.5666481303228742e-14,13.000000000000002,13.000000000000002
P11,Vertical,Left,1D,DT500,4,100.0,60.0,93.0,-7.0,1997,518,2515,0,0,0,0,2,1.6802516265649948e-14,13.000000000000009,13.000000000000009
P11,Vertical,Left,1D,DT500,5,100.0,60.0,111.0,10.999999999999991,634,542,1177,0,0,0,0,0,1.3857535250317806e-14,13.000000000000004,13.000000000000004
P11,Vertical,Left,1D,DT500,6,100.0,60.0,132.0,32.0,2140,527,2668,0,0,0,0,0,1.5709741354080993e-14,13.0,13.0
P11,Vertical,Left,1D,DT500,0,250.0,60.0,268.0,18.00000000000003,2317,515,2833,0,0,0,0,0,2.9689552141678885e-14,12.99999999999999,12.99999999999999
P11,Vertical,Left,1D,DT500,1,250.0,60.0,278.0,28.0,2348,506,2854,0,0,0,0,0,2.9695288274535976e-14,13.00000000000001,13.00000000000001
P11,Vertical,Left,1D,DT500,2,250.0,60.0,260.0,10.0,2849,516,3365,0,0,0,0,1,3.304706940550025e-14,13.0,13.0
P11,Vertical,Left,1D,DT500,3,250.0,60.0,276.0,26.0,5106,517,5623,0,0,0,0,0,3.514714610428388e-14,13.0,13.0
P11,Vertical,Left,1D,DT500,4,250.0,60.0,251.00000000000003,1.0000000000000149,2728,526,3255,0,0,0,0,1,3.3486863364001873e-14,13.0,13.0
P11,Vertical,Left,1D,DT500,5,250.0,60.0,240.0,-10.0,2196,525,2721,0,0,0,0,0,2.3599041565182864e-14,13.00000000000002,13.00000000000002
P11,Vertical,Left,1D,DT500,6,250.0,60.0,252.0,2.0,1991,537,2529,0,0,0,0,1,2.235431964218713e-14,12.999999999999975,12.999999999999975
P11,Horizontal,Rear,1D,DT500,0,250.0,60.0,260.0,10.0,2491,526,3018,0,0,0,0,0,2.0860466173514945e-14,8.999999999999964,8.999999999999964
P11,Horizontal,Rear,1D,DT500,1,250.0,60.0,238.0,-12.0,3585,558,4144,0,0,0,0,0,1.9350063050390843e-14,9.000000000000032,9.000000000000032
P11,Horizontal,Rear,1D,DT500,2,250.0,60.0,244.0,-6.0,3854,526,4380,0,0,0,0,0,1.807001123101702e-14,8.999999999999964,8.999999999999964
P11,Horizontal,Rear,1D,DT500,3,250.0,60.0,243.0,-7.000000000000014,3141,559,3700,0,0,0,0,0,1.8266673989369515e-14,9.000000000000034,9.000000000000034
P11,Horizontal,Rear,1D,DT500,4,250.0,60.0,237.0,-13.0,6252,543,6796,0,0,0,0,0,1.8194359611754283e-14,8.999999999999963,8.999999999999963
P11,Horizontal,Rear,1D,DT500,5,250.0,60.0,257.0,7.0,2694,518,3212,0,0,0,0,0,1.834918385264477e-14,9.000000000000034,9.000000000000034
P11,Horizontal,Rear,1D,DT500,6,250.0,60.0,254.0,4.0,2502,533,3036,0,0,0,0,0,2.0546261443860003e-14,8.999999999999964,8.999999999999964
P11,Horizontal,Rear,1D,DT500,0,100.0,60.0,115.0,14.999999999999991,1714,518,2232,0,0,0,0,0,1.2771950355353502e-14,15.999999999999996,15.999999999999996
P11,Horizontal,Rear,1D,DT500,1,100.0,60.0,102.0,2.0,3833,539,4373,0,0,0,0,0,1.4048014205672978e-14,16.0,16.0
P11,Horizontal,Rear,1D,DT500,2,100.0,60.0,110.0,10.0,875,505,1381,0,0,0,0,0,1.1884597882956396e-14,15.999999999999996,15.999999999999996
P11,Horizontal,Rear,1D,DT500,3,100.0,60.0,113.0,12.999999999999991,1351,506,1857,0,0,0,0,0,1.6690193613366014e-14,16.0,16.0
P11,Horizontal,Rear,1D,DT500,4,100.0,60.0,90.0,-10.0,1220,523,1744,0,0,0,0,0,1.266309234125328e-14,16.0,16.0
P11,Horizontal,Rear,1D,DT500,5,100.0,60.0,106.0,5.999999999999991,1518,519,2038,0,0,0,0,0,1.0812839125445095e-14,16.000000000000007,16.000000000000007
P11,Horizontal,Rear,1D,DT500,6,100.0,60.0,77.0,-23.0,1183,507,1691,0,0,0,0,0,1.1437109818970582e-14,16.0,16.0
P11,Horizontal,Rear,1D,DT500,0,500.0,60.0,505.0,4.999999999999971,4437,516,4954,0,0,0,0,0,4.3861955989502126e-14,15.99999999999996,15.99999999999996
P11,Horizontal,Rear,1D,DT500,1,500.0,60.0,494.00000000000006,-5.999999999999971,4705,526,5231,0,0,0,0,0,5.5913277169459776e-14,16.000000000000018,16.000000000000018
P11,Horizontal,Rear,1D,DT500,2,500.0,60.0,503.0,3.0,4295,535,4831,0,0,0,0,0,4.9602083004269336e-14,15.999999999999972,15.999999999999972
P11,Horizontal,Rear,1D,DT500,3,500.0,60.0,508.0,7.999999999999971,4714,521,5235,0,0,0,0,1,4.7897673121718006e-14,16.000000000000036,16.000000000000036
P11,Horizontal,Rear,1D,DT500,4,500.0,60.0,503.0,3.0,4018,512,4531,0,0,0,0,0,4.9121432655848055e-14,15.999999999999972,15.999999999999972
P11,Horizontal,Rear,1D,DT500,5,500.0,60.0,527.0,27.0,5567,545,6112,0,0,0,0,0,6.700312563141755e-14,16.000000000000007,16.000000000000007
P11,Horizontal,Rear,1D,DT500,6,500.0,60.0,522.0,22.000000000000057,4403,503,4907,0,0,0,0,0,6.681996681745198e-14,15.999999999999991,15.999999999999991
P11,Horizontal,Rear,1D,DT500,0,250.0,40.0,250.00000000000003,1.4551915228366852e-14,4770,500,5271,0,1,0,0,1,4.3043059092998216e-14,15.99999999999999,15.99999999999999
P11,Horizontal,Rear,1D,DT500,1,250.0,40.0,254.0,4.000000000000014,2806,510,3316,0,0,0,0,0,2.6672594933614e-14,16.000000000000014,16.000000000000014
P11,Horizontal,Rear,1D,DT500,2,250.0,40.0,266.0,16.00000000000003,1984,508,2492,0,0,0,0,0,2.5362704201270783e-14,15.999999999999982,15.999999999999982
P11,Horizontal,Rear,1D,DT500,3,250.0,40.0,263.0,13.000000000000028,6012,531,6543,0,1,0,0,1,6.086085013416053e-14,16.0,16.0
P11,Horizontal,Rear,1D,DT500,4,250.0,40.0,258.0,8.0,3731,533,4265,0,0,0,0,1,3.8809772244912556e-14,16.0,16.0
P11,Horizontal,Rear,1D,DT500,5,250.0,40.0,255.0,5.0,7064,508,7573,0,1,0,0,2,3.808092704858455e-14,16.0,16.0
P11,Horizontal,Rear,1D,DT500,6,250.0,40.0,265.0,15.0,8371,541,8912,0,1,0,0,1,3.804532910444495e-14,15.999999999999991,15.999999999999991
P11,Horizontal,Rear,1D,DT500,0,500.0,40.0,505.0,4.999999999999971,6912,540,7452,0,0,0,0,0,6.551397683272924e-14,15.999999999999991,15.999999999999991
P11,Horizontal,Rear,1D,DT500,1,500.0,40.0,502.00000000000006,2.0000000000000293,4840,508,5348,0,0,0,0,0,5.5194843439843775e-14,16.000000000000025,16.000000000000025
P11,Horizontal,Rear,1D,DT500,2,500.0,40.0,507.0,7.0,7674,518,8193,0,1,0,0,1,8.75924061191571e-14,16.0,16.0
P11,Horizontal,Rear,1D,DT500,3,500.0,40.0,514.0,14.0,13225,536,13761,0,2,0,0,4,7.531846608081789e-14,16.000000000000018,16.000000000000018
P11,Horizontal,Rear,1D,DT500,4,500.0,40.0,504.0,4.0,5233,501,5735,0,0,0,0,0,5.144412401285e-14,15.999999999999972,15.999999999999972
P11,Horizontal,Rear,1D,DT500,5,500.0,40.0,498.0,-2.0,8864,523,9387,0,0,0,0,1,5.6198224984123784e-14,16.000000000000025,16.000000000000025
P11,Horizontal,Rear,1D,DT500,6,500.0,40.0,499.0,-1.0,4015,514,4530,0,0,0,0,0,5.020448276590186e-14,15.999999999999972,15.999999999999972
P11,Horizontal,Rear,1D,DT500,0,100.0,40.0,109.0,9.0,1435,525,1960,0,0,0,0,1,1.4128811981760095e-14,15.999999999999998,15.999999999999998
P11,Horizontal,Rear,1D,DT500,1,100.0,40.0,110.0,10.0,1242,514,1756,0,0,0,0,0,1.6257304748489148e-14,16.0,16.0
P11,Horizontal,Rear,1D,DT500,2,100.0,40.0,95.0,-5.0,3092,526,3619,0,1,0,0,1,1.8965129314425505e-14,16.0,16.0
P11,Horizontal,Rear,1D,DT500,3,100.0,40.0,90.0,-10.0,2208,519,2727,0,0,0,0,0,1.1909857418111268e-14,16.0,16.0
P11,Horizontal,Rear,1D,DT500,4,100.0,40.0,109.0,9.0,1832,549,2381,0,0,0,0,0,1.1616437421836916e-14,15.999999999999996,15.999999999999996
P11,Horizontal,Rear,1D,DT500,5,100.0,40.0,95.0,-5.0,1982,533,2516,0,0,0,0,0,1.6550163101934737e-14,16.0,16.0
P11,Horizontal,Rear,1D,DT500,6,100.0,40.0,109.0,9.0,5236,503,5739,0,1,0,0,1,3.6176899418185225e-14,15.999999999999996,15.999999999999996
P11,Horizontal,Center,1D,DT500,0,500.0,40.0,498.0,-2.0,4726,513,5239,0,0,0,0,0,5.248890980661199e-14,18.99999999999997,18.99999999999997
P11,Horizontal,Center,1D,DT500,1,500.0,40.0,501.0,1.0,5094,527,5621,0,0,0,0,0,7.118508291726307e-14,19.0,19.0
P11,Horizontal,Center,1D,DT500,2,500.0,40.0,499.00000000000006,-0.9999999999999708,4733,509,5243,0,0,0,0,0,5.733676638800063e-14,18.999999999999982,18.999999999999982
P11,Horizontal,Center,1D,DT500,3,500.0,40.0,513.0,13.0,4800,516,5317,0,0,0,0,0,3.913908560669778e-14,19.00000000000006,19.00000000000006
P11,Horizontal,Center,1D,DT500,4,500.0,40.0,496.00000000000006,-3.99999999999997,5038,549,5587,0,0,0,0,0,4.421563877145428e-14,18.999999999999964,18.999999999999964
P11,Horizontal,Center,1D,DT500,5,500.0,40.0,494.0,-6.000000000000029,6032,540,6572,0,0,0,0,0,4.8965674503830763e-14,19.00000000000003,19.00000000000003
P11,Horizontal,Center,1D,DT500,6,500.0,40.0,510.0,10.000000000000028,5174,519,5694,0,0,0,0,0,4.839616419933792e-14,18.999999999999968,18.999999999999968
P11,Horizontal,Center,1D,DT500,0,100.0,40.0,119.0,19.0,1744,507,2252,0,0,0,0,0,1.6852000649168165e-14,26.0,26.0
P11,Horizontal,Center,1D,DT500,1,100.0,40.0,113.0,13.0,2055,511,2566,0,0,0,0,0,1.5153707955389634e-14,26.0,26.0
P11,Horizontal,Center,1D,DT500,2,100.0,40.0,104.0,3.999999999999991,5213,523,5737,0,2,0,0,2,2.074676525658928e-14,26.0,26.0
P11,Horizontal,Center,1D,DT500,3,100.0,40.0,109.0,8.999999999999991,4315,510,4825,0,0,0,0,0,1.637720085286689e-14,26.0,26.0
P11,Horizontal,Center,1D,DT500,4,100.0,40.0,113.0,13.0,3451,526,3977,0,1,0,0,1,2.409567650518791e-14,26.0,26.0
P11,Horizontal,Center,1D,DT500,5,100.0,40.0,90.0,-10.0,1909,544,2453,0,0,0,0,0,1.3005067400032379e-14,26.0,26.0
P11,Horizontal,Center,1D,DT500,6,100.0,40.0,118.0,18.0,2699,544,3244,0,0,0,0,0,1.505384414964073e-14,26.0,26.0
P11,Horizontal,Center,1D,DT500,0,100.0,60.0,95.0,-4.999999999999991,1690,547,2238,0,0,0,0,0,1.3612040604490984e-14,26.0,26.0
P11,Horizontal,Center,1D,DT500,1,100.0,60.0,101.0,1.000000000000009,1018,514,1533,0,0,0,0,0,1.557426014953351e-14,26.0,26.0
P11,Horizontal,Center,1D,DT500,2,100.0,60.0,90.0,-10.0,1284,529,1813,0,0,0,0,0,1.3638368584699282e-14,26.0,26.0
P11,Horizontal,Center,1D,DT500,3,100.0,60.0,106.0,6.000000000000009,2053,515,2569,0,0,0,0,0,1.3021935198820894e-14,26.000000000000004,26.000000000000004
P11,Horizontal,Center,1D,DT500,4,100.0,60.0,94.0,-5.999999999999991,1277,532,1809,0,0,0,0,0,1.4121757569080123e-14,26.0,26.0
P11,Horizontal,Center,1D,DT500,5,100.0,60.0,105.0,5.000000000000009,995,511,1507,0,0,0,0,0,1.6549698072555138e-14,26.0,26.0
P11,Horizontal,Center,1D,DT500,6,100.0,60.0,99.0,-1.0,1244,527,1772,0,0,0,0,0,1.4554253749401073e-14,26.0,26.0
P11,Horizontal,Center,1D,DT500,0,250.0,40.0,249.0,-1.0,2877,540,3418,0,0,0,0,0,3.6062710175206806e-14,26.0,26.0
P11,Horizontal,Center,1D,DT500,1,250.0,40.0,246.00000000000003,-3.999999999999985,2538,528,3067,0,0,0,0,0,3.415298018797036e-14,26.0,26.0
P11,Horizontal,Center,1D,DT500,2,250.0,40.0,241.0,-9.0,2414,505,2919,0,0,0,0,0,3.6496142764329883e-14,26.0,26.0
P11,Horizontal,Center,1D,DT500,3,250.0,40.0,267.0,17.0,5108,558,5666,0,0,0,0,0,3.6939008071051295e-14,26.000000000000004,26.000000000000004
P11,Horizontal,Center,1D,DT500,4,250.0,40.0,258.0,8.0,3018,512,3531,0,0,0,0,0,3.624904349259627e-14,26.0,26.0
P11,Horizontal,Center,1D,DT500,5,250.0,40.0,240.0,-10.0,4117,543,4661,0,0,0,0,0,3.1062616019579974e-14,26.0,26.0
P11,Horizontal,Center,1D,DT500,6,250.0,40.0,251.00000000000003,1.0000000000000149,2176,506,2683,0,0,0,0,0,3.4170716741300454e-14,26.0,26.0
P11,Horizontal,Center,1D,DT500,0,500.0,60.0,485.0,-15.0,5000,535,5535,0,0,0,0,0,6.51579520721164e-14,26.0,26.0
P11,Horizontal,Center,1D,DT500,1,500.0,60.0,521.0,21.0,6307,532,6840,0,0,0,0,0,6.747845780544935e-14,26.00000000000001,26.00000000000001
P11,Horizontal,Center,1D,DT500,2,500.0,60.0,503.0,2.9999999999999707,8418,526,8945,0,0,0,0,0,7.035184372820006e-14,26.0,26.0
P11,Horizontal,Center,1D,DT500,3,500.0,60.0,495.0,-5.0,6038,554,6593,0,0,0,0,0,6.638117777938667e-14,26.0,26.0
P11,Horizontal,Center,1D,DT500,4,500.0,60.0,499.0,-1.0,4452,541,4994,0,0,0,0,0,5.863188597318124e-14,25.999999999999982,25.999999999999982
P11,Horizontal,Center,1D,DT500,5,500.0,60.0,506.0,5.999999999999971,5448,521,5969,0,0,0,0,0,6.820011271252139e-14,26.0,26.0
P11,Horizontal,Center,1D,DT500,6,500.0,60.0,514.0,14.0,5084,501,5585,0,0,0,0,0,6.5282480483312e-14,25.99999999999999,25.99999999999999
P11,Horizontal,Center,1D,DT500,0,250.0,60.0,273.0,23.00000000000003,3912,528,4440,0,1,0,0,2,4.405420671476302e-14,26.0,26.0
P11,Horizontal,Center,1D,DT500,1,250.0,60.0,246.00000000000003,-3.999999999999985,3171,537,3708,0,0,0,0,0,3.213344431159241e-14,26.0,26.0
P11,Horizontal,Center,1D,DT500,2,250.0,60.0,256.0,5.999999999999971,2425,543,2968,0,0,0,0,0,3.883505901687119e-14,26.0,26.0
P11,Horizontal,Center,1D,DT500,3,250.0,60.0,240.0,-10.0,3661,554,4215,0,0,0,0,0,3.499427072270545e-14,26.0,26.0
P11,Horizontal,Center,1D,DT500,4,250.0,60.0,242.0,-8.0,4210,535,4746,0,0,0,0,0,2.735820218643206e-14,25.99999999999999,25.99999999999999
P11,Horizontal,Center,1D,DT500,5,250.0,60.0,247.0,-3.0,3671,539,4211,0,0,0,0,0,3.281298890265865e-14,26.000000000000004,26.000000000000004
P11,Horizontal,Center,1D,DT500,6,250.0,60.0,249.0,-1.0,2295,556,2852,0,0,0,0,0,3.6948779981168144e-14,26.0,26.0
P8,Horizontal,Center,1D,DT500,0,500.0,60.0,487.0,-13.000000000000028,5230,501,5732,0,0,0,0,1,7.310333093141503e-14,19.0,19.0
P8,Horizontal,Center,1D,DT500,1,500.0,60.0,522.0,22.0,4352,526,4879,0,0,0,0,0,7.295259694539829e-14,19.000000000000004,19.000000000000004
P8,Horizontal,Center,1D,DT500,2,500.0,60.0,498.0,-2.0,4198,545,4744,0,0,0,0,1,7.436886251234739e-14,19.0,19.0
P8,Horizontal,Center,1D,DT500,3,500.0,60.0,490.0,-9.999999999999972,4349,503,4852,0,0,0,0,0,7.294777066590169e-14,19.0,19.0
P8,Horizontal,Center,1D,DT500,4,500.0,60.0,506.00000000000006,6.000000000000029,6673,511,7185,0,2,0,0,3,8.295317830094624e-14,19.0,19.0
P8,Horizontal,Center,1D,DT500,5,500.0,60.0,489.0,-11.0,4134,542,4676,0,0,0,0,0,6.957008071401614e-14,19.0,19.0
P8,Horizontal,Center,1D,DT500,6,500.0,60.0,492.0,-8.000000000000028,4185,512,4697,0,0,0,0,0,6.810732195699359e-14,19.0,19.0
P8,Horizontal,Center,1D,DT500,0,250.0,60.0,256.0,6.0,2232,525,2758,0,0,0,0,0,3.6752239183003224e-14,26.0,26.0
P8,Horizontal,Center,1D,DT500,1,250.0,60.0,263.0,13.0,2780,512,3292,0,0,0,0,0,3.456291416551358e-14,26.0,26.0
P8,Horizontal,Center,1D,DT500,2,250.0,60.0,263.0,13.0,2757,508,3266,0,0,0,0,1,3.6673153562110446e-14,26.0,26.0
P8,Horizontal,Center,1D,DT500,3,250.0,60.0,275.0,25.00000000000003,2972,522,3494,0,0,0,0,0,3.621669506200664e-14,26.0,26.0
P8,Horizontal,Center,1D,DT500,4,250.0,60.0,243.0,-7.0,2496,502,2999,0,0,0,0,0,3.1281442606026833e-14,26.0,26.0
P8,Horizontal,Center,1D,DT500,5,250.0,60.0,259.0,9.0,2153,517,2670,0,0,0,0,0,3.7503513793817895e-14,26.0,26.0
P8,Horizontal,Center,1D,DT500,6,250.0,60.0,256.0,6.0,2312,533,2846,0,0,0,0,0,3.5576294199646896e-14,26.0,26.0
P8,Horizontal,Center,1D,DT500,0,250.0,40.0,246.0,-4.000000000000014,2890,518,3409,0,0,0,0,0,3.2566127983845546e-14,26.0,26.0
P8,Horizontal,Center,1D,DT500,1,250.0,40.0,235.0,-15.0,2673,501,3174,0,0,0,0,0,3.391864891434097e-14,26.0,26.0
P8,Horizontal,Center,1D,DT500,2,250.0,40.0,257.00000000000006,7.000000000000029,3446,501,3947,0,1,0,0,1,3.85759926846856e-14,26.0,26.0
P8,Horizontal,Center,1D,DT500,3,250.0,40.0,257.99999999999994,7.999999999999971,2532,508,3041,0,0,0,0,0,3.796195020136359e-14,26.0,26.0
P8,Horizontal,Center,1D,DT500,4,250.0,40.0,249.0,-1.0,3067,513,3580,0,0,0,0,0,3.572542932404631e-14,26.0,26.0
P8,Horizontal,Center,1D,DT500,5,250.0,40.0,242.0,-7.999999999999986,4174,507,4682,0,1,0,0,1,4.9962413498852025e-14,26.0,26.0
P8,Horizontal,Center,1D,DT500,6,250.0,40.0,249.0,-1.0,3276,507,3783,0,0,0,0,0,3.348530569373819e-14,26.0,26.0
P8,Horizontal,Center,1D,DT500,0,100.0,40.0,105.0,4.999999999999991,1430,508,1939,0,0,0,0,0,1.3987047740492306e-14,26.0,26.0
P8,Horizontal,Center,1D,DT500,1,100.0,40.0,118.0,18.0,1371,517,1889,0,0,0,0,0,1.6994584386686556e-14,26.0,26.0
P8,Horizontal,Center,1D,DT500,2,100.0,40.0,100.0,0.0,1786,506,2292,0,0,0,0,0,1.4924382626034676e-14,26.0,26.0
P8,Horizontal,Center,1D,DT500,3,100.0,40.0,115.0,14.999999999999991,1468,500,1969,0,0,0,0,0,1.7381994324577588e-14,26.0,26.0
P8,Horizontal,Center,1D,DT500,4,100.0,40.0,110.0,9.999999999999991,1162,501,1664,0,0,0,0,0,1.5164199743867955e-14,26.0,26.0
P8,Horizontal,Center,1D,DT500,5,100.0,40.0,110.0,9.999999999999991,1636,528,2165,0,0,0,0,0,1.5249479758627442e-14,26.0,26.0
P8,Horizontal,Center,1D,DT500,6,100.0,40.0,102.0,2.0,1583,531,2115,0,0,0,0,0,1.4498890653815885e-14,26.0,26.0
P8,Horizontal,Center,1D,DT500,0,100.0,60.0,84.0,-16.0,2133,512,2646,0,1,0,0,2,1.1477794699850184e-14,26.0,26.0
P8,Horizontal,Center,1D,DT500,1,100.0,60.0,96.0,-3.999999999999991,2522,515,3038,0,0,0,0,0,1.2038133991452171e-14,26.000000000000004,26.000000000000004
P8,Horizontal,Center,1D,DT500,2,100.0,60.0,105.0,4.999999999999991,2781,525,3306,0,0,0,0,0,1.6048186911678063e-14,26.0,26.0
P8,Horizontal,Center,1D,DT500,3,100.0,60.0,103.0,3.0,2071,529,2601,0,0,0,0,0,1.3638948434982686e-14,26.0,26.0
P8,Horizontal,Center,1D,DT500,4,100.0,60.0,103.0,3.0,1786,529,2315,0,0,0,0,0,1.4680092386567427e-14,26.0,26.0
P8,Horizontal,Center,1D,DT500,5,100.0,60.0,104.0,4.0,1513,527,2041,0,0,0,0,0,1.5499966089965106e-14,26.0,26.0
P8,Horizontal,Center,1D,DT500,6,100.0,60.0,110.0,9.999999999999991,1135,527,1663,0,0,0,0,0,1.4904470165364382e-14,26.0,26.0
P8,Horizontal,Center,1D,DT500,0,500.0,40.0,502.0,2.0,4743,531,5274,0,0,0,0,0,6.869079499517439e-14,26.0,26.0
P8,Horizontal,Center,1D,DT500,1,500.0,40.0,496.00000000000006,-3.99999999999997,6742,524,7267,0,0,0,0,0,7.040099696089953e-14,26.0,26.0
P8,Horizontal,Center,1D,DT500,2,500.0,40.0,484.0,-16.0,4544,511,5056,0,0,0,0,0,6.947777871816259e-14,26.0,26.0
P8,Horizontal,Center,1D,DT500,3,500.0,40.0,508.0,7.999999999999971,5106,513,5619,0,0,0,0,0,7.100773470357032e-14,26.000000000000004,26.000000000000004
P8,Horizontal,Center,1D,DT500,4,500.0,40.0,494.0,-6.0,4721,523,5244,0,0,0,0,0,7.03709550994259e-14,26.0,26.0
P8,Horizontal,Center,1D,DT500,5,500.0,40.0,512.0,12.0,5353,509,5862,0,0,0,0,0,7.440956997346192e-14,26.0,26.0
P8,Horizontal,Center,1D,DT500,6,500.0,40.0,510.0,10.000000000000028,6049,532,6582,0,0,0,0,0,7.298085987287623e-14,26.0,26.0
P8,Vertical,Left,1D,DT500,0,100.0,60.0,112.0,12.000000000000009,892,530,1423,0,0,0,0,1,1.0742165976758103e-14,1.2511256488586478e-14,-1.1783088121525888e-14
P8,Vertical,Left,1D,DT500,1,100.0,60.0,106.0,6.0,1405,503,1909,0,0,0,0,1,1.0847779354984358e-14,1.1108567007265783e-14,9.465499218409756e-15
P8,Vertical,Left,1D,DT500,2,100.0,60.0,95.0,-5.0,911,508,1419,0,0,0,0,1,8.784505283878213e-15,1.2966848461560215e-14,-1.2779549539337678e-14
P8,Vertical,Left,1D,DT500,3,100.0,60.0,72.0,-28.000000000000004,938,534,1472,0,0,0,0,1,7.357328856698533e-15,1.2715332766004236e-14,1.2715332766004236e-14
P8,Vertical,Left,1D,DT500,4,100.0,60.0,67.0,-33.0,1143,552,1696,0,0,0,0,2,4.001612873267338e-15,1.446249553278779e-14,-1.446249553278779e-14
P8,Vertical,Left,1D,DT500,5,100.0,60.0,97.0,-3.0,1360,525,1885,0,0,0,0,1,4.627983854189041e-15,1.538364830248079e-14,1.538364830248079e-14
P8,Vertical,Left,1D,DT500,6,100.0,60.0,118.0,18.0,935,506,1442,0,0,0,0,1,1.0401029336724256e-14,1.2855481534833298e-14,-1.2855481534833298e-14
P8,Vertical,Left,1D,DT500,0,500.0,40.0,495.00000000000006,-4.999999999999971,5310,513,5824,0,0,0,0,0,4.329258564316554e-14,6.999999999999906,6.999999999999906
P8,Vertical,Left,1D,DT500,1,500.0,40.0,498.0,-2.0,4628,521,5149,0,0,0,0,1,4.2728270487341815e-14,7.000000000000071,7.000000000000071
P8,Vertical,Left,1D,DT500,2,500.0,40.0,484.0,-16.0,4433,539,4973,0,0,0,0,1,4.215175684758335e-14,6.999999999999924,6.999999999999924
P8,Vertical,Left,1D,DT500,3,500.0,40.0,515.0,15.0,4284,504,4788,0,0,0,0,0,4.074200413947617e-14,7.000000000000073,7.000000000000073
P8,Vertical,Left,1D,DT500,4,500.0,40.0,483.0,-17.0,4577,543,5120,0,0,0,0,1,4.299408910767296e-14,6.999999999999927,6.999999999999927
P8,Vertical,Left,1D,DT500,5,500.0,40.0,495.00000000000006,-4.999999999999971,4167,523,4691,0,0,0,0,1,3.9172972113169165e-14,7.000000000000074,7.000000000000074
P8,Vertical,Left,1D,DT500,6,500.0,40.0,495.00000000000006,-4.999999999999971,4110,514,4624,0,0,0,0,1,3.8422348220055465e-14,6.999999999999931,6.999999999999931
P8,Vertical,Left,1D,DT500,0,500.0,60.0,517.0,17.0,5768,506,6275,0,1,0,0,2,3.8242552840657396e-14,6.999999999999914,6.999999999999914
P8,Vertical,Left,1D,DT500,1,500.0,60.0,500.0,-2.9103830456733704e-14,5381,529,5911,0,0,0,0,1,4.070467853452719e-14,7.000000000000068,7.000000000000068
P8,Vertical,Left,1D,DT500,2,500.0,60.0,485.0,-14.999999999999972,4644,542,5187,0,0,0,0,1,3.810747079696488e-14,6.999999999999931,6.999999999999931
P8,Vertical,Left,1D,DT500,3,500.0,60.0,498.0,-2.0,4584,524,5109,0,0,0,0,0,3.933371485650784e-14,7.000000000000069,7.000000000000069
P8,Vertical,Left,1D,DT500,4,500.0,60.0,487.0,-13.000000000000028,4793,502,5295,0,0,0,0,1,4.088552481329082e-14,6.99999999999993,6.99999999999993
P8,Vertical,Left,1D,DT500,5,500.0,60.0,510.0,10.000000000000028,4184,517,4702,0,0,0,0,0,3.90321927564495e-14,7.000000000000068,7.000000000000068
P8,Vertical,Left,1D,DT500,6,500.0,60.0,493.0,-7.000000000000029,5052,536,5588,0,0,0,0,1,4.100441452677299e-14,6.999999999999929,6.999999999999929
P8,Vertical,Left,1D,DT500,0,250.0,40.0,241.0,-9.0,2677,532,3209,0,0,0,0,1,2.20847059069419e-14,6.9999999999999645,6.9999999999999645
P8,Vertical,Left,1D,DT500,1,250.0,40.0,261.0,10.999999999999972,2136,534,2671,0,0,0,0,0,2.2944203284008942e-14,7.000000000000044,7.000000000000044
P8,Vertical,Left,1D,DT500,2,250.0,40.0,248.0,-2.0,2984,540,3524,0,0,0,0,1,2.2674391294501912e-14,6.999999999999973,6.999999999999973
P8,Vertical,Left,1D,DT500,3,250.0,40.0,260.0,10.0,2515,508,3023,0,0,0,0,0,2.368233963582851e-14,7.000000000000041,7.000000000000041
P8,Vertical,Left,1D,DT500,4,250.0,40.0,245.0,-4.999999999999986,2597,524,3122,0,0,0,0,1,2.5201135655193776e-14,6.999999999999961,6.999999999999961
P8,Vertical,Left,1D,DT500,5,250.0,40.0,265.0,15.000000000000028,4184,508,4692,0,1,0,0,2,3.4470989099617326e-14,7.000000000000072,7.000000000000072
P8,Vertical,Left,1D,DT500,6,250.0,40.0,247.0,-3.0,3416,527,3943,0,0,0,0,1,2.2927709235492268e-14,6.9999999999999805,6.9999999999999805
P8,Vertical,Left,1D,DT500,0,100.0,40.0,117.0,17.0,1218,510,1728,0,0,0,0,0,1.3171370556628992e-14,6.999999999999996,6.999999999999996
P8,Vertical,Left,1D,DT500,1,100.0,40.0,95.0,-5.000000000000009,1993,514,2507,0,0,0,0,0,1.3670860173681861e-14,6.999999999999999,6.999999999999999
P8,Vertical,Left,1D,DT500,2,100.0,40.0,95.0,-5.000000000000009,1146,538,1684,0,0,0,0,1,9.369985753442278e-15,6.999999999999991,6.999999999999991
P8,Vertical,Left,1D,DT500,3,100.0,40.0,92.0,-8.0,1237,505,1742,0,0,0,0,0,1.21816871324641e-14,7.000000000000003,7.000000000000003
P8,Vertical,Left,1D,DT500,4,100.0,40.0,86.0,-14.0,1439,519,1958,0,0,0,0,1,1.3053503572900975e-14,6.999999999999999,6.999999999999999
P8,Vertical,Left,1D,DT500,5,100.0,40.0,110.0,10.0,1185,546,1732,0,0,0,0,0,1.04250671123205e-14,7.000000000000008,7.000000000000008
P8,Vertical,Left,1D,DT500,6,100.0,40.0,111.0,11.000000000000009,1442,507,1950,0,0,0,0,1,1.4274298594180123e-14,6.999999999999998,6.999999999999998
P8,Vertical,Left,1D,DT500,0,250.0,60.0,260.0,10.0,2614,516,3131,0,0,0,0,0,2.420545330696121e-14,6.999999999999966,6.999999999999966
P8,Vertical,Left,1D,DT500,1,250.0,60.0,257.0,7.0,2630,536,3166,0,0,0,0,0,2.321275383469756e-14,7.000000000000036,7.000000000000036
P8,Vertical,Left,1D,DT500,2,250.0,60.0,242.0,-8.000000000000014,2128,529,2657,0,0,0,0,1,2.159957453433373e-14,6.9999999999999645,6.9999999999999645
P8,Vertical,Left,1D,DT500,3,250.0,60.0,274.0,24.00000000000003,2022,516,2539,0,0,0,0,0,2.095394577458853e-14,7.000000000000036,7.000000000000036
P8,Vertical,Left,1D,DT500,4,250.0,60.0,234.0,-15.999999999999986,3081,512,3593,0,0,0,0,1,2.2472613309562024e-14,6.9999999999999725,6.9999999999999725
P8,Vertical,Left,1D,DT500,5,250.0,60.0,267.0,17.00000000000003,2063,523,2587,0,0,0,0,0,2.0241896012275963e-14,7.000000000000036,7.000000000000036
P8,Vertical,Left,1D,DT500,6,250.0,60.0,252.0,2.0,2935,517,3453,0,0,0,0,1,2.3394965064213184e-14,6.999999999999964,6.999999999999964
P8,Vertical,Right,1D,DT500,0,250.0,60.0,228.0,-22.00000000000001,4843,511,5354,0,0,0,0,2,1.9596696060162472e-14,2.0000000000000244,-2.0000000000000244
P8,Vertical,Right,1D,DT500,1,250.0,60.0,254.0,4.0,1937,503,2440,0,0,0,0,0,1.933273412744613e-14,1.9999999999999647,-1.9999999999999647
P8,Vertical,Right,1D,DT500,2,250.0,60.0,249.0,-1.0000000000000149,2255,516,2771,0,0,0,0,1,2.191153561593265e-14,2.000000000000029,-2.000000000000029
P8,Vertical,Right,1D,DT500,3,250.0,60.0,259.0,9.000000000000028,2559,506,3065,0,0,0,0,0,2.0449379893041293e-14,1.99999999999997,-1.99999999999997
P8,Vertical,Right,1D,DT500,4,250.0,60.0,267.0,17.00000000000003,2393,532,2925,0,0,0,0,0,2.2838864470998857e-14,2.0000000000000275,-2.0000000000000275
P8,Vertical,Right,1D,DT500,5,250.0,60.0,265.0,14.999999999999972,2618,504,3122,0,0,0,0,0,2.3919883247139806e-14,1.999999999999976,-1.999999999999976
P8,Vertical,Right,1D,DT500,6,250.0,60.0,246.00000000000003,-3.999999999999985,2508,506,3015,0,0,0,0,1,2.215488921186086e-14,2.000000000000028,-2.000000000000028
P8,Vertical,Right,1D,DT500,0,250.0,40.0,255.0,5.0,2012,535,2547,0,0,0,0,1,1.9576338021114982e-14,3.999999999999964,3.999999999999964
P8,Vertical,Right,1D,DT500,1,250.0,40.0,256.0,6.0,2707,521,3228,0,0,0,0,0,2.3262124286598404e-14,4.000000000000027,4.000000000000027
P8,Vertical,Right,1D,DT500,2,250.0,40.0,239.0,-11.000000000000014,2683,513,3196,0,0,0,0,1,2.1209308888328453e-14,3.999999999999971,3.999999999999971
P8,Vertical,Right,1D,DT500,3,250.0,40.0,264.0,14.000000000000028,3254,523,3777,0,1,0,0,1,2.289324005507327e-14,4.000000000000041,4.000000000000041
P8,Vertical,Right,1D,DT500,4,250.0,40.0,251.0,0.9999999999999856,3245,522,3768,0,0,0,0,1,2.2721782734265017e-14,3.999999999999971,3.999999999999971
P8,Vertical,Right,1D,DT500,5,250.0,40.0,258.0,8.000000000000028,2586,530,3116,0,0,0,0,0,2.3132079827213583e-14,4.000000000000028,4.000000000000028
P8,Vertical,Right,1D,DT500,6,250.0,40.0,262.0,11.999999999999972,2803,511,3315,0,0,0,0,1,2.324247827003139e-14,3.999999999999973,3.999999999999973
P8,Vertical,Right,1D,DT500,0,500.0,40.0,501.00000000000006,1.000000000000029,4022,519,4542,0,0,0,0,1,3.733071673944756e-14,3.999999999999936,3.999999999999936
P8,Vertical,Right,1D,DT500,1,500.0,40.0,515.0000000000001,15.00000000000006,4193,517,4711,0,0,0,0,0,3.962581508336772e-14,4.000000000000064,4.000000000000064
P8,Vertical,Right,1D,DT500,2,500.0,40.0,506.0,6.0,5239,504,5743,0,0,0,0,1,4.171694921405186e-14,3.999999999999944,3.999999999999944
P8,Vertical,Right,1D,DT500,3,500.0,40.0,510.0,10.0,4383,524,4907,0,0,0,0,0,4.0831909642617956e-14,4.000000000000062,4.000000000000062
P8,Vertical,Right,1D,DT500,4,500.0,40.0,510.0,10.0,6038,540,6578,0,1,0,0,3,4.3049235434149576e-14,3.9999999999999294,3.9999999999999294
P8,Vertical,Right,1D,DT500,5,500.0,40.0,512.0000000000001,12.00000000000006,4225,523,4748,0,0,0,0,0,3.9922881731050616e-14,4.000000000000063,4.000000000000063
P8,Vertical,Right,1D,DT500,6,500.0,40.0,508.0,7.999999999999971,5136,540,5677,0,0,0,0,2,4.2977338855498633e-14,3.999999999999933,3.999999999999933
P8,Vertical,Right,1D,DT500,0,100.0,40.0,89.0,-11.0,1050,524,1574,0,0,0,0,1,7.176078739028005e-15,3.999999999999985,3.999999999999985
P8,Vertical,Right,1D,DT500,1,100.0,40.0,91.0,-9.0,1286,511,1797,0,0,0,0,1,7.966915867139718e-15,4.000000000000016,4.000000000000016
P8,Vertical,Right,1D,DT500,2,100.0,40.0,83.0,-16.999999999999996,1139,522,1661,0,0,0,0,1,8.014959329185503e-15,3.999999999999985,3.999999999999985
P8,Vertical,Right,1D,DT500,3,100.0,40.0,94.0,-6.0,1320,507,1828,0,0,0,0,0,7.362898507450837e-15,4.000000000000018,4.000000000000018
P8,Vertical,Right,1D,DT500,4,100.0,40.0,98.0,-1.999999999999991,1442,524,1967,0,0,0,0,1,8.76126428144887e-15,3.999999999999985,3.999999999999985
P8,Vertical,Right,1D,DT500,5,100.0,40.0,92.0,-8.0,2850,503,3353,0,0,0,0,0,1.1206245687176122e-14,4.000000000000003,4.000000000000003
P8,Vertical,Right,1D,DT500,6,100.0,40.0,115.0,14.999999999999991,1090,505,1596,0,0,0,0,0,9.270311672553311e-15,3.999999999999985,3.999999999999985
P8,Vertical,Right,1D,DT500,0,100.0,60.0,120.0,20.00000000000001,1483,534,2017,0,0,0,0,0,1.0912033975492486e-14,3.999999999999989,3.999999999999989
P8,Vertical,Right,1D,DT500,1,100.0,60.0,114.0,14.000000000000009,1878,530,2408,0,0,0,0,1,1.3245174329047641e-14,4.000000000000004,4.000000000000004
P8,Vertical,Right,1D,DT500,2,100.0,60.0,89.0,-11.0,1469,535,2005,0,0,0,0,0,1.0420533831516591e-14,3.999999999999989,3.999999999999989
P8,Vertical,Right,1D,DT500,3,100.0,60.0,106.0,5.999999999999991,1168,516,1684,0,0,0,0,0,8.626463859881915e-15,4.000000000000014,4.000000000000014
P8,Vertical,Right,1D,DT500,4,100.0,60.0,106.0,5.999999999999991,1632,524,2157,0,0,0,0,1,1.06603681030015e-14,3.999999999999992,3.999999999999992
P8,Vertical,Right,1D,DT500,5,100.0,60.0,101.0,1.000000000000009,1738,528,2267,0,0,0,0,0,1.0347444477485734e-14,4.000000000000009,4.000000000000009
P8,Vertical,Right,1D,DT500,6,100.0,60.0,105.0,4.999999999999991,1591,502,2094,0,0,0,0,1,9.506975235380122e-15,3.999999999999989,3.999999999999989
P8,Vertical,Right,1D,DT500,0,500.0,60.0,502.0,2.0,7081,506,7588,0,0,0,0,0,4.0920016055509454e-14,3.999999999999945,3.999999999999945
P8,Vertical,Right,1D,DT500,1,500.0,60.0,514.0,14.0,4987,522,5510,0,0,0,0,0,4.309875404138916e-14,4.000000000000057,4.000000000000057
P8,Vertical,Right,1D,DT500,2,500.0,60.0,503.0,2.9999999999999707,4797,512,5310,0,0,0,0,1,4.220859599648836e-14,3.999999999999944,3.999999999999944
P8,Vertical,Right,1D,DT500,3,500.0,60.0,515.0000000000001,15.00000000000006,5188,538,5727,0,0,0,0,0,4.111252002885162e-14,4.000000000000053,4.000000000000053
P8,Vertical,Right,1D,DT500,4,500.0,60.0,502.0,2.0,5195,501,5697,0,0,0,0,1,4.3138636010964617e-14,3.999999999999949,3.999999999999949
P8,Vertical,Right,1D,DT500,5,500.0,60.0,510.0,10.0,4731,522,5253,0,0,0,0,0,4.1634763271670893e-14,4.000000000000057,4.000000000000057
P8,Vertical,Right,1D,DT500,6,500.0,60.0,504.0,4.0,4964,500,5464,0,0,0,0,1,4.260930822474664e-14,3.999999999999946,3.999999999999946
P8,Horizontal,Front,1D,DT500,0,100.0,60.0,104.0,4.0,1384,520,1904,0,0,0,0,1,1.0597811407469096e-14,1.2509210395654232e-14,-1.0861503793165074e-14
P8,Horizontal,Front,1D,DT500,1,100.0,60.0,80.0,-20.0,661,536,1197,0,0,0,0,1,8.06683923607666e-15,1.3946129306653804e-14,1.3871908288523662e-14
P8,Horizontal,Front,1D,DT500,2,100.0,60.0,79.0,-21.000000000000004,987,549,1536,0,0,0,0,3,5.286885606031917e-15,1.4352860486006983e-14,-1.4352860486006983e-14
P8,Horizontal,Front,1D,DT500,3,100.0,60.0,102.0,2.0,569,518,1088,0,0,0,0,1,7.38665282673375e-15,1.7185876748034524e-14,1.7185876748034524e-14
P8,Horizontal,Front,1D,DT500,4,100.0,60.0,125.0,25.0,698,534,1233,0,0,0,0,0,1.0189401762782864e-14,1.5206614254555424e-14,-1.517862232771777e-14
P8,Horizontal,Front,1D,DT500,5,100.0,60.0,103.0,3.0,853,516,1369,0,0,0,0,1,1.1353112472114652e-14,1.352622389658252e-14,1.1823964845767698e-14
P8,Horizontal,Front,1D,DT500,6,100.0,60.0,124.0,23.99999999999999,653,535,1188,0,0,0,0,1,9.989098359259354e-15,1.5564147501890912e-14,-1.5519614891012823e-14
P8,Horizontal,Front,1D,DT500,0,500.0,40.0,489.0,-11.0,6032,511,6544,0,1,0,0,3,4.447285915381444e-14,6.99999999999992,6.99999999999992
P8,Horizontal,Front,1D,DT500,1,500.0,40.0,495.00000000000006,-4.999999999999971,4945,500,5445,0,0,0,0,0,4.051117756790495e-14,7.000000000000083,7.000000000000083
P8,Horizontal,Front,1D,DT500,2,500.0,40.0,485.0,-14.999999999999972,6209,519,6728,0,2,0,0,2,6.010231274268522e-14,6.999999999999885,6.999999999999885
P8,Horizontal,Front,1D,DT500,3,500.0,40.0,493.0,-7.000000000000029,5923,505,6429,0,1,0,0,2,4.0250936986043846e-14,7.000000000000086,7.000000000000086
P8,Horizontal,Front,1D,DT500,4,500.0,40.0,492.0,-8.0,4424,505,4929,0,0,0,0,1,4.317308718902336e-14,6.999999999999916,6.999999999999916
P8,Horizontal,Front,1D,DT500,5,500.0,40.0,490.0,-10.0,4404,544,4948,0,0,0,0,1,4.6558202403228765e-14,7.000000000000084,7.000000000000084
P8,Horizontal,Front,1D,DT500,6,500.0,40.0,504.00000000000006,4.000000000000029,4762,511,5274,0,0,0,0,2,4.3880085190366666e-14,6.999999999999918,6.999999999999918
P8,Horizontal,Front,1D,DT500,0,500.0,60.0,503.0,2.9999999999999707,4312,519,4832,0,0,0,0,0,3.959456493395557e-14,6.999999999999931,6.999999999999931
P8,Horizontal,Front,1D,DT500,1,500.0,60.0,488.0,-12.000000000000028,4402,510,4912,0,0,0,0,1,3.953593878976764e-14,7.000000000000073,7.000000000000073
P8,Horizontal,Front,1D,DT500,2,500.0,60.0,498.0,-2.0,4009,515,4525,0,0,0,0,0,3.59111207676529e-14,6.9999999999999325,6.9999999999999325
P8,Horizontal,Front,1D,DT500,3,500.0,60.0,495.00000000000006,-4.999999999999971,4196,527,4724,0,0,0,0,0,3.65843766813196e-14,7.000000000000068,7.000000000000068
P8,Horizontal,Front,1D,DT500,4,500.0,60.0,475.0,-25.00000000000003,4411,536,4947,0,0,0,0,1,3.889275861626392e-14,6.999999999999927,6.999999999999927
P8,Horizontal,Front,1D,DT500,5,500.0,60.0,471.0,-29.0,3734,535,4270,0,0,0,0,1,3.546566889502527e-14,7.000000000000071,7.000000000000071
P8,Horizontal,Front,1D,DT500,6,500.0,60.0,464.0,-35.99999999999997,4074,530,4604,0,0,0,0,2,3.73243963750963e-14,6.999999999999928,6.999999999999928
P8,Horizontal,Front,1D,DT500,0,100.0,40.0,76.0,-24.000000000000004,1216,503,1720,1,0,0,0,1,1.0982895969236321e-14,6.999999999999996,6.999999999999996
P8,Horizontal,Front,1D,DT500,1,100.0,40.0,92.0,-8.0,1513,519,2032,0,0,0,0,2,1.1062190014748865e-14,7.000000000000004,7.000000000000004
P8,Horizontal,Front,1D,DT500,2,100.0,40.0,111.0,11.000000000000009,1489,527,2016,0,0,0,0,2,1.509229023710694e-14,7.0,7.0
P8,Horizontal,Front,1D,DT500,3,100.0,40.0,106.0,6.0,1279,505,1784,0,0,0,0,1,1.557974612692261e-14,7.0,7.0
P8,Horizontal,Front,1D,DT500,4,100.0,40.0,113.0,13.000000000000009,898,514,1413,0,0,0,0,1,1.0170838708679932e-14,6.9999999999999885,6.9999999999999885
P8,Horizontal,Front,1D,DT500,5,100.0,40.0,86.0,-14.0,1487,502,1990,0,0,0,0,1,1.4470566948990745e-14,7.0,7.0
P8,Horizontal,Front,1D,DT500,6,100.0,40.0,116.0,16.00000000000001,2707,532,3239,0,2,0,0,2,1.0544244402977416e-14,6.9999999999999885,6.9999999999999885
P8,Horizontal,Front,1D,DT500,0,250.0,40.0,246.0,-4.0,3579,509,4088,0,1,0,0,3,2.4983240109725764e-14,6.999999999999977,6.999999999999977
P8,Horizontal,Front,1D,DT500,1,250.0,40.0,262.0,12.0,1967,518,2486,0,0,0,0,1,2.3909768782457642e-14,7.000000000000047,7.000000000000047
P8,Horizontal,Front,1D,DT500,2,250.0,40.0,267.0,17.00000000000003,3288,536,3824,0,1,0,0,3,2.041554159453912e-14,6.99999999999996,6.99999999999996
P8,Horizontal,Front,1D,DT500,3,250.0,40.0,254.0,3.999999999999985,2152,502,2654,0,0,0,0,0,2.146037079394085e-14,7.000000000000037,7.000000000000037
P8,Horizontal,Front,1D,DT500,4,250.0,40.0,254.0,3.999999999999985,4870,521,5391,0,1,0,0,1,3.311369291180321e-14,6.999999999999937,6.999999999999937
P8,Horizontal,Front,1D,DT500,5,250.0,40.0,252.0,2.0,3560,502,4062,0,0,0,0,0,2.151690512600524e-14,7.000000000000039,7.000000000000039
P8,Horizontal,Front,1D,DT500,6,250.0,40.0,257.0,7.0,2329,518,2848,0,0,0,0,0,2.0022964598776905e-14,6.999999999999963,6.999999999999963
P8,Horizontal,Front,1D,DT500,0,250.0,60.0,217.0,-33.0,2397,541,2938,0,0,0,0,1,2.0054827905042303e-14,6.999999999999968,6.999999999999968
P8,Horizontal,Front,1D,DT500,1,250.0,60.0,252.0,2.0,2751,524,3276,0,0,0,0,0,1.6793384817138912e-14,7.000000000000036,7.000000000000036
P8,Horizontal,Front,1D,DT500,2,250.0,60.0,246.0,-4.0,2729,525,3255,0,0,0,0,0,1.9495718629914587e-14,6.999999999999965,6.999999999999965
P8,Horizontal,Front,1D,DT500,3,250.0,60.0,247.0,-3.0,2232,518,2750,0,0,0,0,0,1.9543289256021023e-14,7.000000000000036,7.000000000000036
P8,Horizontal,Front,1D,DT500,4,250.0,60.0,246.0,-4.0,2921,539,3461,0,0,0,0,0,1.8937983120275542e-14,6.999999999999966,6.999999999999966
P8,Horizontal,Front,1D,DT500,5,250.0,60.0,248.0,-2.0,2441,506,2947,0,0,0,0,0,1.8405758152996008e-14,7.000000000000036,7.000000000000036
P8,Horizontal,Front,1D,DT500,6,250.0,60.0,262.0,12.0,2209,532,2742,0,0,0,0,0,2.004149888543848e-14,6.9999999999999645,6.9999999999999645
P8,Joystick,Center,2D,DT500,0,250.0,60.0,249.11971773715885,5.387739691702936,2706,500,3207,0,0,1,1,0,4.545697965133121,3.613608633990775,-0.923291737316392
P8,Joystick,Center,2D,DT500,1,250.0,60.0,234.0889039456567,-9.64307409979924,3960,503,4463,0,0,2,3,0,12.490465292477442,11.372546117194084,9.355396407068076
P8,Joystick,Center,2D,DT500,2,250.0,60.0,238.20944351941824,-5.52253452603769,2617,500,3118,0,0,1,1,0,14.443285306228736,21.972136909028613,21.17009324999397
P8,Joystick,Center,2D,DT500,3,250.0,60.0,229.365989022728,-14.365989022727948,2826,500,3326,0,0,1,0,0,4.582238836167069,4.66,-2.4200000000000106
P8,Joystick,Center,2D,DT500,4,250.0,60.0,265.17663812404146,21.444660078585493,2497,510,3007,0,0,2,1,0,10.92551677617138,9.972649692329473,-2.8994618801463545
P8,Joystick,Center,2D,DT500,5,250.0,60.0,244.8067536241966,1.074775578740631,4723,500,5224,0,0,1,4,0,13.143211474776344,26.787347293674813,-26.4877586352594
P8,Joystick,Center,2D,DT500,6,250.0,60.0,255.42551768714603,11.6935396416901,4273,500,4773,0,0,1,2,0,15.37642561347643,22.3982118815304,-22.256641574597808
P8,Joystick,Center,2D,DT500,0,500.0,40.0,507.7605983576878,20.29664226677597,6159,500,6660,0,0,2,3,0,11.095965309866846,9.761522083837544,1.10608095087444
P8,Joystick,Center,2D,DT500,1,500.0,40.0,486.8179910119615,-0.6459650789503926,7077,502,7579,0,0,4,5,0,8.003071116715045,7.101505269240148,-2.042546612104722
P8,Joystick,Center,2D,DT500,2,500.0,40.0,497.99460345743614,10.530647366524358,8716,500,9217,0,1,2,2,1,21.93725172839985,27.93608918734289,25.27666285540948
P8,Joystick,Center,2D,DT500,3,500.0,40.0,483.231978045456,-4.231978045455847,4550,500,5051,0,0,0,0,0,5.109996846688622,6.979253112033195,6.979253112033195
P8,Joystick,Center,2D,DT500,4,500.0,40.0,474.60941130196846,-12.854544788943397,4991,501,5492,0,0,2,5,0,20.22575048654624,21.5731579196833,14.877519616587474
P8,Joystick,Center,2D,DT500,5,500.0,40.0,481.8297616457375,-5.63419444517438,5167,500,5667,0,0,0,2,0,14.907207579915903,24.125052441178944,24.085976528012864
P8,Joystick,Center,2D,DT500,6,500.0,40.0,482.5308886442677,-4.933067446644085,5037,500,5537,0,0,1,3,0,18.72503214564321,21.78298989387841,-17.786222096934086
P8,Joystick,Center,2D,DT500,0,100.0,40.0,86.59330052697737,-10.899490691205036,2440,500,2941,0,0,0,1,0,10.161035653136569,23.96731213700402,-23.96731213700402
P8,Joystick,Center,2D,DT500,1,100.0,40.0,83.25099945511232,-14.2417917630701,9641,500,10141,0,0,0,2,1,17.46264918844499,32.21315980478781,-32.21315980478781
P8,Joystick,Center,2D,DT500,2,100.0,40.0,108.59668821871011,11.103897000527722,1406,508,1914,0,0,1,0,0,8.045685518494878,6.456064231674158,1.5243341134205997
P8,Joystick,Center,2D,DT500,3,100.0,40.0,101.24639560909117,3.7536043909087824,2775,500,3276,0,0,0,0,0,8.22586145239156,5.709677419354839,5.709677419354839
P8,Joystick,Center,2D,DT500,4,100.0,40.0,99.18631719023564,1.6935259720532558,2363,500,2863,0,0,0,1,1,10.37337511537556,19.88256666839892,-19.84399922492181
P8,Joystick,Center,2D,DT500,5,100.0,40.0,115.76136143697252,18.268570218790053,7153,500,7654,0,1,2,4,1,24.06918774250466,21.98772248957549,13.347679744014652
P8,Joystick,Center,2D,DT500,6,100.0,40.0,112.45049130184424,14.957700083661816,2448,500,2948,0,0,0,1,0,2.5299648506169965,2.04278380110077,0.5927954711814879
P8,Joystick,Center,2D,DT500,0,500.0,60.0,487.8169982461388,0.3530421552269194,5073,500,5574,0,0,0,0,0,4.343757360866821,14.01563129740135,-14.01563129740135
P8,Joystick,Center,2D,DT500,1,500.0,60.0,476.3374983786584,-11.126457712253432,5312,500,5812,0,0,0,1,0,16.61759603416685,23.174244638934496,-22.79217546934261
P8,Joystick,Center,2D,DT500,2,500.0,60.0,498.7605010932267,11.29654500231494,7325,501,7826,0,0,3,2,0,17.588146070467698,15.522860542695858,6.201388654268064
P8,Joystick,Center,2D,DT500,3,500.0,60.0,483.2319780454559,-4.231978045455877,5167,500,5667,0,0,0,0,0,2.7847751480557592e-14,4.000000000000045,-4.000000000000045
P8,Joystick,Center,2D,DT500,4,500.0,60.0,494.0632454360386,6.599289345126788,5780,500,6280,0,0,1,3,0,8.595465994537333,6.873138057418879,2.5622249551773324
P8,Joystick,Center,2D,DT500,5,500.0,60.0,501.99903850929695,14.535082418385114,5462,511,5974,0,0,2,3,0,7.331889833223515,6.031871944382353,0.5791644756739047
P8,Joystick,Center,2D,DT500,6,500.0,60.0,490.0229468314093,2.558990740497587,5237,500,5737,0,0,2,2,0,39.68657685558683,41.21854690465296,-29.25426574499256
P8,Joystick,Center,2D,DT500,0,100.0,60.0,119.9633704751157,22.47057925693329,2540,500,3040,0,0,0,2,1,14.91541714639363,20.913327451131973,-20.683171305967807
P8,Joystick,Center,2D,DT500,1,100.0,60.0,85.2798105412978,-12.212980676884609,3188,500,3689,0,0,1,1,0,11.508103854790107,16.615633188488303,-15.236794715589802
P8,Joystick,Center,2D,DT500,2,100.0,60.0,96.74902170386684,-0.7437695143155619,2275,500,2775,0,0,1,2,0,11.270336090549172,16.585352995639358,-15.279125109160333
P8,Joystick,Center,2D,DT500,3,100.0,60.0,96.24639560909117,-1.246395609091225,1890,500,2391,0,0,2,1,0,8.509323360419296,7.1020408163265305,0.0612244897959134
P8,Joystick,Center,2D,DT500,4,100.0,60.0,107.72892074047498,10.236129522292584,2944,507,3452,0,0,1,2,2,6.538583261929678,11.630153549591808,11.011896772207274
P8,Joystick,Center,2D,DT500,5,100.0,60.0,98.28389314377108,0.7911019255886149,1375,500,1875,0,0,2,1,0,11.688884376266842,10.537288623495488,-0.9599665801030172
P8,Joystick,Center,2D,DT500,6,100.0,60.0,89.15788657196687,-8.334904646215568,2374,500,2875,0,0,2,1,1,5.5899527390955726,4.711779275484286,-2.706449114221692
P8,Joystick,Center,2D,DT500,0,250.0,40.0,254.1320340556677,10.40005601021178,2962,500,3462,0,0,1,3,0,8.007823284681846,7.065298675642032,2.677223148601684
P8,Joystick,Center,2D,DT500,1,250.0,40.0,252.53617616367083,8.804198118214892,4757,500,5258,0,0,1,2,0,18.79223972808209,31.784891111202462,-31.56077961245432
P8,Joystick,Center,2D,DT500,2,250.0,40.0,252.6936138586342,8.961635813178239,2831,500,3332,0,0,1,2,0,13.327015396833534,15.627351405598478,12.087114707477456
P8,Joystick,Center,2D,DT500,3,250.0,40.0,241.365989022728,-2.365989022727954,6458,500,6959,0,0,2,1,1,10.888730577253668,8.924324324324328,-1.3459459459459724
P8,Joystick,Center,2D,DT500,4,250.0,40.0,240.2151209401121,-3.516857105343862,2713,504,3217,0,0,2,3,0,8.965567358450802,10.139971972052187,-7.213760975635074
P8,Joystick,Center,2D,DT500,5,250.0,40.0,239.99693073109293,-3.735047314363032,3868,503,4371,0,0,2,2,0,18.493291557402188,17.056182542053108,4.893113457138377
P8,Joystick,Center,2D,DT500,6,250.0,40.0,227.4919849392994,-16.239993106156508,4218,500,4718,0,0,0,1,1,12.41885889797232,19.58205644334253,-19.58205644334253
P8,Joystick,Rear,2D,DT500,0,250.0,40.0,240.73757581419187,-2.9944022312640604,7814,500,8314,0,0,1,2,2,19.297760813129017,15.193862723142397,-13.618280905240876
P8,Joystick,Rear,2D,DT500,1,250.0,40.0,257.7120670208854,13.980088975429435,10409,500,10909,0,0,3,8,3,25.76297352401585,23.165315924694543,14.474361117215132
P8,Joystick,Rear,2D,DT500,2,250.0,40.0,242.94896326004408,-0.7830147854118655,6586,500,7086,0,0,3,5,1,29.08050782428991,24.79431685337208,0.0647737559368188
P8,Joystick,Rear,2D,DT500,3,250.0,40.0,223.365989022728,-20.36598902272796,6671,500,7171,0,0,1,2,1,7.951970305655602,8.409836065573769,6.049180327868851
P8,Joystick,Rear,2D,DT500,4,250.0,40.0,233.4744551256776,-10.257522919778348,8479,500,8980,0,1,2,3,1,11.168464275395827,9.502202399926125,-0.0863423502326021
P8,Joystick,Rear,2D,DT500,5,250.0,40.0,244.3218516617903,0.5898736163343213,4976,500,5476,0,0,1,2,0,27.649804274678885,39.92916599959985,35.716850415704826
P8,Joystick,Rear,2D,DT500,6,250.0,40.0,253.4020082954094,9.670030249953465,2524,500,3025,0,0,2,1,0,16.036688243932687,16.343274501248512,-10.845991364515609
P8,Joystick,Rear,2D,DT500,0,500.0,60.0,478.2902400582768,-9.173716032635031,4779,500,5280,0,0,3,3,0,12.272421092868406,11.187784059209475,2.002784545133381
P8,Joystick,Rear,2D,DT500,1,500.0,60.0,466.5397570706849,-20.92419902022691,7658,500,8158,0,0,0,3,0,10.636448847885475,24.60833534126096,-24.60833534126096
P8,Joystick,Rear,2D,DT500,2,500.0,60.0,478.9059846097061,-8.557971481205627,6575,501,7077,0,0,1,2,0,6.675609593706637,5.740822186224782,3.32054473685065
P8,Joystick,Rear,2D,DT500,3,500.0,60.0,469.2319780454559,-18.231978045455904,6479,500,6980,0,0,0,0,1,0.3819676749188659,2.069364161849768,-2.069364161849768
P8,Joystick,Rear,2D,DT500,4,500.0,60.0,494.1651152784832,6.701159187571314,7133,500,7633,0,0,0,1,0,18.67916461810187,36.00830322307552,35.932969956837184
P8,Joystick,Rear,2D,DT500,5,500.0,60.0,481.80013088400216,-5.6638252069096895,5359,500,5859,0,0,1,1,0,14.29891974089618,13.297625503954308,-8.004740481713768
P8,Joystick,Rear,2D,DT500,6,500.0,60.0,473.1418072140056,-14.322148876906232,6909,500,7410,0,0,1,1,0,11.911515070629235,19.84604784267433,-16.66785154768103
P8,Joystick,Rear,2D,DT500,0,500.0,40.0,485.983998193245,-1.479957897666776,6015,500,6516,0,1,4,4,2,22.34616570064121,19.743927926984256,-8.40045152813122
P8,Joystick,Rear,2D,DT500,1,500.0,40.0,482.12700211715327,-5.336953973758584,4656,500,5157,0,0,1,3,0,13.217561005810424,11.495641129173832,-0.6036240739342821
P8,Joystick,Rear,2D,DT500,2,500.0,40.0,483.4108289492183,-4.053127141693487,6318,501,6819,0,0,0,4,0,12.171099925638204,14.850203399409942,14.49016140513456
P8,Joystick,Rear,2D,DT500,3,500.0,40.0,476.2319780454559,-11.23197804545586,5867,500,6368,0,0,0,0,0,0.9934698738706976,1.0189274447949963,-1.0189274447949963
P8,Joystick,Rear,2D,DT500,4,500.0,40.0,497.2687042316407,9.804748140728876,5036,500,5537,0,0,1,1,0,12.553711501946273,13.106181746365584,12.10898016828314
P8,Joystick,Rear,2D,DT500,5,500.0,40.0,492.1617895190096,4.69783342809779,6292,500,6792,0,0,0,2,0,14.902299007307713,35.650091766757164,-35.59916314034299
P8,Joystick,Rear,2D,DT500,6,500.0,40.0,505.176751558406,17.712795467494157,7504,500,8004,0,1,0,5,1,10.1220103099319,21.359319805504484,-21.359319805504484
P8,Joystick,Rear,2D,DT500,0,250.0,60.0,252.34067597503363,8.608697929577708,3949,500,4450,0,0,1,3,0,13.1056452069585,13.619610919903876,6.898849614682971
P8,Joystick,Rear,2D,DT500,1,250.0,60.0,230.5260606562705,-13.205917389185448,2981,500,3481,0,0,2,2,0,26.717698249583147,28.457562090845727,23.301667133993703
P8,Joystick,Rear,2D,DT500,2,250.0,60.0,239.34508778843443,-4.386890257021525,2522,500,3023,0,0,1,2,0,12.50508920878825,12.784585853474658,7.870950970655696
P8,Joystick,Rear,2D,DT500,3,250.0,60.0,255.365989022728,11.634010977272071,6286,500,6786,0,0,0,0,1,3.5583963961572413,13.38047138047138,13.38047138047138
P8,Joystick,Rear,2D,DT500,4,250.0,60.0,240.0823153814429,-3.6496626640130527,2536,505,3041,0,0,1,2,0,7.13846170409728,9.230568538511644,8.465701830622018
P8,Joystick,Rear,2D,DT500,5,250.0,60.0,220.47089751054912,-23.26108053490685,4467,500,4968,0,0,0,4,0,13.242842046484382,19.135074479970395,-18.90748283295449
P8,Joystick,Rear,2D,DT500,6,250.0,60.0,255.2558293344329,11.523851288976978,2570,500,3071,0,0,0,2,0,7.761044901423705,18.627962955321934,-18.627962955321934
P8,Joystick,Rear,2D,DT500,0,100.0,60.0,96.8724656930648,-0.6203255251176057,1283,500,1784,0,0,0,1,0,8.907497968946993,15.905265941612772,-15.905265941612772
P8,Joystick,Rear,2D,DT500,1,100.0,60.0,87.77376974873275,-9.719021469449672,1741,500,2241,0,0,0,1,2,18.994678704522205,32.79404350766186,32.719908739577306
P8,Joystick,Rear,2D,DT500,2,100.0,60.0,104.89094290465592,7.398151686473521,1679,500,2180,0,0,1,1,0,5.190940155302474,5.093123190756453,-2.777317104768497
P8,Joystick,Rear,2D,DT500,3,100.0,60.0,95.24639560909117,-2.2463956090912207,3294,500,3794,0,0,0,0,1,5.538900445636568e-15,1.0000000000000084,-1.0000000000000084
P8,Joystick,Rear,2D,DT500,4,100.0,60.0,123.24686550626254,25.754074288080147,1490,502,1992,0,0,0,1,0,13.828406810677976,21.51494025727129,-21.41111758151148
P8,Joystick,Rear,2D,DT500,5,100.0,60.0,98.89750602505136,1.4047148068689057,2311,500,2812,0,0,2,3,1,18.382491842136247,14.963696203213267,4.0698706187676335
P8,Joystick,Rear,2D,DT500,6,100.0,60.0,107.37415179310862,9.881360574926193,1912,508,2421,0,0,2,1,0,10.653148799889498,10.034515271168326,5.26049779029482
P8,Joystick,Rear,2D,DT500,0,100.0,40.0,92.86708888185116,-4.625702336331251,3493,505,3998,0,1,2,2,1,12.130967449909908,10.9761545757272,-3.255773490888876
P8,Joystick,Rear,2D,DT500,1,100.0,40.0,91.37612072043277,-6.116670497749666,5167,500,5667,0,1,3,2,2,19.624467464364777,18.77088036221499,8.615723844589116
P8,Joystick,Rear,2D,DT500,2,100.0,40.0,97.81599752010575,0.3232063019233733,2345,501,2846,0,0,0,2,0,4.2701730502446695,11.889877865933476,-11.889877865933476
P8,Joystick,Rear,2D,DT500,3,100.0,40.0,97.24639560909117,-0.2463956090912197,1399,500,1900,0,0,0,0,0,2.462002725178912,7.705882352941177,-7.705882352941177
P8,Joystick,Rear,2D,DT500,4,100.0,40.0,103.79076569874964,6.2979744805672695,2552,500,3053,0,0,0,1,1,9.36858264246201,21.067668874803783,-21.067668874803783
P8,Joystick,Rear,2D,DT500,5,100.0,40.0,94.70129601322796,-2.79149520495449,3128,500,3629,0,0,0,2,0,6.711666623659348,9.90251903595395,-8.978944209959659
P8,Joystick,Rear,2D,DT500,6,100.0,40.0,110.86083316903668,13.368041950854243,2717,500,3218,0,0,2,3,1,13.637322097219368,15.094214740541318,-13.402151785790265
P8,Vertical,Center,1D,DT500,0,500.0,40.0,497.0,-3.0000000000000293,4534,518,5052,0,0,0,0,1,4.2440705492804196e-14,11.999999999999952,11.999999999999952
P8,Vertical,Center,1D,DT500,1,500.0,40.0,514.0000000000001,14.00000000000006,4304,535,4839,0,0,0,0,1,4.0557799892016514e-14,12.00000000000006,12.00000000000006
P8,Vertical,Center,1D,DT500,2,500.0,40.0,502.0,1.999999999999971,5719,516,6236,0,1,0,0,3,4.0974769771716926e-14,11.99999999999993,11.99999999999993
P8,Vertical,Center,1D,DT500,3,500.0,40.0,514.0000000000001,14.00000000000006,4465,515,4980,0,0,0,0,1,4.074710807726318e-14,12.000000000000078,12.000000000000078
P8,Vertical,Center,1D,DT500,4,500.0,40.0,481.0,-19.0,7004,519,7523,0,3,0,0,4,4.70280022085455e-14,11.999999999999924,11.999999999999924
P8,Vertical,Center,1D,DT500,5,500.0,40.0,519.0,19.0,4770,508,5279,0,0,0,0,0,4.719269251773095e-14,12.000000000000036,12.000000000000036
P8,Vertical,Center,1D,DT500,6,500.0,40.0,507.0,6.999999999999971,7325,507,7833,0,1,0,0,2,5.6210538012740267e-14,11.999999999999956,11.999999999999956
P8,Vertical,Center,1D,DT500,0,250.0,40.0,235.0,-15.000000000000014,1980,518,2498,0,0,0,0,1,3.713779369910547e-14,19.0,19.0
P8,Vertical,Center,1D,DT500,1,250.0,40.0,257.0,7.0,3399,519,3918,0,0,0,0,0,3.2666705693730226e-14,19.000000000000004,19.000000000000004
P8,Vertical,Center,1D,DT500,2,250.0,40.0,262.0,12.0,2880,546,3427,0,0,0,0,1,3.5347214211075454e-14,19.0,19.0
P8,Vertical,Center,1D,DT500,3,250.0,40.0,262.0,12.0,3807,543,4350,0,1,0,0,2,4.6458864092198814e-14,19.0,19.0
P8,Vertical,Center,1D,DT500,4,250.0,40.0,233.0,-17.0,4006,535,4541,0,1,0,0,1,4.234002095365911e-14,19.0,19.0
P8,Vertical,Center,1D,DT500,5,250.0,40.0,246.0,-4.000000000000014,3062,509,3572,0,0,0,0,1,3.327955585284174e-14,19.000000000000004,19.000000000000004
P8,Vertical,Center,1D,DT500,6,250.0,40.0,230.0,-20.0,2807,518,3325,0,0,0,0,1,3.7698210564559225e-14,19.0,19.0
P8,Vertical,Center,1D,DT500,0,100.0,40.0,106.0,6.0,1002,501,1504,0,0,0,0,1,1.5776981143453893e-14,19.0,19.0
P8,Vertical,Center,1D,DT500,1,100.0,40.0,103.0,3.0,2381,535,2917,0,0,0,0,3,1.5966486141044403e-14,19.0,19.0
P8,Vertical,Center,1D,DT500,2,100.0,40.0,92.0,-8.0,1779,511,2291,0,0,0,0,1,1.7027924367772116e-14,19.0,19.0
P8,Vertical,Center,1D,DT500,3,100.0,40.0,107.0,7.0,660,521,1181,0,0,0,0,0,1.5767393872298544e-14,19.000000000000004,19.000000000000004
P8,Vertical,Center,1D,DT500,4,100.0,40.0,104.0,4.0,990,539,1530,0,0,0,0,1,1.63192966025688e-14,19.0,19.0
P8,Vertical,Center,1D,DT500,5,100.0,40.0,108.0,7.999999999999991,952,517,1470,0,0,0,0,1,1.7931947214122862e-14,19.0,19.0
P8,Vertical,Center,1D,DT500,6,100.0,40.0,102.0,2.0,919,505,1425,0,0,0,0,1,1.6789469818876796e-14,19.0,19.0
P8,Vertical,Center,1D,DT500,0,250.0,60.0,242.0,-8.0,3304,549,3854,0,0,0,0,2,3.2276814539381475e-14,19.0,19.0
P8,Vertical,Center,1D,DT500,1,250.0,60.0,284.0,34.0,2462,503,2965,1,0,0,0,0,3.7486320516072204e-14,19.000000000000004,19.000000000000004
P8,Vertical,Center,1D,DT500,2,250.0,60.0,241.0,-9.0,4737,513,5250,0,0,0,0,2,3.493694777175853e-14,19.0,19.0
P8,Vertical,Center,1D,DT500,3,250.0,60.0,234.0,-16.0,2214,519,2734,0,0,0,0,1,3.311818096140709e-14,19.000000000000004,19.000000000000004
P8,Vertical,Center,1D,DT500,4,250.0,60.0,243.0,-7.0,1813,528,2341,0,0,0,0,1,2.8745277787294734e-14,18.999999999999982,18.999999999999982
P8,Vertical,Center,1D,DT500,5,250.0,60.0,220.0,-30.0,2035,503,2539,1,0,0,0,1,3.792480251028619e-14,19.0,19.0
P8,Vertical,Center,1D,DT500,6,250.0,60.0,224.0,-25.999999999999982,1574,546,2120,0,0,0,0,1,2.8020878493567943e-14,18.999999999999982,18.999999999999982
P8,Vertical,Center,1D,DT500,0,500.0,60.0,481.0,-19.00000000000003,6886,518,7404,0,0,0,0,3,8.01946610461229e-14,19.0,19.0
P8,Vertical,Center,1D,DT500,1,500.0,60.0,487.0,-13.000000000000028,4942,536,5479,0,0,0,0,1,7.348066504057497e-14,19.000000000000004,19.000000000000004
P8,Vertical,Center,1D,DT500,2,500.0,60.0,513.9999999999999,13.99999999999994,4056,501,4557,0,0,0,0,1,7.243694893376839e-14,19.0,19.0
P8,Vertical,Center,1D,DT500,3,500.0,60.0,493.0,-7.0,4869,524,5393,0,0,0,0,1,6.974237306802188e-14,19.0,19.0
P8,Vertical,Center,1D,DT500,4,500.0,60.0,488.0,-12.0,5259,534,5794,0,0,0,0,1,7.30309209321835e-14,19.0,19.0
P8,Vertical,Center,1D,DT500,5,500.0,60.0,505.0,5.0,4111,529,4640,0,0,0,0,1,6.95665428302274e-14,19.000000000000007,19.000000000000007
P8,Vertical,Center,1D,DT500,6,500.0,60.0,491.0,-8.999999999999972,4440,520,4961,0,0,0,0,1,7.66004082407131e-14,19.0,19.0
P8,Vertical,Center,1D,DT500,0,100.0,60.0,102.0,2.0,841,515,1357,0,0,0,0,1,1.622510873657723e-14,19.0,19.0
P8,Vertical,Center,1D,DT500,1,100.0,60.0,100.0,0.0,3179,537,3716,0,1,0,0,2,1.3303134636722781e-14,19.0,19.0
P8,Vertical,Center,1D,DT500,2,100.0,60.0,131.99999999999997,31.999999999999982,812,501,1313,1,0,0,0,0,1.8126239737589023e-14,19.0,19.0
P8,Vertical,Center,1D,DT500,3,100.0,60.0,135.00000000000003,35.00000000000002,1468,519,1988,1,0,0,0,1,1.759998244649079e-14,19.0,19.0
P8,Vertical,Center,1D,DT500,4,100.0,60.0,74.0,-26.0,3067,506,3573,0,0,0,0,1,1.2315229222805122e-14,19.0,19.0
P8,Vertical,Center,1D,DT500,5,100.0,60.0,91.0,-8.999999999999991,516,503,1019,0,0,0,0,1,1.5206278589397965e-14,19.000000000000004,19.000000000000004
P8,Vertical,Center,1D,DT500,6,100.0,60.0,103.0,3.0,530,550,1081,0,0,0,0,1,1.5026294330825275e-14,19.0,19.0
P8,Joystick,Front,2D,DT500,0,250.0,60.0,231.1259734499734,-12.606004595482506,2613,500,3114,0,0,2,3,0,8.192123913322007,7.1760056816197935,3.0993506953901293
P8,Joystick,Front,2D,DT500,1,250.0,60.0,251.90280944123364,8.170831395777695,3636,500,4136,0,0,0,4,2,12.730995068685424,14.106934495935178,13.713657217890589
P8,Joystick,Front,2D,DT500,2,250.0,60.0,258.3318367937198,14.599858748263854,4001,500,4502,0,0,2,2,0,13.131153983437,14.13222149170406,11.848433531130938
P8,Joystick,Front,2D,DT500,3,250.0,60.0,237.365989022728,-6.3659890227279465,3456,500,3956,0,0,0,0,0,1.3774890330515596e-14,0.9999999999999792,0.9999999999999792
P8,Joystick,Front,2D,DT500,4,250.0,60.0,230.4395346252973,-13.292443420158634,4078,500,4578,0,0,1,3,1,17.867568519456434,29.47140193539701,28.046941004220933
P8,Joystick,Front,2D,DT500,5,250.0,60.0,232.0301511463818,-11.70182689907418,4403,502,4905,0,0,3,3,0,6.719482598892562,5.881243984013085,0.8905513645947203
P8,Joystick,Front,2D,DT500,6,250.0,60.0,228.8271105430373,-14.90486750241864,5005,500,5505,0,0,2,2,0,9.152174245385742,7.861285436423826,-0.4841412972635738
P8,Joystick,Front,2D,DT500,0,250.0,40.0,240.53587586636536,-3.196102179090573,8874,500,9374,0,0,3,7,2,21.72667608161302,21.75524943391281,10.68333640834232
P8,Joystick,Front,2D,DT500,1,250.0,40.0,240.8087039266504,-2.923274118805572,5141,500,5641,0,0,3,4,0,11.899132238876147,9.7235844537735,3.504560078215494
P8,Joystick,Front,2D,DT500,2,250.0,40.0,253.7605896748732,10.028611629417172,4153,500,4653,0,0,0,1,0,4.653827449096041,5.892899816164639,4.925625240639667
P8,Joystick,Front,2D,DT500,3,250.0,40.0,227.365989022728,-16.365989022727952,5193,503,5696,0,0,0,0,2,1.2094088156028604,6.461538461538462,6.461538461538462
P8,Joystick,Front,2D,DT500,4,250.0,40.0,250.6615320686008,6.929554023144868,3228,503,3731,0,0,2,2,0,5.86651388631557,6.186498715522887,-3.7678832557332216
P8,Joystick,Front,2D,DT500,5,250.0,40.0,248.09242123467808,4.360443189222081,3088,500,3589,0,0,0,2,0,10.648554999981982,11.691046293415708,-10.76677970116994
P8,Joystick,Front,2D,DT500,6,250.0,40.0,229.081643072107,-14.65033497334892,5576,502,6078,0,0,2,1,3,8.202775733981623,9.564492881923526,7.068427789644081
P8,Joystick,Front,2D,DT500,0,500.0,40.0,500.2365285754327,12.77257248452088,4755,503,5259,0,0,3,2,0,8.518211945184264,7.456019794298919,0.9419832575788816
P8,Joystick,Front,2D,DT500,1,500.0,40.0,469.6275753182432,-17.83638077266864,5770,500,6271,0,0,2,3,0,11.317035527328228,10.691690795350866,-4.534437640959097
P8,Joystick,Front,2D,DT500,2,500.0,40.0,503.53322222351983,16.069266132608075,4754,500,5255,0,0,0,2,0,35.61065309612603,58.552205366474894,58.14239317483043
P8,Joystick,Front,2D,DT500,3,500.0,40.0,493.231978045456,5.768021954544172,6429,502,6931,0,0,1,2,0,13.86535039878046,18.056603773584907,14.554716981132076
P8,Joystick,Front,2D,DT500,4,500.0,40.0,505.5102296014317,18.046273510519864,6459,514,6974,0,0,0,3,0,17.924672289398153,26.97199717395999,26.866626409027017
P8,Joystick,Front,2D,DT500,5,500.0,40.0,471.6758292942316,-15.78812679668028,6903,500,7403,0,0,0,3,1,6.728322556321513,16.57991747335172,-16.57991747335172
P8,Joystick,Front,2D,DT500,6,500.0,40.0,484.735276997701,-2.7286790932107543,5063,503,5567,0,0,0,3,0,7.456064547809879,10.870969139309572,-10.475713273193511
P8,Joystick,Front,2D,DT500,0,500.0,60.0,500.35338434690266,12.889428255990824,7403,501,7904,0,1,0,4,2,15.085003509941474,19.469347140496723,19.25108872461121
P8,Joystick,Front,2D,DT500,1,500.0,60.0,469.9442586794618,-17.519697411450036,4753,500,5253,0,0,1,3,0,14.681299393995117,13.473139688110328,-7.170163185428907
P8,Joystick,Front,2D,DT500,2,500.0,60.0,483.7783099090013,-3.6856461819105206,5141,500,5642,0,0,0,3,0,15.910726524580303,39.68860985512967,39.68860985512967
P8,Joystick,Front,2D,DT500,3,500.0,60.0,478.2319780454559,-9.231978045455886,6417,500,6917,0,0,0,2,1,17.205829105105643,17.670846394984327,15.551724137931034
P8,Joystick,Front,2D,DT500,4,500.0,60.0,505.5102296014317,18.046273510519864,6121,502,6623,0,0,1,4,0,13.256473205760132,13.907467703247166,12.74016406776679
P8,Joystick,Front,2D,DT500,5,500.0,60.0,499.6535440618929,12.189587970981048,6643,500,7143,0,0,0,3,0,9.319747283151417,23.700489011543585,-23.700489011543585
P8,Joystick,Front,2D,DT500,6,500.0,60.0,484.2374025485452,-3.226553542366581,5922,500,6423,0,0,3,2,0,23.573452946499863,23.05619257635404,-13.789852684282058
P8,Joystick,Front,2D,DT500,0,100.0,40.0,90.52502377081804,-6.9677674473643485,3015,500,3516,0,0,3,2,1,13.28282105975787,11.821064650580183,4.417986104488199
P8,Joystick,Front,2D,DT500,1,100.0,40.0,107.92329277113534,10.430501552952917,2979,500,3480,0,0,1,2,0,24.370636040332293,22.30489337146,9.376780924010063
P8,Joystick,Front,2D,DT500,2,100.0,40.0,109.4621900235026,11.969398805320209,7169,500,7670,0,1,4,6,2,16.085411105454465,13.665528854865832,2.3575667299103085
P8,Joystick,Front,2D,DT500,3,100.0,40.0,86.24639560909117,-11.24639560909123,3244,502,3747,0,0,0,0,2,1.5489036456612577,1.2534246575342354,0.3219178082191688
P8,Joystick,Front,2D,DT500,4,100.0,40.0,111.86628412020411,14.373492902021738,1726,500,2227,0,0,0,1,2,5.651736341526182,20.397664810108825,-20.397664810108825
P8,Joystick,Front,2D,DT500,5,100.0,40.0,85.48753682479938,-12.005254393383089,2911,500,3412,0,0,2,3,0,11.05286943410257,9.833934735755015,-2.3797758124599326
P8,Joystick,Front,2D,DT500,6,100.0,40.0,105.81650525541444,8.323714037231994,4304,500,4804,0,1,2,2,2,19.380560852468605,18.246339111992874,-6.303831007418964
P8,Joystick,Front,2D,DT500,0,100.0,60.0,107.5118285507083,10.0190373325259,1976,513,2489,0,0,0,1,0,10.767618844592446,25.15172867519554,25.03218191838303
P8,Joystick,Front,2D,DT500,1,100.0,60.0,91.1881482780881,-6.304642940094325,4160,501,4661,0,0,1,1,2,19.292145273099827,30.88117504914976,29.221323240595765
P8,Joystick,Front,2D,DT500,2,100.0,60.0,115.40375681247922,17.910965594296826,1154,506,1661,0,0,0,1,0,4.399003535749771,6.178786857022701,6.177897086845064
P8,Joystick,Front,2D,DT500,3,100.0,60.0,102.24639560909117,4.753604390908778,1908,500,2409,0,0,2,2,1,19.878215978377057,18.23076923076923,-5.861538461538461
P8,Joystick,Front,2D,DT500,4,100.0,60.0,115.73803638259484,18.24524516441244,1382,501,1884,0,0,0,1,0,7.338687161301102,10.051477899098089,-9.398668605931448
P8,Joystick,Front,2D,DT500,5,100.0,60.0,99.55062658864544,2.057835370462983,1600,500,2100,0,0,2,2,0,10.573836707862514,13.989853020968615,-12.611166214781662
P8,Joystick,Front,2D,DT500,6,100.0,60.0,103.98350520252072,6.4907139843382815,2862,503,3366,0,0,0,2,1,17.514458099453574,18.43931119547728,-17.951010442243213
P8,Horizontal,Rear,1D,DT500,0,250.0,60.0,273.0,23.00000000000003,6445,530,6975,0,1,0,0,2,5.762674255365634e-14,17.0,17.0
P8,Horizontal,Rear,1D,DT500,1,250.0,60.0,252.0,2.0,5552,516,6069,0,0,0,0,0,3.7328026645295086e-14,17.0,17.0
P8,Horizontal,Rear,1D,DT500,2,250.0,60.0,250.0,0.0,3194,513,3708,0,0,0,0,0,3.5001244922762786e-14,17.0,17.0
P8,Horizontal,Rear,1D,DT500,3,250.0,60.0,235.0,-15.000000000000014,2785,521,3307,0,0,0,0,0,3.6065919298686664e-14,17.0,17.0
P8,Horizontal,Rear,1D,DT500,4,250.0,60.0,256.00000000000006,6.000000000000029,2427,503,2930,0,0,0,0,1,3.3440442505505536e-14,16.999999999999996,16.999999999999996
P8,Horizontal,Rear,1D,DT500,5,250.0,60.0,258.0,8.0,2665,523,3188,0,0,0,0,0,3.6110975397948184e-14,17.0,17.0
P8,Horizontal,Rear,1D,DT500,6,250.0,60.0,263.0,13.0,3547,526,4073,0,0,0,0,0,3.34655619767142e-14,17.0,17.0
P8,Horizontal,Rear,1D,DT500,0,100.0,40.0,110.0,9.999999999999991,1230,528,1759,0,0,0,0,1,1.3027444934333312e-14,24.0,24.0
P8,Horizontal,Rear,1D,DT500,1,100.0,40.0,90.0,-10.0,2012,523,2535,0,1,0,0,1,2.00459990022721e-14,24.0,24.0
P8,Horizontal,Rear,1D,DT500,2,100.0,40.0,108.0,8.0,842,526,1369,0,0,0,0,1,1.4488119180530065e-14,24.0,24.0
P8,Horizontal,Rear,1D,DT500,3,100.0,40.0,94.0,-6.0,1414,528,1942,0,0,0,0,0,1.3816813636417222e-14,24.0,24.0
P8,Horizontal,Rear,1D,DT500,4,100.0,40.0,105.0,5.000000000000009,1275,521,1797,0,0,0,0,1,1.5340183153553712e-14,24.0,24.0
P8,Horizontal,Rear,1D,DT500,5,100.0,40.0,94.0,-6.0,1398,529,1927,0,0,0,0,1,1.4918577570477516e-14,24.0,24.0
P8,Horizontal,Rear,1D,DT500,6,100.0,40.0,81.0,-19.0,1479,529,2008,0,0,0,0,1,1.3887998103633847e-14,24.0,24.0
P8,Horizontal,Rear,1D,DT500,0,100.0,60.0,85.0,-14.999999999999996,1689,534,2223,0,0,0,0,1,1.2254060285797218e-14,24.0,24.0
P8,Horizontal,Rear,1D,DT500,1,100.0,60.0,95.0,-4.999999999999991,1089,514,1604,0,0,0,0,0,1.1794655811879976e-14,24.000000000000004,24.000000000000004
P8,Horizontal,Rear,1D,DT500,2,100.0,60.0,87.0,-13.0,1493,505,1998,0,0,0,0,1,1.2298687604563152e-14,24.0,24.0
P8,Horizontal,Rear,1D,DT500,3,100.0,60.0,89.0,-11.0,1255,517,1772,0,0,0,0,0,1.0385509141685664e-14,24.000000000000004,24.000000000000004
P8,Horizontal,Rear,1D,DT500,4,100.0,60.0,78.0,-22.0,1514,509,2024,0,0,0,0,1,8.81319796442941e-15,24.0,24.0
P8,Horizontal,Rear,1D,DT500,5,100.0,60.0,96.0,-4.000000000000009,1227,516,1744,0,0,0,0,0,1.0960866487559446e-14,24.000000000000004,24.000000000000004
P8,Horizontal,Rear,1D,DT500,6,100.0,60.0,83.0,-17.000000000000004,1454,526,1980,0,0,0,0,1,1.2954054435978436e-14,24.0,24.0
P8,Horizontal,Rear,1D,DT500,0,500.0,60.0,478.0,-22.0,12187,518,12705,0,0,0,0,2,5.6390885974157174e-14,24.0,24.0
P8,Horizontal,Rear,1D,DT500,1,500.0,60.0,529.0,29.0,3917,504,4421,0,0,0,0,0,7.379246795824037e-14,24.000000000000004,24.000000000000004
P8,Horizontal,Rear,1D,DT500,2,500.0,60.0,479.0,-21.00000000000003,5358,523,5882,0,0,0,0,1,6.820502791679612e-14,24.0,24.0
P8,Horizontal,Rear,1D,DT500,3,500.0,60.0,523.0,23.0,4071,516,4587,0,0,0,0,0,7.210198204539652e-14,24.000000000000004,24.000000000000004
P8,Horizontal,Rear,1D,DT500,4,500.0,60.0,519.0,19.0,4984,505,5490,0,0,0,0,0,7.071574001240296e-14,24.0,24.0
P8,Horizontal,Rear,1D,DT500,5,500.0,60.0,531.0,31.0,8545,505,9050,1,0,0,0,0,7.067192022506883e-14,24.0,24.0
P8,Horizontal,Rear,1D,DT500,6,500.0,60.0,471.0,-29.00000000000003,8547,516,9064,0,0,0,0,2,6.368307399726572e-14,24.0,24.0
P8,Horizontal,Rear,1D,DT500,0,250.0,40.0,244.0,-5.999999999999986,12889,523,13413,0,2,0,0,3,4.3463073797735774e-14,24.0,24.0
P8,Horizontal,Rear,1D,DT500,1,250.0,40.0,237.0,-13.0,5016,510,5526,0,0,0,0,0,4.158758630237688e-14,24.0,24.0
P8,Horizontal,Rear,1D,DT500,2,250.0,40.0,244.0,-5.999999999999986,3989,530,4519,0,0,0,0,2,3.35250786472718e-14,24.0,24.0
P8,Horizontal,Rear,1D,DT500,3,250.0,40.0,233.0,-16.999999999999986,3849,512,4362,0,0,0,0,1,3.3532217181874206e-14,24.0,24.0
P8,Horizontal,Rear,1D,DT500,4,250.0,40.0,239.0,-10.999999999999986,3685,508,4193,0,0,0,0,1,3.6149902230617416e-14,24.0,24.0
P8,Horizontal,Rear,1D,DT500,5,250.0,40.0,255.0,5.0,3116,533,3650,0,0,0,0,0,2.8995696621088733e-14,24.000000000000004,24.000000000000004
P8,Horizontal,Rear,1D,DT500,6,250.0,40.0,256.0,6.0,5656,504,6160,0,0,0,0,0,3.1716424950946113e-14,24.0,24.0
P8,Horizontal,Rear,1D,DT500,0,500.0,40.0,481.0,-19.00000000000003,7675,516,8191,0,0,0,0,0,6.264357456105732e-14,24.0,24.0
P8,Horizontal,Rear,1D,DT500,1,500.0,40.0,489.0,-11.0,5639,536,6176,0,0,0,0,0,6.806687890024483e-14,24.000000000000004,24.000000000000004
P8,Horizontal,Rear,1D,DT500,2,500.0,40.0,507.00000000000006,7.000000000000029,7904,520,8425,0,0,0,0,0,6.778895507940454e-14,24.0,24.0
P8,Horizontal,Rear,1D,DT500,3,500.0,40.0,502.00000000000006,2.0000000000000293,10839,511,11350,0,1,0,0,2,1.0665608881412237e-13,24.0,24.0
P8,Horizontal,Rear,1D,DT500,4,500.0,40.0,484.0,-16.0,5689,532,6222,0,0,0,0,1,7.3132320138427e-14,24.0,24.0
P8,Horizontal,Rear,1D,DT500,5,500.0,40.0,508.0,7.999999999999971,4736,508,5245,0,0,0,0,1,7.664577905242487e-14,24.000000000000004,24.000000000000004
P8,Horizontal,Rear,1D,DT500,6,500.0,40.0,487.0,-13.000000000000028,4267,534,4801,0,0,0,0,1,7.626094153627285e-14,24.0,24.0
P5,Joystick,Front,2D,DT500,0,100.0,60.0,92.04506340890704,-5.44772780927535,2204,512,2717,0,0,0,1,0,10.119031903425196,14.4068744471775,-14.383297381937243
P5,Joystick,Front,2D,DT500,1,100.0,60.0,105.45402586514652,7.961234646964108,4687,503,5190,0,0,0,0,0,1.826452049492143,25.2214962370776,-25.2214962370776
P5,Joystick,Front,2D,DT500,2,100.0,60.0,120.85937210439468,23.36658088621225,3583,513,4097,0,0,1,0,0,8.835774858676507,7.392117385476909,0.772770882848886
P5,Joystick,Front,2D,DT500,3,100.0,60.0,87.74639560909122,-9.746395609091222,3065,501,3567,0,0,1,1,0,21.09568380805032,27.63235294117647,23.955882352941178
P5,Joystick,Front,2D,DT500,4,100.0,60.0,114.92007098886069,17.427279770678236,6574,500,7074,0,0,1,3,4,36.65273042184523,61.18560929530608,60.76272525760624
P5,Joystick,Front,2D,DT500,5,100.0,60.0,109.67986663870528,12.1870754205228,2584,502,3087,0,0,0,0,0,2.333743140544013,10.735754316679904,-10.735754316679904
P5,Joystick,Front,2D,DT500,6,100.0,60.0,92.42764231843036,-5.06514889975206,2112,507,2619,0,0,0,1,0,9.144851776505645,19.729503171190725,19.729503171190725
P5,Joystick,Front,2D,DT500,0,500.0,60.0,494.22286805412045,6.75891196320862,6370,510,6881,0,0,0,5,0,30.56652664661361,59.71766984932132,-59.71766984932132
P5,Joystick,Front,2D,DT500,1,500.0,60.0,476.6393663590093,-10.824589731902512,5304,504,5808,0,0,1,1,0,13.765078804771974,15.66717197432842,-13.055986001919225
P5,Joystick,Front,2D,DT500,2,500.0,60.0,497.4422491810404,9.978293090128584,12703,504,13207,0,1,3,5,2,24.113896736040367,20.65720257686845,-6.701305227701342
P5,Joystick,Front,2D,DT500,3,500.0,60.0,488.7319780454559,1.2680219545441331,6211,500,6712,0,0,2,2,0,21.45637449499645,18.343096234309623,5.079497907949791
P5,Joystick,Front,2D,DT500,4,500.0,60.0,480.9682611352289,-6.495694955682972,11589,508,12098,0,1,2,4,2,32.08747078843962,62.46930283712799,61.11476395971639
P5,Joystick,Front,2D,DT500,5,500.0,60.0,489.32645464891,1.862498557998146,8590,501,9091,0,0,1,3,1,26.945032686486023,27.63783148536642,12.001058577705566
P5,Joystick,Front,2D,DT500,6,500.0,60.0,501.8861748258126,14.422218734900826,5279,502,5782,0,0,1,2,0,21.13534875785011,19.896437350022715,-12.866527371561965
P5,Joystick,Front,2D,DT500,0,500.0,40.0,499.4048727253424,11.940916634430572,7908,500,8408,0,0,0,4,1,11.55878604847449,23.68939253404475,-23.636765662230545
P5,Joystick,Front,2D,DT500,1,500.0,40.0,470.87949338224985,-16.584462708661963,7591,511,8102,0,1,0,2,1,17.306509220305152,35.1490701841774,-35.128464743501766
P5,Joystick,Front,2D,DT500,2,500.0,40.0,476.053671752496,-11.410284338415735,9584,508,10093,0,0,0,3,0,34.17424421574565,44.695767756453954,44.695767756453954
P5,Joystick,Front,2D,DT500,3,500.0,40.0,495.7319780454559,8.268021954544116,7570,508,8079,0,0,0,0,0,4.2443466306941033e-14,5.999999999999987,5.999999999999987
P5,Joystick,Front,2D,DT500,4,500.0,40.0,502.9567292512273,15.492773160315462,10848,505,11353,0,0,1,2,2,37.25197119692266,43.14990834436109,36.6559531235573
P5,Joystick,Front,2D,DT500,5,500.0,40.0,493.4137075830164,5.949751492104527,5801,500,6301,0,0,0,2,0,7.924282515459939,26.546901512351944,-26.546901512351944
P5,Joystick,Front,2D,DT500,6,500.0,40.0,497.6902886757561,10.226332584844275,6102,508,6610,0,0,1,2,0,21.89059082993028,54.66160161953425,-54.11341448833643
P5,Joystick,Front,2D,DT500,0,250.0,40.0,252.29343869828224,8.561460652826307,3059,500,3559,0,0,2,2,0,10.578933711714653,9.68870069274166,-4.274332495692934
P5,Joystick,Front,2D,DT500,1,250.0,40.0,228.5120649509527,-15.219913094503251,3163,503,3666,0,0,1,1,0,8.144037626704579,12.723248964008503,11.210958934375943
P5,Joystick,Front,2D,DT500,2,250.0,40.0,237.42467951535136,-6.307298530104579,11383,500,11884,0,0,2,3,2,35.67971286254258,37.99242332598393,-24.13135699216383
P5,Joystick,Front,2D,DT500,3,250.0,40.0,235.86598902272792,-7.865989022727964,5038,508,5547,0,0,3,3,1,19.467014521067828,16.215827338129497,-1.856115107913689
P5,Joystick,Front,2D,DT500,4,250.0,40.0,257.3191944088671,13.587216363411104,7473,504,7978,0,1,2,3,1,21.728731027265205,24.79798949375713,22.62756377940021
P5,Joystick,Front,2D,DT500,5,250.0,40.0,247.31552821249923,3.5835501670432524,3250,520,3770,0,0,0,0,0,3.937353877571352,7.013822221070119,7.013822221070119
P5,Joystick,Front,2D,DT500,6,250.0,40.0,248.41610826752213,4.684130222066216,2942,501,3443,0,0,1,1,0,10.609045145882648,9.63700729045734,-4.875893505399493
P5,Joystick,Front,2D,DT500,0,250.0,60.0,254.9108573245148,11.178879279058895,4200,509,4710,0,0,1,2,0,14.009707199941564,13.381134559356765,-4.47713176126363
P5,Joystick,Front,2D,DT500,1,250.0,60.0,237.0529497346303,-6.679028310825647,5919,505,6424,0,0,0,1,1,8.92402897055181,18.581046946130137,18.581046946130137
P5,Joystick,Front,2D,DT500,2,250.0,60.0,268.62657599526307,24.894597949807103,3801,502,4303,0,0,1,2,0,20.139396729704263,33.89926768863046,-32.10258309440537
P5,Joystick,Front,2D,DT500,3,250.0,60.0,238.865989022728,-4.865989022727929,5496,510,6006,0,0,1,2,0,16.04679447438728,13.944,0.871999999999992
P5,Joystick,Front,2D,DT500,4,250.0,60.0,263.8583862118551,20.126408166399138,15118,505,15624,0,0,1,3,3,44.625906254776936,42.6577531352857,25.17670661373845
P5,Joystick,Front,2D,DT500,5,250.0,60.0,224.830387663271,-18.901590382184963,3160,500,3661,0,0,1,2,0,22.29736427250081,25.28425831509642,-19.182951069912622
P5,Joystick,Front,2D,DT500,6,250.0,60.0,239.63056644890213,-4.101411596553775,3183,507,3691,0,0,2,1,0,14.12006489062641,13.420162986775006,7.066644713217478
P5,Joystick,Front,2D,DT500,0,100.0,40.0,80.44196324806535,-17.050827970117055,3223,506,3729,0,0,1,2,1,16.468602570354474,14.851436053058768,-1.4887283412965313
P5,Joystick,Front,2D,DT500,1,100.0,40.0,101.35689601046172,3.8641047922792944,8923,505,9428,0,0,0,1,1,13.049979471701509,24.560836533717307,-24.462239317368343
P5,Joystick,Front,2D,DT500,2,100.0,40.0,114.35111601763133,16.858324799448916,6201,503,6705,0,1,3,2,1,12.5310918622599,11.233408887769464,-8.145165150559803
P5,Joystick,Front,2D,DT500,3,100.0,40.0,94.74639560909117,-2.746395609091224,4398,502,4900,0,0,2,1,0,11.983569167387094,9.602272727272728,0.8068181818181762
P5,Joystick,Front,2D,DT500,4,100.0,40.0,97.60018848726828,0.1073972690858446,4100,517,4617,0,0,1,1,2,35.32017558316433,54.29109517317163,52.527365946599886
P5,Joystick,Front,2D,DT500,5,100.0,40.0,95.13187491245286,-2.3609163057296345,4565,500,5065,0,0,1,1,2,17.075360061787098,31.07465569510605,-30.249880303297942
P5,Joystick,Front,2D,DT500,6,100.0,40.0,104.86799363385418,7.375202415671754,2044,518,2562,0,0,1,0,0,10.08629921019461,9.316586230303145,2.818073295191567
P5,Joystick,Center,2D,DT500,0,250.0,40.0,255.27105501607087,11.53907697061496,3169,511,3681,0,0,0,1,0,11.7525245711244,28.273310029718363,-28.273310029718363
P5,Joystick,Center,2D,DT500,1,250.0,40.0,227.85894438735852,-15.873033658097372,7230,508,7738,0,0,1,2,1,16.149760047423065,13.29135419444168,-3.29829858888487
P5,Joystick,Center,2D,DT500,2,250.0,40.0,251.0410823763322,7.30910433087627,10687,515,11203,0,0,1,2,1,25.48402331823281,31.855898486402715,26.676340639327485
P5,Joystick,Center,2D,DT500,3,250.0,40.0,239.865989022728,-3.8659890227279416,3340,507,3848,0,0,2,2,0,18.49963531388192,23.95689655172414,21.68103448275862
P5,Joystick,Center,2D,DT500,4,250.0,40.0,259.52181449412217,15.7898364486662,4426,502,4929,0,0,1,2,1,24.135004613397257,51.96945154527687,-51.52111453249547
P5,Joystick,Center,2D,DT500,5,250.0,40.0,237.78508566285203,-5.946892382603941,3283,501,3785,0,0,0,2,0,4.087862705833395,3.680363020064134,-1.0329134756766338
P5,Joystick,Center,2D,DT500,6,250.0,40.0,244.89741529648072,1.165437251024791,3368,511,3880,0,0,1,1,0,15.799890019707927,24.95302021971912,23.50820437507547
P5,Joystick,Center,2D,DT500,0,250.0,60.0,249.2629897992504,5.531011753794476,3669,500,4170,0,0,2,1,0,25.7369591093613,27.82934190061471,-22.83068102878056
P5,Joystick,Center,2D,DT500,1,250.0,60.0,254.90636291252105,11.174384867065088,7110,506,7617,0,0,1,3,1,40.42393632491181,41.585269622227386,26.50671225928173
P5,Joystick,Center,2D,DT500,2,250.0,60.0,252.91168856491427,9.179710519458324,5758,502,6260,0,0,3,2,0,31.946229614893312,32.25575516517064,21.799303112022752
P5,Joystick,Center,2D,DT500,3,250.0,60.0,220.865989022728,-22.86598902272795,5120,500,5621,0,0,2,3,2,44.70892402223404,38.33529411764706,-6.770588235294119
P5,Joystick,Center,2D,DT500,4,250.0,60.0,244.47322053056203,0.7412424851060796,4635,501,5137,0,0,1,2,2,13.161451371269028,30.59433242911144,30.138470375108334
P5,Joystick,Center,2D,DT500,5,250.0,60.0,245.93983768990785,2.207859644451851,3286,505,3792,0,0,1,1,0,15.440783015207575,25.90928757633158,23.39537391396293
P5,Joystick,Center,2D,DT500,6,250.0,60.0,233.12462678292584,-10.607351262530086,3455,510,3965,0,0,1,1,0,24.84808347489773,42.21961616976125,-41.01018678126712
P5,Joystick,Center,2D,DT500,0,500.0,60.0,503.050051845,15.58609575408816,5406,509,5915,0,0,0,4,0,17.518105432183063,42.69721256596328,-42.69721256596328
P5,Joystick,Center,2D,DT500,1,500.0,60.0,478.519712685164,-8.944243405747834,5240,500,5741,0,0,1,2,0,10.486373694630151,9.05930623905573,-0.5825918893410329
P5,Joystick,Center,2D,DT500,2,500.0,60.0,503.81769970913456,16.353743618222794,9381,512,9893,0,0,0,1,0,30.301033226714253,63.43252374923228,63.43252374923228
P5,Joystick,Center,2D,DT500,3,500.0,60.0,508.7319780454559,21.26802195454414,6699,503,7202,0,0,1,2,1,32.045097285988085,31.30152671755725,9.812977099236642
P5,Joystick,Center,2D,DT500,4,500.0,60.0,488.0741422360037,0.610186145091853,12898,501,13400,0,0,1,2,1,40.45679263887367,58.03242264535271,53.695926316173015
P5,Joystick,Center,2D,DT500,5,500.0,60.0,500.9054621258996,13.441506034987755,5452,506,5958,0,0,0,2,0,11.012862575863062,34.002210058077914,-34.002210058077914
P5,Joystick,Center,2D,DT500,6,500.0,60.0,501.0072816989709,13.543325608059146,5324,503,5827,0,0,1,2,0,8.156600985349382,7.184673395271592,4.032439454715058
P5,Joystick,Center,2D,DT500,0,500.0,40.0,500.8248425054368,13.360886414525025,5545,500,6046,0,0,0,1,0,25.41138959429334,42.93519734215999,-42.93519734215999
P5,Joystick,Center,2D,DT500,1,500.0,40.0,481.0334257337559,-6.430530357156004,5584,511,6095,0,0,0,2,0,13.719093134842522,15.145413694581926,13.687237521466535
P5,Joystick,Center,2D,DT500,2,500.0,40.0,491.1709341688334,3.7069780779216055,7197,513,7710,0,0,1,1,0,22.32949257124124,25.62498175266552,-22.89678942692751
P5,Joystick,Center,2D,DT500,3,500.0,40.0,470.7319780454559,-16.7319780454559,7526,504,8031,0,0,1,4,2,32.61881123257133,67.83225806451613,66.83870967741936
P5,Joystick,Center,2D,DT500,4,500.0,40.0,491.1777311891613,3.713775098249415,11539,512,12052,0,0,2,3,1,14.677513219108103,13.903284583575063,-7.431351755457524
P5,Joystick,Center,2D,DT500,5,500.0,40.0,482.6362854296517,-4.827670661260196,9778,502,10280,0,0,1,2,1,23.7441592210209,20.32189195461899,-4.775175456309796
P5,Joystick,Center,2D,DT500,6,500.0,40.0,501.6428329057265,14.17887681481472,8152,501,8654,0,1,1,3,1,26.84066794054209,48.75525412114184,-47.46522720863798
P5,Joystick,Center,2D,DT500,0,100.0,40.0,115.81472160181048,18.32193038362809,4708,500,5209,0,1,0,1,1,17.005366239760193,30.853759127680995,-30.26975507246645
P5,Joystick,Center,2D,DT500,1,100.0,40.0,87.44227100664648,-10.050520211535945,2259,511,2770,0,0,0,0,0,0.4427420944232376,11.325283124226791,11.325283124226791
P5,Joystick,Center,2D,DT500,2,100.0,40.0,98.23328056438967,0.7404893462072942,9653,501,10154,0,0,1,2,2,34.31312824009721,35.7851135864447,22.26726867094904
P5,Joystick,Center,2D,DT500,3,100.0,40.0,84.74639560909117,-12.746395609091229,2425,507,2933,0,0,2,1,1,18.926793530040324,19.16883116883117,15.01298701298701
P5,Joystick,Center,2D,DT500,4,100.0,40.0,83.3197578329414,-14.173033385241034,10950,517,11467,0,2,2,6,6,18.491416759377955,26.70332244320945,24.167060594657983
P5,Joystick,Center,2D,DT500,5,100.0,40.0,83.10747315537074,-14.385318062811756,2197,501,2698,0,0,0,0,0,1.6420499147333958,10.344532540084767,10.344532540084767
P5,Joystick,Center,2D,DT500,6,100.0,40.0,79.05400506308433,-18.438786155098096,9626,505,10131,0,1,0,2,2,7.959261702713172,10.024186856492792,9.301579866732627
P5,Joystick,Center,2D,DT500,0,100.0,60.0,96.19930758670404,-1.293483631478349,3588,508,4096,0,0,1,1,0,9.916885108621186,12.527974774927296,-10.208196400467571
P5,Joystick,Center,2D,DT500,1,100.0,60.0,105.25617650222344,7.763385284041003,11805,514,12320,0,0,1,2,3,46.33780461667708,53.561054090496526,52.3723127258979
P5,Joystick,Center,2D,DT500,2,100.0,60.0,75.14010389559981,-22.35268732258258,10999,504,11503,0,0,1,3,3,15.239017491897592,30.277869367282527,29.01100919001548
P5,Joystick,Center,2D,DT500,3,100.0,60.0,70.74639560909117,-26.746395609091223,6878,507,7385,0,0,1,0,0,14.58406225284546,12.750000000000002,-0.8500000000000043
P5,Joystick,Center,2D,DT500,4,100.0,60.0,89.3918645071446,-8.10092671103783,6547,501,7048,0,0,2,2,2,14.42032313680505,14.965871884466738,10.888513248751847
P5,Joystick,Center,2D,DT500,5,100.0,60.0,98.00177900457707,0.5089877863945951,8039,504,8544,0,0,0,1,1,10.251098940118478,26.448194593998945,-26.448194593998945
P5,Joystick,Center,2D,DT500,6,100.0,60.0,88.71844000854601,-8.774351209636416,2172,506,2678,0,0,0,0,0,7.194109457414776,12.727638407148469,-12.727638407148469
P5,Horizontal,Front,1D,DT500,0,250.0,40.0,255.0,5.0,2866,530,3396,0,0,0,0,0,2.2430681785223596e-14,15.00000000000004,-15.00000000000004
P5,Horizontal,Front,1D,DT500,1,250.0,40.0,265.0,15.0,5464,521,5985,0,0,0,0,0,2.57740134299378e-14,14.999999999999952,-14.999999999999952
P5,Horizontal,Front,1D,DT500,2,250.0,40.0,255.0,5.0,3095,537,3633,0,0,0,0,0,1.6660919286536262e-14,15.00000000000004,-15.00000000000004
P5,Horizontal,Front,1D,DT500,3,250.0,40.0,260.0,10.0,3311,518,3830,0,0,0,0,0,2.175422768482609e-14,14.999999999999966,-14.999999999999966
P5,Horizontal,Front,1D,DT500,4,250.0,40.0,259.0,9.000000000000028,3482,504,3986,0,0,0,0,0,2.1368569922991613e-14,15.000000000000036,-15.000000000000036
P5,Horizontal,Front,1D,DT500,5,250.0,40.0,259.0,9.000000000000028,3811,511,4322,0,0,0,0,0,2.422302089549089e-14,14.999999999999956,-14.999999999999956
P5,Horizontal,Front,1D,DT500,6,250.0,40.0,254.0,4.0,4827,553,5381,0,0,0,0,0,1.9733138846597507e-14,15.000000000000032,-15.000000000000032
P5,Horizontal,Front,1D,DT500,0,100.0,40.0,117.0,17.0,1604,513,2118,0,0,0,0,0,9.565974336450906e-15,8.000000000000016,-8.000000000000016
P5,Horizontal,Front,1D,DT500,1,100.0,40.0,115.0,15.0,4598,565,5163,0,0,0,0,0,1.095333073517128e-14,7.999999999999987,-7.999999999999987
P5,Horizontal,Front,1D,DT500,2,100.0,40.0,83.0,-17.000000000000004,2343,508,2852,0,0,0,0,0,8.585979943658356e-15,8.000000000000009,-8.000000000000009
P5,Horizontal,Front,1D,DT500,3,100.0,40.0,91.0,-9.0,2121,517,2638,0,0,0,0,0,6.417928691878711e-15,7.999999999999985,-7.999999999999985
P5,Horizontal,Front,1D,DT500,4,100.0,40.0,113.0,13.000000000000009,2078,564,2642,0,0,0,0,0,9.330226206811476e-15,8.000000000000016,-8.000000000000016
P5,Horizontal,Front,1D,DT500,5,100.0,40.0,93.0,-7.000000000000009,2869,506,3375,0,0,0,0,0,9.085139629258584e-15,7.999999999999988,-7.999999999999988
P5,Horizontal,Front,1D,DT500,6,100.0,40.0,96.0,-4.0,2475,529,3005,0,0,0,0,0,8.028773592402504e-15,8.000000000000012,-8.000000000000012
P5,Horizontal,Front,1D,DT500,0,500.0,40.0,481.0,-18.99999999999997,5197,501,5698,0,0,0,0,0,3.5410445745874195e-14,8.000000000000059,-8.000000000000059
P5,Horizontal,Front,1D,DT500,1,500.0,40.0,508.0,8.0,6176,528,6705,0,0,0,0,0,3.585933589217535e-14,7.999999999999936,-7.999999999999936
P5,Horizontal,Front,1D,DT500,2,500.0,40.0,503.0,3.0,4778,520,5298,0,0,0,0,0,3.828305515872265e-14,8.00000000000006,-8.00000000000006
P5,Horizontal,Front,1D,DT500,3,500.0,40.0,497.0,-3.0,5531,546,6077,0,0,0,0,0,3.6681385083560455e-14,7.999999999999938,-7.999999999999938
P5,Horizontal,Front,1D,DT500,4,500.0,40.0,506.00000000000006,6.000000000000029,4911,504,5415,0,0,0,0,0,3.6280446077312426e-14,8.00000000000006,-8.00000000000006
P5,Horizontal,Front,1D,DT500,5,500.0,40.0,519.0,19.000000000000057,5934,513,6447,0,0,0,0,0,3.865050136620176e-14,7.99999999999994,-7.99999999999994
P5,Horizontal,Front,1D,DT500,6,500.0,40.0,505.0,5.0,5818,516,6335,0,0,0,0,0,3.8493882733601366e-14,8.000000000000059,-8.000000000000059
P5,Horizontal,Front,1D,DT500,0,100.0,60.0,103.0,2.999999999999991,3712,510,4223,0,0,0,0,0,7.457525985075837e-15,8.000000000000014,-8.000000000000014
P5,Horizontal,Front,1D,DT500,1,100.0,60.0,121.0,20.99999999999999,5716,558,6274,0,0,0,0,0,9.484958697612886e-15,7.999999999999985,-7.999999999999985
P5,Horizontal,Front,1D,DT500,2,100.0,60.0,96.0,-4.0,2682,539,3222,0,0,0,0,0,9.883687339746671e-15,8.00000000000001,-8.00000000000001
P5,Horizontal,Front,1D,DT500,3,100.0,60.0,103.0,2.999999999999991,4080,506,4587,0,0,0,0,0,8.14755455178719e-15,7.999999999999987,-7.999999999999987
P5,Horizontal,Front,1D,DT500,4,100.0,60.0,85.0,-15.0,2300,500,2801,0,0,0,0,0,7.890732811655971e-15,8.000000000000009,-8.000000000000009
P5,Horizontal,Front,1D,DT500,5,100.0,60.0,106.0,6.0,1935,535,2471,0,0,0,0,0,7.86426696961181e-15,7.999999999999984,-7.999999999999984
P5,Horizontal,Front,1D,DT500,6,100.0,60.0,81.0,-19.0,3628,529,4158,0,0,0,0,0,7.246278631392365e-15,8.00000000000001,-8.00000000000001
P5,Horizontal,Front,1D,DT500,0,500.0,60.0,500.0,-2.9103830456733704e-14,4647,557,5204,0,0,0,0,0,3.604977202229024e-14,8.000000000000062,-8.000000000000062
P5,Horizontal,Front,1D,DT500,1,500.0,60.0,505.0,5.0,5132,572,5705,0,0,0,0,0,3.686323631347656e-14,7.999999999999938,-7.999999999999938
P5,Horizontal,Front,1D,DT500,2,500.0,60.0,512.0,11.99999999999994,5281,558,5839,0,0,0,0,0,3.882274258368693e-14,8.000000000000062,-8.000000000000062
P5,Horizontal,Front,1D,DT500,3,500.0,60.0,491.0,-8.999999999999972,5351,545,5897,0,0,0,0,0,3.711967305827911e-14,7.999999999999941,-7.999999999999941
P5,Horizontal,Front,1D,DT500,4,500.0,60.0,502.0,1.999999999999971,6117,583,6700,0,0,0,0,0,3.5687829726000786e-14,8.000000000000062,-8.000000000000062
P5,Horizontal,Front,1D,DT500,5,500.0,60.0,506.00000000000006,6.000000000000029,5322,529,5852,0,0,0,0,0,3.6726388209881125e-14,7.999999999999938,-7.999999999999938
P5,Horizontal,Front,1D,DT500,6,500.0,60.0,503.0,3.0,7131,521,7653,0,0,0,0,0,3.766273687584647e-14,8.000000000000059,-8.000000000000059
P5,Horizontal,Front,1D,DT500,0,250.0,60.0,246.0,-4.0,5232,537,5770,0,0,0,0,0,1.93245713103208e-14,8.00000000000003,-8.00000000000003
P5,Horizontal,Front,1D,DT500,1,250.0,60.0,264.0,14.0,5916,547,6463,0,0,0,0,0,2.0564890650292463e-14,7.999999999999969,-7.999999999999969
P5,Horizontal,Front,1D,DT500,2,250.0,60.0,238.0,-12.0,2572,508,3081,0,0,0,0,0,1.960197794446137e-14,8.000000000000028,-8.000000000000028
P5,Horizontal,Front,1D,DT500,3,250.0,60.0,247.00000000000003,-2.9999999999999853,3248,544,3793,0,0,0,0,0,1.8146069066213275e-14,7.999999999999967,-7.999999999999967
P5,Horizontal,Front,1D,DT500,4,250.0,60.0,258.0,8.0,2784,513,3298,0,0,0,0,0,1.943526922971948e-14,8.000000000000032,-8.000000000000032
P5,Horizontal,Front,1D,DT500,5,250.0,60.0,253.00000000000003,3.0000000000000147,4112,546,4658,0,0,0,0,0,1.9836523577134613e-14,7.99999999999997,-7.99999999999997
P5,Horizontal,Front,1D,DT500,6,250.0,60.0,266.0,16.0,4293,512,4805,0,0,0,0,0,2.096079840565973e-14,8.00000000000003,-8.00000000000003
P5,Vertical,Right,1D,DT500,0,250.0,40.0,240.0,-9.999999999999986,5161,515,5677,0,0,0,0,3,2.2035947333074742e-14,5.000000000000033,-5.000000000000033
P5,Vertical,Right,1D,DT500,1,250.0,40.0,247.0,-3.0000000000000147,2952,537,3490,0,0,0,0,0,2.071488653398133e-14,4.999999999999972,-4.999999999999972
P5,Vertical,Right,1D,DT500,2,250.0,40.0,249.0,-1.0,3261,562,3824,0,0,0,0,1,2.148097774358017e-14,5.000000000000029,-5.000000000000029
P5,Vertical,Right,1D,DT500,3,250.0,40.0,240.0,-9.999999999999986,2664,535,3200,0,0,0,0,0,2.020348744659172e-14,4.999999999999969,-4.999999999999969
P5,Vertical,Right,1D,DT500,4,250.0,40.0,259.0,8.999999999999972,3973,547,4521,0,0,0,0,1,2.1059135745653604e-14,5.000000000000029,-5.000000000000029
P5,Vertical,Right,1D,DT500,5,250.0,40.0,243.0,-7.0,3049,502,3551,0,0,0,0,0,2.0995784976954388e-14,4.99999999999997,-4.99999999999997
P5,Vertical,Right,1D,DT500,6,250.0,40.0,250.00000000000003,1.4551915228366852e-14,4354,539,4894,0,0,0,0,1,2.1806466029989727e-14,5.00000000000003,-5.00000000000003
P5,Vertical,Right,1D,DT500,0,500.0,60.0,481.0,-19.0,5587,526,6114,0,0,0,0,1,4.03575593260312e-14,1.999999999999942,1.999999999999942
P5,Vertical,Right,1D,DT500,1,500.0,60.0,504.0,4.0,5478,505,5984,0,0,0,0,0,3.5525219078295616e-14,2.0000000000000644,2.0000000000000644
P5,Vertical,Right,1D,DT500,2,500.0,60.0,496.0,-4.000000000000029,6256,551,6808,0,0,0,0,1,3.96221027718078e-14,1.999999999999944,1.999999999999944
P5,Vertical,Right,1D,DT500,3,500.0,60.0,486.0,-14.000000000000028,5452,558,6011,0,0,0,0,1,3.9048210223440694e-14,2.0000000000000693,2.0000000000000693
P5,Vertical,Right,1D,DT500,4,500.0,60.0,481.0,-19.0,6074,563,6638,0,0,0,0,1,3.9495939643336914e-14,1.999999999999946,1.999999999999946
P5,Vertical,Right,1D,DT500,5,500.0,60.0,496.0,-4.000000000000029,6919,545,7465,0,0,0,0,2,3.887170113330384e-14,2.0000000000000733,2.0000000000000733
P5,Vertical,Right,1D,DT500,6,500.0,60.0,472.0,-28.0,6273,525,6799,0,0,0,0,2,4.077392081651845e-14,1.9999999999999447,1.9999999999999447
P5,Vertical,Right,1D,DT500,0,250.0,60.0,243.0,-7.000000000000014,2553,514,3068,0,0,0,0,1,1.9641626261806245e-14,1.999999999999968,1.999999999999968
P5,Vertical,Right,1D,DT500,1,250.0,60.0,262.0,12.0,2852,528,3381,0,0,0,0,0,2.1679560127702756e-14,2.000000000000026,2.000000000000026
P5,Vertical,Right,1D,DT500,2,250.0,60.0,274.0,23.99999999999997,3448,522,3971,0,0,0,0,0,2.1919634771405565e-14,1.999999999999972,1.999999999999972
P5,Vertical,Right,1D,DT500,3,250.0,60.0,238.0,-11.999999999999986,2819,514,3334,0,0,0,0,2,2.42454066399626e-14,2.000000000000026,2.000000000000026
P5,Vertical,Right,1D,DT500,4,250.0,60.0,240.0,-10.000000000000014,2791,551,3342,0,0,0,0,1,1.933362767220997e-14,1.9999999999999707,1.9999999999999707
P5,Vertical,Right,1D,DT500,5,250.0,60.0,256.0,6.0,2958,521,3479,0,0,0,0,0,2.0800836499385545e-14,2.000000000000026,2.000000000000026
P5,Vertical,Right,1D,DT500,6,250.0,60.0,259.0,9.000000000000028,3247,514,3762,0,0,0,0,0,2.243043721189912e-14,1.999999999999976,1.999999999999976
P5,Vertical,Right,1D,DT500,0,100.0,40.0,79.0,-21.000000000000004,2326,521,2847,1,0,0,0,1,7.290479677952548e-15,1.999999999999992,1.999999999999992
P5,Vertical,Right,1D,DT500,1,100.0,40.0,107.0,6.999999999999991,4506,509,5015,0,1,0,0,1,1.127805079637592e-14,2.000000000000022,2.000000000000022
P5,Vertical,Right,1D,DT500,2,100.0,40.0,80.0,-20.000000000000004,1976,510,2487,0,0,0,0,1,8.413600023053199e-15,1.999999999999992,1.999999999999992
P5,Vertical,Right,1D,DT500,3,100.0,40.0,100.0,-9.094947017729284e-15,1463,532,1995,0,0,0,0,0,7.827605235562951e-15,2.0000000000000124,2.0000000000000124
P5,Vertical,Right,1D,DT500,4,100.0,40.0,106.0,6.0,1605,545,2151,0,0,0,0,1,9.695423092274566e-15,1.999999999999989,1.999999999999989
P5,Vertical,Right,1D,DT500,5,100.0,40.0,107.0,6.999999999999991,3779,506,4285,0,1,0,0,2,1.46766258095558e-14,2.00000000000002,2.00000000000002
P5,Vertical,Right,1D,DT500,6,100.0,40.0,79.0,-21.000000000000004,1956,509,2466,0,0,0,0,2,1.1113789052345502e-14,1.9999999999999944,1.9999999999999944
P5,Vertical,Right,1D,DT500,0,500.0,40.0,501.0,1.0,7275,511,7786,0,1,0,0,3,4.3462859637740237e-14,1.9999999999999312,1.9999999999999312
P5,Vertical,Right,1D,DT500,1,500.0,40.0,508.0,8.0,5652,522,6175,0,0,0,0,0,4.171529004549658e-14,2.0000000000000573,2.0000000000000573
P5,Vertical,Right,1D,DT500,2,500.0,40.0,512.0,12.0,5725,514,6239,0,0,0,0,1,4.1441459483131885e-14,1.9999999999999392,1.9999999999999392
P5,Vertical,Right,1D,DT500,3,500.0,40.0,498.0,-2.0000000000000293,4600,542,5143,0,0,0,0,0,4.055664715918586e-14,2.00000000000006,2.00000000000006
P5,Vertical,Right,1D,DT500,4,500.0,40.0,495.0,-5.0,5147,511,5658,0,0,0,0,1,4.235221135535472e-14,1.9999999999999416,1.9999999999999416
P5,Vertical,Right,1D,DT500,5,500.0,40.0,493.0,-7.0,5436,518,5955,0,0,0,0,0,4.013629176399443e-14,2.0000000000000595,2.0000000000000595
P5,Vertical,Right,1D,DT500,6,500.0,40.0,480.0,-20.0,5460,512,5972,0,0,0,0,1,3.8934381497451217e-14,1.99999999999994,1.99999999999994
P5,Vertical,Right,1D,DT500,0,100.0,60.0,92.0,-8.0,1121,509,1631,0,0,0,0,1,6.382696211448131e-15,1.999999999999987,1.999999999999987
P5,Vertical,Right,1D,DT500,1,100.0,60.0,123.0,22.99999999999999,1138,505,1644,0,0,0,0,0,9.03626842736061e-15,2.000000000000015,2.000000000000015
P5,Vertical,Right,1D,DT500,2,100.0,60.0,111.0,11.0,1507,526,2033,0,0,0,0,0,1.2519137585881168e-14,1.999999999999993,1.999999999999993
P5,Vertical,Right,1D,DT500,3,100.0,60.0,94.0,-5.999999999999991,1297,530,1828,0,0,0,0,0,1.0154049336805692e-14,2.00000000000001,2.00000000000001
P5,Vertical,Right,1D,DT500,4,100.0,60.0,113.0,13.0,1175,548,1723,0,0,0,0,0,9.379948723640107e-15,1.999999999999988,1.999999999999988
P5,Vertical,Right,1D,DT500,5,100.0,60.0,118.0,17.99999999999999,1822,505,2328,0,0,0,0,0,1.1165885584218212e-14,2.0000000000000067,2.0000000000000067
P5,Vertical,Right,1D,DT500,6,100.0,60.0,80.0,-20.000000000000004,2809,534,3344,0,0,0,0,1,9.859705997985698e-15,1.9999999999999944,1.9999999999999944
P5,Horizontal,Rear,1D,DT500,0,100.0,60.0,75.0,-25.000000000000004,2030,562,2592,0,0,0,0,0,1.3510376647100678e-14,39.0,-39.0
P5,Horizontal,Rear,1D,DT500,1,100.0,60.0,100.0,0.0,2173,520,2693,0,0,0,0,0,1.0048591735576161e-14,38.99999999999999,-38.99999999999999
P5,Horizontal,Rear,1D,DT500,2,100.0,60.0,95.0,-5.0,4702,524,5227,0,0,0,0,0,1.475552811121985e-14,39.0,-39.0
P5,Horizontal,Rear,1D,DT500,3,100.0,60.0,98.0,-2.0,2272,523,2796,0,0,0,0,0,1.5128610113560432e-14,39.0,-39.0
P5,Horizontal,Rear,1D,DT500,4,100.0,60.0,105.0,4.999999999999991,2857,508,3365,0,0,0,0,0,1.6529497714765276e-14,39.0,-39.0
P5,Horizontal,Rear,1D,DT500,5,100.0,60.0,108.0,7.999999999999991,9076,556,9632,0,1,0,0,1,2.242608231239781e-14,39.0,-39.0
P5,Horizontal,Rear,1D,DT500,6,100.0,60.0,109.0,9.0,2423,501,2925,0,0,0,0,1,1.713893565111923e-14,39.0,-39.0
P5,Horizontal,Rear,1D,DT500,0,100.0,40.0,115.0,15.0,3082,511,3593,0,0,0,0,0,1.7574477124095504e-14,32.0,-32.0
P5,Horizontal,Rear,1D,DT500,1,100.0,40.0,110.0,9.999999999999991,2479,506,2986,0,0,0,0,0,1.59062631278595e-14,32.0,-32.0
P5,Horizontal,Rear,1D,DT500,2,100.0,40.0,111.0,11.0,2809,515,3324,0,0,0,0,0,1.636649329967721e-14,32.0,-32.0
P5,Horizontal,Rear,1D,DT500,3,100.0,40.0,112.0,12.0,1789,557,2347,0,0,0,0,0,1.5908066456829397e-14,32.0,-32.0
P5,Horizontal,Rear,1D,DT500,4,100.0,40.0,113.0,13.0,2162,519,2682,0,0,0,0,0,1.7091048059198634e-14,32.0,-32.0
P5,Horizontal,Rear,1D,DT500,5,100.0,40.0,114.0,14.0,8831,531,9362,0,0,0,0,0,1.6174515820338686e-14,32.0,-32.0
P5,Horizontal,Rear,1D,DT500,6,100.0,40.0,115.0,15.0,7624,572,8196,0,0,0,0,0,1.6807359509427508e-14,32.0,-32.0
P5,Horizontal,Rear,1D,DT500,0,500.0,60.0,523.0,23.0,6671,564,7235,0,0,0,0,0,7.688916247762097e-14,32.0,-32.0
P5,Horizontal,Rear,1D,DT500,1,500.0,60.0,494.00000000000006,-5.999999999999971,7019,560,7579,0,0,0,0,0,7.175566110889681e-14,32.0,-32.0
P5,Horizontal,Rear,1D,DT500,2,500.0,60.0,497.00000000000006,-2.9999999999999707,6070,573,6643,0,0,0,0,0,7.119903942428047e-14,32.0,-32.0
P5,Horizontal,Rear,1D,DT500,3,500.0,60.0,534.0,34.0,5039,522,5561,1,0,0,0,0,7.722194798715222e-14,32.0,-32.0
P5,Horizontal,Rear,1D,DT500,4,500.0,60.0,504.0,4.0,5351,510,5862,0,0,0,0,1,6.46923036511335e-14,32.0,-32.0
P5,Horizontal,Rear,1D,DT500,5,500.0,60.0,483.0,-17.0,5810,546,6356,0,0,0,0,0,7.054669233796629e-14,32.0,-32.0
P5,Horizontal,Rear,1D,DT500,6,500.0,60.0,475.0,-25.0,5082,527,5610,0,0,0,0,0,6.113949753544979e-14,32.00000000000001,-32.00000000000001
P5,Horizontal,Rear,1D,DT500,0,250.0,40.0,252.0,2.0,5575,537,6112,0,1,0,0,1,5.0306718803380206e-14,32.0,-32.0
P5,Horizontal,Rear,1D,DT500,1,250.0,40.0,256.0,5.999999999999971,4151,540,4691,0,0,0,0,0,3.7050887092006345e-14,32.0,-32.0
P5,Horizontal,Rear,1D,DT500,2,250.0,40.0,254.0,4.0,2996,562,3558,0,0,0,0,0,3.710386722674403e-14,32.0,-32.0
P5,Horizontal,Rear,1D,DT500,3,250.0,40.0,247.0,-3.0,4583,542,5126,0,0,0,0,0,3.462301303430782e-14,32.0,-32.0
P5,Horizontal,Rear,1D,DT500,4,250.0,40.0,243.0,-7.0,2767,534,3302,0,0,0,0,0,3.570886245850353e-14,32.0,-32.0
P5,Horizontal,Rear,1D,DT500,5,250.0,40.0,252.0,2.0,3067,540,3607,0,0,0,0,0,3.8034137268406045e-14,32.0,-32.0
P5,Horizontal,Rear,1D,DT500,6,250.0,40.0,267.0,17.0,3070,535,3606,0,0,0,0,0,3.9635471849613794e-14,32.0,-32.0
P5,Horizontal,Rear,1D,DT500,0,500.0,40.0,514.9999999999999,14.99999999999994,8082,554,8637,0,0,0,0,0,7.421367170590647e-14,32.0,-32.0
P5,Horizontal,Rear,1D,DT500,1,500.0,40.0,501.0,1.0,5789,509,6299,0,0,0,0,0,7.08797965032292e-14,32.0,-32.0
P5,Horizontal,Rear,1D,DT500,2,500.0,40.0,514.0,14.0,4776,507,5283,0,0,0,0,0,7.454406163597206e-14,32.0,-32.0
P5,Horizontal,Rear,1D,DT500,3,500.0,40.0,513.0,13.0,5732,545,6277,0,0,0,0,0,7.239635209465128e-14,32.0,-32.0
P5,Horizontal,Rear,1D,DT500,4,500.0,40.0,496.0,-4.0,5311,553,5865,0,0,0,0,0,7.06132014463454e-14,32.0,-32.0
P5,Horizontal,Rear,1D,DT500,5,500.0,40.0,512.0000000000001,12.00000000000006,4925,580,5505,0,0,0,0,0,7.40629701332373e-14,32.0,-32.0
P5,Horizontal,Rear,1D,DT500,6,500.0,40.0,499.0,-1.0,5216,509,5726,0,0,0,0,0,7.10476941719887e-14,32.0,-32.0
P5,Horizontal,Rear,1D,DT500,0,250.0,60.0,251.00000000000003,1.0000000000000149,3083,528,3611,0,0,0,0,0,3.759838749409412e-14,32.0,-32.0
P5,Horizontal,Rear,1D,DT500,1,250.0,60.0,244.0,-6.0,3433,538,3971,0,0,0,0,0,3.638166517589368e-14,32.0,-32.0
P5,Horizontal,Rear,1D,DT500,2,250.0,60.0,240.0,-9.999999999999986,2947,509,3456,0,0,0,0,0,3.1961822350839624e-14,32.0,-32.0
P5,Horizontal,Rear,1D,DT500,3,250.0,60.0,240.0,-9.999999999999986,2900,556,3456,0,0,0,0,0,3.1186501558983634e-14,32.0,-32.0
P5,Horizontal,Rear,1D,DT500,4,250.0,60.0,232.0,-18.0,4176,554,4731,0,0,0,0,0,3.292826341949686e-14,32.0,-32.0
P5,Horizontal,Rear,1D,DT500,5,250.0,60.0,235.0,-15.000000000000014,2470,575,3045,0,0,0,0,0,3.015231654893561e-14,32.0,-32.0
P5,Horizontal,Rear,1D,DT500,6,250.0,60.0,244.0,-6.0,2632,570,3203,0,0,0,0,0,2.9015036757720365e-14,32.00000000000001,-32.00000000000001
P5,Joystick,Rear,2D,DT500,0,250.0,40.0,240.5943037521004,-3.137674293355586,3775,503,4279,0,0,0,1,0,16.95929341715116,36.15498965796289,-36.15498965796289
P5,Joystick,Rear,2D,DT500,1,250.0,40.0,233.7870359653058,-9.94494208015016,4353,500,4854,0,0,0,2,0,6.642766860078775,5.925390527309139,4.452530288628618
P5,Joystick,Rear,2D,DT500,2,250.0,40.0,263.6546465269661,19.922668481510115,8070,503,8574,0,0,2,2,0,26.10941871524525,21.75681020521353,7.939278594510063
P5,Joystick,Rear,2D,DT500,3,250.0,40.0,242.865989022728,-0.8659890227279362,3841,500,4342,0,0,0,0,0,4.105728005725957,12.08108108108108,12.08108108108108
P5,Joystick,Rear,2D,DT500,4,250.0,40.0,256.28541998229537,12.553441936839448,29216,509,29726,0,1,5,8,9,40.74730861501733,34.962187192946274,-4.4428932594130925
P5,Joystick,Rear,2D,DT500,5,250.0,40.0,254.6489410747732,10.916963029317236,4158,504,4662,0,0,2,1,0,6.7460414528410375,6.095118505800802,-2.186506718805039
P5,Joystick,Rear,2D,DT500,6,250.0,40.0,238.80450590330364,-4.9274721421522765,7111,501,7612,0,0,0,1,2,27.96285107381121,59.02977358083589,59.02977358083589
P5,Joystick,Rear,2D,DT500,0,500.0,60.0,484.9186308002148,-2.5453252906970016,15114,506,15621,0,0,1,4,1,29.90031584200564,52.31267455144208,-50.145550319407214
P5,Joystick,Rear,2D,DT500,1,500.0,60.0,464.9415248837243,-22.52243120718756,5186,506,5692,0,0,1,1,0,5.3324346884362175,4.770869460234461,1.22205164856497
P5,Joystick,Rear,2D,DT500,2,500.0,60.0,498.27681526960816,10.8128591786964,6788,509,7297,0,0,1,2,0,34.13988820486416,63.33626098564171,62.92834906227347
P5,Joystick,Rear,2D,DT500,3,500.0,60.0,475.7319780454559,-11.731978045455891,10094,510,10605,0,0,1,2,1,27.13831883339933,25.56164383561644,-13.164383561643836
P5,Joystick,Rear,2D,DT500,4,500.0,60.0,494.64880110210174,7.184845011189884,8817,513,9330,0,0,0,2,0,15.355607807078366,30.3880492540235,-30.232794362395683
P5,Joystick,Rear,2D,DT500,5,500.0,60.0,492.2855619775944,4.8216058866825,6412,500,6913,0,0,0,1,0,7.733147486343394,9.684518504350343,-8.975017434175259
P5,Joystick,Rear,2D,DT500,6,500.0,60.0,487.9618305400675,0.4978744491557671,5334,500,5835,0,0,1,2,0,7.855592855377,8.202955689754834,-4.522527361982532
P5,Joystick,Rear,2D,DT500,0,100.0,40.0,102.97097039073364,5.478179172551237,3117,500,3618,0,0,1,0,0,8.918130037527327,13.547181761909547,12.53976430112576
P5,Joystick,Rear,2D,DT500,1,100.0,40.0,84.66125919972832,-12.831532018454103,4023,504,4527,0,0,0,1,1,15.844040879220136,33.30986111050212,-33.30986111050212
P5,Joystick,Rear,2D,DT500,2,100.0,40.0,110.4484280390159,12.955636820833506,13543,503,14047,0,1,2,2,1,11.35764680277071,12.333819264246833,9.874194970459028
P5,Joystick,Rear,2D,DT500,3,100.0,40.0,98.74639560909117,1.2536043909087788,8124,508,8632,0,0,2,1,1,6.669975868665353,12.424242424242424,11.93939393939394
P5,Joystick,Rear,2D,DT500,4,100.0,40.0,113.91949795195634,16.426706733773916,5174,510,5685,0,0,1,2,1,16.484639633014424,28.34690521417681,-27.85742335461812
P5,Joystick,Rear,2D,DT500,5,100.0,40.0,110.758627641235,13.265836423052518,2547,500,3048,0,0,0,0,0,4.011973022185304,4.078925438939398,-2.949344024946817
P5,Joystick,Rear,2D,DT500,6,100.0,40.0,98.0434982485814,0.5507070303989848,2317,503,2820,0,0,1,1,0,15.677121790130798,21.635456830841843,-19.97807938013274
P5,Joystick,Rear,2D,DT500,0,100.0,60.0,117.11783561043498,19.62504439225258,2023,503,2526,0,0,0,1,0,9.742235289285404,23.88650932668164,-23.88650932668164
P5,Joystick,Rear,2D,DT500,1,100.0,60.0,83.37477191369702,-14.118019304485395,6541,504,7045,0,0,1,1,1,18.20855930865884,28.077099515086505,-26.42083939857811
P5,Joystick,Rear,2D,DT500,2,100.0,60.0,127.26575834871352,29.772967130531136,5862,518,6380,0,0,1,1,2,22.73843117807961,46.77642223079933,46.46897651328258
P5,Joystick,Rear,2D,DT500,3,100.0,60.0,69.74639560909117,-27.746395609091216,3375,504,3880,0,0,0,1,0,12.523835859929845,20.727272727272727,20.47272727272728
P5,Joystick,Rear,2D,DT500,4,100.0,60.0,112.28356716448803,14.790775946305596,3352,504,3856,0,0,0,1,0,8.34122406087723,25.25814921509257,-25.25814921509257
P5,Joystick,Rear,2D,DT500,5,100.0,60.0,107.81927415370754,10.326482935525052,2631,522,3153,0,0,0,0,0,1.0166988297686728,14.007995449175402,-14.007995449175402
P5,Joystick,Rear,2D,DT500,6,100.0,60.0,99.44264704254608,1.9498558243636377,4229,502,4732,0,0,1,1,0,11.520160447817563,13.665192555740758,12.479120699577493
P5,Joystick,Rear,2D,DT500,0,250.0,60.0,255.557599140254,11.825621094798011,3090,502,3592,0,0,0,1,0,7.495343489082017,9.162781887039545,8.416856622277766
P5,Joystick,Rear,2D,DT500,1,250.0,60.0,250.3638387777437,6.631860732287753,6248,504,6753,0,0,1,1,0,20.205876068505244,19.207408610976,3.714254978100192
P5,Joystick,Rear,2D,DT500,2,250.0,60.0,261.5516306107129,17.81965256525693,7072,504,7576,0,0,2,2,3,21.2989996753898,32.20626219683973,31.4793247216056
P5,Joystick,Rear,2D,DT500,3,250.0,60.0,246.865989022728,3.1340109772720863,5764,500,6264,0,0,1,4,1,20.015192165935584,23.34177215189873,16.481012658227847
P5,Joystick,Rear,2D,DT500,4,250.0,60.0,261.08907682881323,17.35709878335731,3213,515,3728,0,0,1,1,0,16.57430698554318,34.37815219219294,34.10544002513718
P5,Joystick,Rear,2D,DT500,5,250.0,60.0,245.59352356695388,1.861545521497906,4368,509,4878,0,0,0,0,0,5.171636437087404,8.329489630621755,-7.877544758404559
P5,Joystick,Rear,2D,DT500,6,250.0,60.0,239.2383571622327,-4.493620883223229,3146,500,3646,0,0,1,1,0,20.82866122447859,23.494018509850108,16.816678131413298
P5,Joystick,Rear,2D,DT500,0,500.0,40.0,481.99384706366936,-5.47010902724246,10047,500,10548,0,2,4,4,2,22.246246568345093,17.309331504540967,8.577104005628126
P5,Joystick,Rear,2D,DT500,1,500.0,40.0,491.2071119264186,3.743155835506819,6753,508,7261,0,0,0,2,0,13.403467860763511,19.989548175090984,-19.989548175090984
P5,Joystick,Rear,2D,DT500,2,500.0,40.0,483.0267472946017,-4.437208796310086,7118,500,7619,0,0,2,3,0,18.57109728752579,26.633325983370952,24.70039648510632
P5,Joystick,Rear,2D,DT500,3,500.0,40.0,476.7319780454559,-10.73197804545589,9449,510,9960,0,0,1,6,0,21.706410955367417,23.93594306049822,21.081850533807827
P5,Joystick,Rear,2D,DT500,4,500.0,40.0,495.3150945688904,7.851138477978527,6016,508,6525,0,0,4,3,1,13.318847300405638,15.327680345945293,12.497565911942564
P5,Joystick,Rear,2D,DT500,5,500.0,40.0,492.2954388981729,4.831482807261006,6835,500,7336,0,0,2,2,0,7.689027560202244,7.658358226978142,-3.794880439391142
P5,Joystick,Rear,2D,DT500,6,500.0,40.0,504.1225747743593,16.658618683447518,5556,500,6057,0,0,0,4,0,24.55617164250404,45.57325284413386,45.5645944420344
P5,Vertical,Center,1D,DT500,0,250.0,60.0,243.0,-7.000000000000014,3113,513,3627,0,0,0,0,1,3.5213544602947426e-14,31.0,-31.0
P5,Vertical,Center,1D,DT500,1,250.0,60.0,229.0,-21.0,3016,546,3563,0,0,0,0,1,3.2540198838615866e-14,31.0,-31.0
P5,Vertical,Center,1D,DT500,2,250.0,60.0,260.0,10.0,2831,514,3346,0,0,0,0,0,3.16892109823098e-14,31.000000000000004,-31.000000000000004
P5,Vertical,Center,1D,DT500,3,250.0,60.0,239.0,-11.0,3273,504,3777,0,0,0,0,0,3.5723657839326763e-14,31.0,-31.0
P5,Vertical,Center,1D,DT500,4,250.0,60.0,238.0,-12.000000000000014,3547,541,4088,0,0,0,0,1,2.8291355805621e-14,31.000000000000007,-31.000000000000007
P5,Vertical,Center,1D,DT500,5,250.0,60.0,238.0,-12.000000000000014,3495,548,4044,0,0,0,0,0,2.895769382276428e-14,31.0,-31.0
P5,Vertical,Center,1D,DT500,6,250.0,60.0,234.0,-15.999999999999986,3757,520,4277,0,0,0,0,1,2.8248806773447456e-14,31.000000000000007,-31.000000000000007
P5,Vertical,Center,1D,DT500,0,500.0,60.0,494.0,-6.0,7812,528,8340,0,0,0,0,1,7.23108355526048e-14,24.0,-24.0
P5,Vertical,Center,1D,DT500,1,500.0,60.0,505.0,5.0,5302,516,5818,0,0,0,0,0,6.964889561105096e-14,24.0,-24.0
P5,Vertical,Center,1D,DT500,2,500.0,60.0,495.0,-5.0,6322,526,6849,0,0,0,0,0,7.366373017219239e-14,24.0,-24.0
P5,Vertical,Center,1D,DT500,3,500.0,60.0,504.0,4.0,6914,510,7425,0,0,0,0,0,6.785442920326908e-14,24.0,-24.0
P5,Vertical,Center,1D,DT500,4,500.0,60.0,484.0,-16.0,9711,528,10240,0,0,0,0,2,5.944674294798818e-14,24.0,-24.0
P5,Vertical,Center,1D,DT500,5,500.0,60.0,508.0,7.999999999999971,6341,534,6875,0,0,0,0,0,7.988721901047759e-14,24.0,-24.0
P5,Vertical,Center,1D,DT500,6,500.0,60.0,486.0,-14.0,7590,514,8104,0,0,0,0,1,6.286389450236229e-14,24.0,-24.0
P5,Vertical,Center,1D,DT500,0,500.0,40.0,488.0,-12.000000000000028,9561,529,10090,0,0,0,0,3,5.94064561448269e-14,24.000000000000004,-24.000000000000004
P5,Vertical,Center,1D,DT500,1,500.0,40.0,511.0,11.0,6702,503,7206,0,0,0,0,0,7.245582644179022e-14,24.0,-24.0
P5,Vertical,Center,1D,DT500,2,500.0,40.0,497.0,-3.0,5780,545,6325,0,0,0,0,1,7.532674637254481e-14,24.0,-24.0
P5,Vertical,Center,1D,DT500,3,500.0,40.0,524.0,24.0,8291,528,8820,1,1,0,0,2,8.211733312912079e-14,24.0,-24.0
P5,Vertical,Center,1D,DT500,4,500.0,40.0,509.0,8.999999999999972,10713,525,11239,0,0,0,0,3,8.370430343089728e-14,24.0,-24.0
P5,Vertical,Center,1D,DT500,5,500.0,40.0,488.0,-12.000000000000028,6360,542,6903,0,0,0,0,0,6.8792486703461e-14,24.0,-24.0
P5,Vertical,Center,1D,DT500,6,500.0,40.0,495.0,-5.0,6022,539,6562,0,0,0,0,0,6.52329756456978e-14,24.000000000000004,-24.000000000000004
P5,Vertical,Center,1D,DT500,0,100.0,40.0,95.0,-4.999999999999991,2215,521,2737,0,0,0,0,1,1.2827074722870244e-14,24.0,-24.0
P5,Vertical,Center,1D,DT500,1,100.0,40.0,120.0,20.00000000000001,1324,545,1869,0,0,0,0,0,1.6031012216284642e-14,24.0,-24.0
P5,Vertical,Center,1D,DT500,2,100.0,40.0,100.0,0.0,3216,546,3763,0,0,0,0,1,1.5220561127203228e-14,24.0,-24.0
P5,Vertical,Center,1D,DT500,3,100.0,40.0,105.0,5.000000000000009,1618,514,2133,0,0,0,0,0,1.4402642805155554e-14,24.0,-24.0
P5,Vertical,Center,1D,DT500,4,100.0,40.0,118.0,17.99999999999999,1921,508,2429,0,0,0,0,0,1.4030364808396443e-14,24.0,-24.0
P5,Vertical,Center,1D,DT500,5,100.0,40.0,110.0,9.999999999999991,2033,503,2537,0,0,0,0,0,1.5402098338922748e-14,24.0,-24.0
P5,Vertical,Center,1D,DT500,6,100.0,40.0,96.0,-4.000000000000009,2103,537,2640,0,0,0,0,1,1.2010364325881775e-14,24.0,-24.0
P5,Vertical,Center,1D,DT500,0,100.0,60.0,128.0,28.0,1183,518,1701,0,0,0,0,0,1.6766673515330035e-14,24.0,-24.0
P5,Vertical,Center,1D,DT500,1,100.0,60.0,86.0,-14.000000000000004,2029,510,2540,0,0,0,0,0,1.144202667995992e-14,24.0,-24.0
P5,Vertical,Center,1D,DT500,2,100.0,60.0,106.0,6.000000000000009,1543,545,2089,0,0,0,0,1,1.0403447322706201e-14,24.000000000000004,-24.000000000000004
P5,Vertical,Center,1D,DT500,3,100.0,60.0,92.0,-8.0,1396,521,1918,0,0,0,0,0,1.3142982894320272e-14,24.0,-24.0
P5,Vertical,Center,1D,DT500,4,100.0,60.0,72.0,-28.0,1504,509,2014,0,0,0,0,1,9.545839659661616e-15,24.000000000000004,-24.000000000000004
P5,Vertical,Center,1D,DT500,5,100.0,60.0,82.0,-18.000000000000004,441,521,962,0,0,0,0,0,1.1045835716421963e-14,24.0,-24.0
P5,Vertical,Center,1D,DT500,6,100.0,60.0,107.0,6.999999999999991,1672,526,2198,0,0,0,0,0,1.0048591735576161e-14,24.000000000000004,-24.000000000000004
P5,Vertical,Center,1D,DT500,0,250.0,40.0,251.0,0.9999999999999856,5519,515,6035,0,0,0,0,1,2.5879956058757182e-14,24.0,-24.0
P5,Vertical,Center,1D,DT500,1,250.0,40.0,241.0,-9.000000000000014,11640,502,12143,0,0,0,0,0,4.3444685959889406e-14,24.0,-24.0
P5,Vertical,Center,1D,DT500,2,250.0,40.0,246.0,-4.000000000000014,3683,532,4216,0,0,0,0,1,3.0428309734534324e-14,24.000000000000004,-24.000000000000004
P5,Vertical,Center,1D,DT500,3,250.0,40.0,255.0,5.0,3353,540,3893,0,0,0,0,0,3.6880642821562434e-14,24.0,-24.0
P5,Vertical,Center,1D,DT500,4,250.0,40.0,232.0,-18.0,5562,536,6098,0,0,0,0,1,3.037589896787885e-14,24.0,-24.0
P5,Vertical,Center,1D,DT500,5,250.0,40.0,241.0,-9.000000000000014,5208,547,5756,0,0,0,0,0,3.0955809421059675e-14,24.0,-24.0
P5,Vertical,Center,1D,DT500,6,250.0,40.0,242.0,-8.0,4546,550,5097,0,0,0,0,2,3.7633877463160586e-14,24.0,-24.0
P5,Vertical,Left,1D,DT500,0,500.0,60.0,502.0,1.999999999999971,6490,510,7001,0,0,0,0,0,3.8272277047748884e-14,8.000000000000064,-8.000000000000064
P5,Vertical,Left,1D,DT500,1,500.0,60.0,491.0,-8.999999999999972,6151,565,6716,0,0,0,0,0,4.382672598541412e-14,7.999999999999939,-7.999999999999939
P5,Vertical,Left,1D,DT500,2,500.0,60.0,510.0,9.999999999999972,5683,502,6185,0,0,0,0,0,4.1655753753600335e-14,8.000000000000062,-8.000000000000062
P5,Vertical,Left,1D,DT500,3,500.0,60.0,523.0,22.999999999999943,5363,540,5903,0,0,0,0,1,4.4722943270606103e-14,7.999999999999945,-7.999999999999945
P5,Vertical,Left,1D,DT500,4,500.0,60.0,519.0,19.000000000000057,5777,545,6323,0,0,0,0,1,4.674334657290767e-14,8.000000000000053,-8.000000000000053
P5,Vertical,Left,1D,DT500,5,500.0,60.0,508.0,8.0,6414,544,6959,0,0,0,0,0,4.652166528188582e-14,7.999999999999935,-7.999999999999935
P5,Vertical,Left,1D,DT500,6,500.0,60.0,500.0,-2.9103830456733704e-14,6371,535,6907,0,0,0,0,1,4.2095394790346174e-14,8.000000000000066,-8.000000000000066
P5,Vertical,Left,1D,DT500,0,250.0,40.0,257.0,7.0,3361,565,3926,0,0,0,0,0,2.090491557026093e-14,1.0000000000000335,-1.0000000000000335
P5,Vertical,Left,1D,DT500,1,250.0,40.0,248.0,-2.0000000000000147,3174,519,3694,0,0,0,0,0,2.2333506388592268e-14,0.9999999999999732,-0.9999999999999732
P5,Vertical,Left,1D,DT500,2,250.0,40.0,234.0,-16.0,3210,555,3765,0,0,0,0,1,2.0836189234790704e-14,1.000000000000028,-1.000000000000028
P5,Vertical,Left,1D,DT500,3,250.0,40.0,264.0,14.0,2129,523,2653,0,0,0,0,0,2.1222179561755006e-14,0.9999999999999668,-0.9999999999999668
P5,Vertical,Left,1D,DT500,4,250.0,40.0,262.0,12.0,3555,526,4081,0,0,0,0,1,2.3548946653436013e-14,1.000000000000027,-1.000000000000027
P5,Vertical,Left,1D,DT500,5,250.0,40.0,259.0,9.000000000000028,2742,532,3274,0,0,0,0,0,2.3110110859471843e-14,0.9999999999999716,-0.9999999999999716
P5,Vertical,Left,1D,DT500,6,250.0,40.0,251.0,0.9999999999999856,3635,535,4171,0,0,0,0,1,2.2133313314785802e-14,1.0000000000000269,-1.0000000000000269
P5,Vertical,Left,1D,DT500,0,100.0,60.0,78.0,-22.0,2238,531,2769,0,0,0,0,1,8.686018246346925e-15,1.000000000000007,-1.000000000000007
P5,Vertical,Left,1D,DT500,1,100.0,60.0,93.0,-7.0,1624,544,2168,0,0,0,0,0,6.039683225594893e-15,0.9999999999999876,-0.9999999999999876
P5,Vertical,Left,1D,DT500,2,100.0,60.0,103.0,3.0,1909,536,2446,0,0,0,0,1,9.669317703101376e-15,1.0000000000000089,-1.0000000000000089
P5,Vertical,Left,1D,DT500,3,100.0,60.0,101.0,1.000000000000009,1327,562,1890,0,0,0,0,1,9.458402182542856e-15,0.99999999999999,-0.99999999999999
P5,Vertical,Left,1D,DT500,4,100.0,60.0,94.0,-6.000000000000009,1537,548,2086,0,0,0,0,1,8.424464194916998e-15,1.0000000000000098,-1.0000000000000098
P5,Vertical,Left,1D,DT500,5,100.0,60.0,107.0,7.0,1766,538,2304,0,0,0,0,0,8.606862898628815e-15,0.9999999999999905,-0.9999999999999905
P5,Vertical,Left,1D,DT500,6,100.0,60.0,116.0,16.0,1606,518,2125,0,0,0,0,0,1.091879484430352e-14,1.0000000000000084,-1.0000000000000084
P5,Vertical,Left,1D,DT500,0,250.0,60.0,239.0,-11.0,3137,562,3700,0,0,0,0,1,2.2833240031736893e-14,1.0000000000000249,-1.0000000000000249
P5,Vertical,Left,1D,DT500,1,250.0,60.0,237.0,-13.0,2555,505,3060,0,0,0,0,0,1.9482059703318868e-14,0.9999999999999696,-0.9999999999999696
P5,Vertical,Left,1D,DT500,2,250.0,60.0,252.0,2.0,2604,504,3108,0,0,0,0,0,2.1523811095809042e-14,1.000000000000027,-1.000000000000027
P5,Vertical,Left,1D,DT500,3,250.0,60.0,234.0,-16.0,3885,512,4397,0,0,0,0,0,2.2796592205329556e-14,0.9999999999999796,-0.9999999999999796
P5,Vertical,Left,1D,DT500,4,250.0,60.0,240.0,-10.0,2884,517,3401,0,0,0,0,1,2.0428220436397183e-14,1.0000000000000289,-1.0000000000000289
P5,Vertical,Left,1D,DT500,5,250.0,60.0,263.0,12.999999999999972,3206,543,3750,0,0,0,0,0,2.17946730665966e-14,0.999999999999974,-0.999999999999974
P5,Vertical,Left,1D,DT500,6,250.0,60.0,236.0,-14.0,3373,501,3874,0,0,0,0,1,2.1876469286748628e-14,1.0000000000000244,-1.0000000000000244
P5,Vertical,Left,1D,DT500,0,500.0,40.0,516.0,16.0,5670,513,6184,0,0,0,0,1,4.035827268734791e-14,1.0000000000000575,-1.0000000000000575
P5,Vertical,Left,1D,DT500,1,500.0,40.0,513.0,13.0,6508,538,7046,0,0,0,0,0,4.3370606237125776e-14,0.9999999999999348,-0.9999999999999348
P5,Vertical,Left,1D,DT500,2,500.0,40.0,500.0,-2.9103830456733704e-14,6356,540,6897,0,0,0,0,1,4.2237363203157457e-14,1.0000000000000553,-1.0000000000000553
P5,Vertical,Left,1D,DT500,3,500.0,40.0,509.0,9.0,4933,514,5448,0,0,0,0,0,4.1778355036950295e-14,0.9999999999999416,-0.9999999999999416
P5,Vertical,Left,1D,DT500,4,500.0,40.0,499.0,-1.0,6172,582,6754,0,0,0,0,1,3.987100620964229e-14,1.0000000000000582,-1.0000000000000582
P5,Vertical,Left,1D,DT500,5,500.0,40.0,496.0,-4.000000000000029,6151,542,6694,0,0,0,0,0,4.147541795833072e-14,0.999999999999942,-0.999999999999942
P5,Vertical,Left,1D,DT500,6,500.0,40.0,480.0,-20.0,7192,555,7748,0,0,0,0,1,4.2998776737681976e-14,1.0000000000000586,-1.0000000000000586
P5,Vertical,Left,1D,DT500,0,100.0,40.0,100.0,0.0,1679,522,2202,0,0,0,0,1,1.1477416389532322e-14,1.0000000000000078,-1.0000000000000078
P5,Vertical,Left,1D,DT500,1,100.0,40.0,108.0,8.0,1724,538,2263,0,0,0,0,0,1.0310452846981256e-14,0.9999999999999896,-0.9999999999999896
P5,Vertical,Left,1D,DT500,2,100.0,40.0,116.0,16.0,1808,501,2310,0,0,0,0,1,1.1890391265973696e-14,1.0000000000000089,-1.0000000000000089
P5,Vertical,Left,1D,DT500,3,100.0,40.0,98.0,-2.0,2517,548,3065,0,1,0,0,1,1.4483116597835636e-14,0.9999999999999848,-0.9999999999999848
P5,Vertical,Left,1D,DT500,4,100.0,40.0,108.0,8.0,2252,508,2760,0,0,0,0,2,1.1637187382786772e-14,1.000000000000005,-1.000000000000005
P5,Vertical,Left,1D,DT500,5,100.0,40.0,99.0,-0.9999999999999908,1298,513,1811,0,0,0,0,0,9.924889872470468e-15,0.999999999999988,-0.999999999999988
P5,Vertical,Left,1D,DT500,6,100.0,40.0,98.0,-2.0,1632,551,2184,0,0,0,0,1,1.0017448283866243e-14,1.0000000000000098,-1.0000000000000098
P5,Horizontal,Center,1D,DT500,0,100.0,60.0,135.99999999999997,35.99999999999998,3407,517,3924,1,0,0,0,0,1.3164599223533047e-14,17.000000000000007,-17.000000000000007
P5,Horizontal,Center,1D,DT500,1,100.0,60.0,77.0,-23.000000000000004,2382,535,2917,0,0,0,0,1,1.39083576773206e-14,17.000000000000004,-17.000000000000004
P5,Horizontal,Center,1D,DT500,2,100.0,60.0,106.0,6.0,2501,549,3050,0,0,0,0,0,1.2064196492650336e-14,17.000000000000004,-17.000000000000004
P5,Horizontal,Center,1D,DT500,3,100.0,60.0,104.0,4.0,1884,509,2393,0,0,0,0,0,1.3148724556417272e-14,17.0,-17.0
P5,Horizontal,Center,1D,DT500,4,100.0,60.0,107.0,6.999999999999991,4625,525,5150,0,0,0,0,1,9.8925212914851e-15,17.0,-17.0
P5,Horizontal,Center,1D,DT500,5,100.0,60.0,110.0,10.0,1768,501,2269,0,0,0,0,0,1.3328596169731147e-14,17.0,-17.0
P5,Horizontal,Center,1D,DT500,6,100.0,60.0,102.0,2.0,1653,564,2218,0,0,0,0,2,1.3442122834233564e-14,17.0,-17.0
P5,Horizontal,Center,1D,DT500,0,500.0,40.0,503.00000000000006,3.0000000000000293,6291,520,6811,0,0,0,0,1,4.5074765259378177e-14,10.000000000000073,-10.000000000000073
P5,Horizontal,Center,1D,DT500,1,500.0,40.0,498.0,-2.0,9663,584,10247,0,1,0,0,2,3.9032298223246325e-14,9.99999999999993,-9.99999999999993
P5,Horizontal,Center,1D,DT500,2,500.0,40.0,500.00000000000006,2.9103830456733704e-14,14782,509,15291,0,2,0,0,2,4.3933237280232215e-14,10.000000000000089,-10.000000000000089
P5,Horizontal,Center,1D,DT500,3,500.0,40.0,515.9999999999999,15.99999999999994,6632,565,7197,0,0,0,0,1,4.321085348762992e-14,9.999999999999936,-9.999999999999936
P5,Horizontal,Center,1D,DT500,4,500.0,40.0,480.0,-19.99999999999997,7801,507,8309,0,0,0,0,0,4.089142117569977e-14,10.00000000000004,-10.00000000000004
P5,Horizontal,Center,1D,DT500,5,500.0,40.0,518.0,17.999999999999943,9013,537,9550,0,1,0,0,3,4.695600313157764e-14,9.999999999999911,-9.999999999999911
P5,Horizontal,Center,1D,DT500,6,500.0,40.0,513.0,13.0,10131,557,10688,0,2,0,0,3,5.052905784638495e-14,10.00000000000006,-10.00000000000006
P5,Horizontal,Center,1D,DT500,0,250.0,40.0,251.0,1.0,6219,574,6794,0,0,0,0,2,2.3804674554293886e-14,10.000000000000009,-10.000000000000009
P5,Horizontal,Center,1D,DT500,1,250.0,40.0,245.0,-5.0,2738,535,3273,0,0,0,0,0,2.142771138443569e-14,9.999999999999975,-9.999999999999975
P5,Horizontal,Center,1D,DT500,2,250.0,40.0,238.0,-12.0,3412,534,3946,0,0,0,0,1,2.1224908497209344e-14,10.000000000000025,-10.000000000000025
P5,Horizontal,Center,1D,DT500,3,250.0,40.0,278.0,27.99999999999997,4658,526,5184,1,0,0,0,0,2.3366858486940928e-14,9.99999999999997,-9.99999999999997
P5,Horizontal,Center,1D,DT500,4,250.0,40.0,257.0,7.0,8117,527,8645,0,0,0,0,3,3.5514686651366287e-14,10.000000000000002,-10.000000000000002
P5,Horizontal,Center,1D,DT500,5,250.0,40.0,275.0,25.00000000000003,3704,531,4236,1,0,0,0,0,2.4383478207220464e-14,9.999999999999975,-9.999999999999975
P5,Horizontal,Center,1D,DT500,6,250.0,40.0,259.0,8.999999999999972,4712,517,5229,0,0,0,0,2,2.7683824638953293e-14,10.000000000000025,-10.000000000000025
P5,Horizontal,Center,1D,DT500,0,500.0,60.0,479.0,-21.00000000000003,4401,509,4911,0,0,0,0,1,3.969771198818249e-14,10.000000000000068,-10.000000000000068
P5,Horizontal,Center,1D,DT500,1,500.0,60.0,490.0,-10.0,4381,551,4933,0,0,0,0,0,3.832518183226614e-14,9.999999999999936,-9.999999999999936
P5,Horizontal,Center,1D,DT500,2,500.0,60.0,491.0,-8.999999999999972,4561,543,5105,0,0,0,0,1,3.854954189892288e-14,10.00000000000007,-10.00000000000007
P5,Horizontal,Center,1D,DT500,3,500.0,60.0,504.0,3.99999999999997,5291,511,5802,0,0,0,0,0,3.881733889195728e-14,9.999999999999936,-9.999999999999936
P5,Horizontal,Center,1D,DT500,4,500.0,60.0,493.0,-7.0,6849,554,7404,0,0,0,0,3,4.0671847331731366e-14,10.000000000000076,-10.000000000000076
P5,Horizontal,Center,1D,DT500,5,500.0,60.0,481.0,-18.99999999999997,5492,547,6040,0,0,0,0,0,3.922483205678536e-14,9.99999999999993,-9.99999999999993
P5,Horizontal,Center,1D,DT500,6,500.0,60.0,514.0000000000001,14.00000000000006,6868,534,7402,0,0,0,0,1,4.206479008442736e-14,10.000000000000068,-10.000000000000068
P5,Horizontal,Center,1D,DT500,0,250.0,60.0,269.0,19.00000000000003,2686,540,3226,0,0,0,0,0,2.1751883321358943e-14,10.00000000000003,-10.00000000000003
P5,Horizontal,Center,1D,DT500,1,250.0,60.0,251.0,1.0,6716,504,7220,0,1,0,0,2,2.9092268733985924e-14,9.99999999999999,-9.99999999999999
P5,Horizontal,Center,1D,DT500,2,250.0,60.0,245.0,-5.0,2719,584,3303,0,0,0,0,1,2.2654515256846208e-14,10.000000000000028,-10.000000000000028
P5,Horizontal,Center,1D,DT500,3,250.0,60.0,240.0,-10.0,2216,565,2781,0,0,0,0,1,2.1535687020881536e-14,9.999999999999966,-9.999999999999966
P5,Horizontal,Center,1D,DT500,4,250.0,60.0,263.0,12.999999999999972,2137,529,2667,0,0,0,0,1,2.1495280915341622e-14,10.000000000000036,-10.000000000000036
P5,Horizontal,Center,1D,DT500,5,250.0,60.0,226.0,-24.0,2299,543,2842,0,0,0,0,1,2.2121534974551252e-14,9.999999999999966,-9.999999999999966
P5,Horizontal,Center,1D,DT500,6,250.0,60.0,245.0,-5.0,1759,538,2297,0,0,0,0,1,1.866096250594625e-14,10.000000000000036,-10.000000000000036
P5,Horizontal,Center,1D,DT500,0,100.0,40.0,104.0,4.000000000000009,3530,522,4053,0,0,0,0,0,1.2224724088028591e-14,10.0,-10.0
P5,Horizontal,Center,1D,DT500,1,100.0,40.0,115.0,14.999999999999991,5499,515,6014,0,3,0,0,4,2.1156106937637963e-14,9.999999999999996,-9.999999999999996
P5,Horizontal,Center,1D,DT500,2,100.0,40.0,90.00000000000001,-9.999999999999991,2780,534,3314,0,0,0,0,1,1.2954054435978436e-14,10.0,-10.0
P5,Horizontal,Center,1D,DT500,3,100.0,40.0,105.0,5.0,1460,552,2012,0,0,0,0,0,1.1405894647613048e-14,9.999999999999998,-9.999999999999998
P5,Horizontal,Center,1D,DT500,4,100.0,40.0,99.0,-1.0,6222,537,6759,0,1,0,0,2,1.1657478382319796e-14,10.000000000000004,-10.000000000000004
P5,Horizontal,Center,1D,DT500,5,100.0,40.0,108.0,8.0,4051,549,4600,0,0,0,0,0,1.2416358554873968e-14,10.0,-10.0
P5,Horizontal,Center,1D,DT500,6,100.0,40.0,95.0,-5.0,2979,508,3487,0,0,0,0,1,1.082311305791965e-14,10.0,-10.0
P4,Vertical,Center,1D,DT500,0,250.0,40.0,247.00000000000003,-2.9999999999999853,8702,519,9222,0,0,0,0,2,2.2925331931578564e-14,2.0000000000000178,-2.0000000000000178
P4,Vertical,Center,1D,DT500,1,250.0,40.0,240.0,-10.000000000000014,5563,507,6071,0,1,0,0,2,2.6744086860244144e-14,1.9999999999999625,-1.9999999999999625
P4,Vertical,Center,1D,DT500,2,250.0,40.0,263.0,13.0,2125,500,2625,0,0,0,0,0,2.003594200294377e-14,2.00000000000003,-2.00000000000003
P4,Vertical,Center,1D,DT500,3,250.0,40.0,262.0,12.0,4035,500,4535,0,0,0,0,0,2.042390400830318e-14,1.9999999999999725,-1.9999999999999725
P4,Vertical,Center,1D,DT500,4,250.0,40.0,260.0,9.999999999999972,5337,500,5837,0,0,0,0,1,2.0679822418655314e-14,2.000000000000032,-2.000000000000032
P4,Vertical,Center,1D,DT500,5,250.0,40.0,262.0,12.0,2267,504,2771,0,0,0,0,1,2.127421229856484e-14,1.9999999999999696,-1.9999999999999696
P4,Vertical,Center,1D,DT500,6,250.0,40.0,252.00000000000003,2.0000000000000147,2398,500,2899,0,0,0,0,1,2.1059071503696827e-14,2.0000000000000293,-2.0000000000000293
P4,Vertical,Center,1D,DT500,0,500.0,60.0,476.0,-23.99999999999997,7210,500,7710,0,0,0,0,1,3.821329413369015e-14,4.99999999999995,4.99999999999995
P4,Vertical,Center,1D,DT500,1,500.0,60.0,487.0,-13.0,5054,517,5571,0,0,0,0,1,3.7264768149661855e-14,5.000000000000067,5.000000000000067
P4,Vertical,Center,1D,DT500,2,500.0,60.0,477.0,-23.0,7461,500,7961,0,1,0,0,3,4.598011597631623e-14,4.999999999999956,4.999999999999956
P4,Vertical,Center,1D,DT500,3,500.0,60.0,507.0,6.999999999999971,11150,518,11668,0,0,0,0,0,4.7013767604997885e-14,5.000000000000034,5.000000000000034
P4,Vertical,Center,1D,DT500,4,500.0,60.0,469.0,-31.0,6586,506,7092,0,1,0,0,1,4.5900640780408296e-14,4.999999999999915,4.999999999999915
P4,Vertical,Center,1D,DT500,5,500.0,60.0,514.0000000000001,14.00000000000006,3711,500,4211,0,0,0,0,0,3.90823110639644e-14,5.000000000000084,5.000000000000084
P4,Vertical,Center,1D,DT500,6,500.0,60.0,499.0,-1.0,7269,500,7770,0,0,0,0,1,4.820167061905357e-14,4.999999999999976,4.999999999999976
P4,Vertical,Center,1D,DT500,0,250.0,60.0,252.0,1.999999999999985,5496,511,6007,0,0,0,0,1,1.8025334887528482e-14,4.99999999999997,4.99999999999997
P4,Vertical,Center,1D,DT500,1,250.0,60.0,244.0,-5.999999999999986,2607,505,3112,0,0,0,0,0,2.3734090173048762e-14,5.000000000000016,5.000000000000016
P4,Vertical,Center,1D,DT500,2,250.0,60.0,261.0,11.0,2528,512,3041,0,0,0,0,1,2.422000056641553e-14,4.999999999999986,4.999999999999986
P4,Vertical,Center,1D,DT500,3,250.0,60.0,269.0,18.99999999999997,2338,505,2843,0,0,0,0,0,2.419828106332703e-14,5.000000000000018,5.000000000000018
P4,Vertical,Center,1D,DT500,4,250.0,60.0,262.0,12.0,2512,503,3015,0,0,0,0,1,2.5161049395488262e-14,4.999999999999985,4.999999999999985
P4,Vertical,Center,1D,DT500,5,250.0,60.0,276.0,26.00000000000003,2292,506,2799,0,0,0,0,0,2.3811126075644722e-14,5.00000000000002,5.00000000000002
P4,Vertical,Center,1D,DT500,6,250.0,60.0,250.00000000000003,1.4551915228366852e-14,5592,526,6119,0,0,0,0,2,2.8884633710752977e-14,5.0,5.0
P4,Vertical,Center,1D,DT500,0,100.0,60.0,111.0,11.0,1551,500,2051,0,0,0,0,1,1.4013577291822884e-14,5.000000000000002,5.000000000000002
P4,Vertical,Center,1D,DT500,1,100.0,60.0,124.0,24.0,850,500,1350,0,0,0,0,0,1.2692414251962672e-14,5.000000000000005,5.000000000000005
P4,Vertical,Center,1D,DT500,2,100.0,60.0,105.0,4.999999999999991,1298,506,1805,0,0,0,0,1,1.3327658543155027e-14,5.000000000000001,5.000000000000001
P4,Vertical,Center,1D,DT500,3,100.0,60.0,129.0,29.0,853,515,1368,0,0,0,0,0,1.1247547585435926e-14,5.000000000000009,5.000000000000009
P4,Vertical,Center,1D,DT500,4,100.0,60.0,83.0,-17.0,4668,509,5177,0,0,0,0,1,1.3059903792733501e-14,5.000000000000002,5.000000000000002
P4,Vertical,Center,1D,DT500,5,100.0,60.0,101.0,0.9999999999999908,544,500,1044,0,0,0,0,0,7.909900792383018e-15,5.000000000000019,5.000000000000019
P4,Vertical,Center,1D,DT500,6,100.0,60.0,81.0,-19.0,3382,500,3882,0,0,0,0,1,8.973132883506079e-15,4.999999999999993,4.999999999999993
P4,Vertical,Center,1D,DT500,0,100.0,40.0,86.0,-14.0,11848,500,12348,0,2,0,0,3,1.2626907324853696e-14,4.9999999999999964,4.9999999999999964
P4,Vertical,Center,1D,DT500,1,100.0,40.0,96.0,-4.0,1218,506,1724,0,0,0,0,1,1.464390482334817e-14,5.000000000000001,5.000000000000001
P4,Vertical,Center,1D,DT500,2,100.0,40.0,100.0,0.0,770,501,1271,0,0,0,0,1,8.669717431121675e-15,4.999999999999989,4.999999999999989
P4,Vertical,Center,1D,DT500,3,100.0,40.0,117.0,17.0,1252,511,1764,0,0,0,0,0,1.5226009985772124e-14,5.0,5.0
P4,Vertical,Center,1D,DT500,4,100.0,40.0,97.0,-3.0,6406,501,6908,0,0,0,0,1,1.2066229548922189e-14,5.000000000000002,5.000000000000002
P4,Vertical,Center,1D,DT500,5,100.0,40.0,81.0,-19.0,1418,500,1918,0,1,0,0,1,9.888454976756878e-15,5.000000000000017,5.000000000000017
P4,Vertical,Center,1D,DT500,6,100.0,40.0,93.0,-6.999999999999991,2019,500,2519,0,0,0,0,2,1.3064044652759428e-14,4.999999999999999,4.999999999999999
P4,Vertical,Center,1D,DT500,0,500.0,40.0,498.0,-2.0000000000000293,11329,500,11829,0,2,0,0,3,4.908150571909032e-14,4.999999999999943,4.999999999999943
P4,Vertical,Center,1D,DT500,1,500.0,40.0,511.0,11.0,6706,500,7207,0,1,0,0,2,4.361295845534215e-14,5.000000000000088,5.000000000000088
P4,Vertical,Center,1D,DT500,2,500.0,40.0,494.00000000000006,-5.999999999999971,9272,500,9773,0,0,0,0,5,5.304040170546512e-14,4.999999999999986,4.999999999999986
P4,Vertical,Center,1D,DT500,3,500.0,40.0,508.0,8.0,6587,500,7088,0,0,0,0,0,3.7858914502979766e-14,5.000000000000076,5.000000000000076
P4,Vertical,Center,1D,DT500,4,500.0,40.0,499.0,-1.0,5296,500,5796,0,0,0,0,1,3.953654694049466e-14,4.999999999999948,4.999999999999948
P4,Vertical,Center,1D,DT500,5,500.0,40.0,509.0,9.0,7237,500,7737,0,0,0,0,0,3.7553329606247446e-14,5.000000000000073,5.000000000000073
P4,Vertical,Center,1D,DT500,6,500.0,40.0,503.0,3.0,5093,500,5593,0,0,0,0,1,3.7267301351853725e-14,4.999999999999933,4.999999999999933
P4,Joystick,Rear,2D,DT500,0,250.0,40.0,259.61580853271084,15.8838304872549,3733,500,4234,0,0,2,2,0,22.79677479113569,25.8669484400171,-23.15155097878721
P4,Joystick,Rear,2D,DT500,1,250.0,40.0,260.83445449046826,17.102476445012318,4535,500,5035,0,0,0,2,1,15.274865046610142,34.24663741715888,-34.24663741715888
P4,Joystick,Rear,2D,DT500,2,250.0,40.0,237.29187395668217,-6.44010408877377,5400,500,5901,0,0,1,1,0,31.13920630477406,45.998250308557886,44.37373429901078
P4,Joystick,Rear,2D,DT500,3,250.0,40.0,242.865989022728,-0.8659890227279362,3701,500,4201,0,1,0,0,1,2.0963908476545536,6.633333333333338,-6.633333333333338
P4,Joystick,Rear,2D,DT500,4,250.0,40.0,242.40340600397616,-1.3285720414797977,3601,500,4101,0,0,0,0,0,4.655558474421778,8.033445803378,8.032659069235836
P4,Joystick,Rear,2D,DT500,5,250.0,40.0,255.4505263983981,11.718548352942136,3434,500,3934,0,0,1,1,1,7.152322061713818,15.476265557096152,15.09797665555007
P4,Joystick,Rear,2D,DT500,6,250.0,40.0,259.0554711251656,15.32349307970969,3484,500,3985,0,0,1,2,0,21.981165900086552,20.82124758918033,-14.01145696945428
P4,Joystick,Rear,2D,DT500,0,100.0,60.0,121.38893555970196,23.89614434151954,1233,500,1733,0,0,1,1,0,10.329976871256484,9.200797265450571,4.219964618177283
P4,Joystick,Rear,2D,DT500,1,100.0,60.0,75.88301737081377,-21.60977384736865,7670,501,8171,0,2,4,5,3,19.81682557988493,19.56313508836302,-12.412538191475525
P4,Joystick,Rear,2D,DT500,2,100.0,60.0,114.953272378528,17.46048116034561,2631,500,3132,0,0,0,0,0,3.591981374065927,16.461706017879237,16.461706017879237
P4,Joystick,Rear,2D,DT500,3,100.0,60.0,105.74639560909117,8.253604390908778,6167,501,6668,0,0,2,2,3,36.76232539384164,40.50943396226416,31.29245283018868
P4,Joystick,Rear,2D,DT500,4,100.0,60.0,109.95040719400632,12.457615975823904,2900,500,3400,0,0,1,2,0,17.832758496709545,16.418803997440673,5.125417624212624
P4,Joystick,Rear,2D,DT500,5,100.0,60.0,108.71993963447107,11.227148416288586,1617,500,2117,0,0,0,0,0,2.193536782940622,14.610399233067492,14.610399233067492
P4,Joystick,Rear,2D,DT500,6,100.0,60.0,97.51361220431224,0.0208209861298004,3134,501,3635,0,0,3,2,2,35.27972859011293,30.0123672259451,-2.4448691659768667
P4,Joystick,Rear,2D,DT500,0,500.0,40.0,475.90093767049234,-11.563018420419512,5185,500,5685,0,0,2,4,0,10.601193236932978,12.69190986047326,10.908581481519365
P4,Joystick,Rear,2D,DT500,1,500.0,40.0,498.3920600286618,10.928103937749976,4834,500,5335,0,0,3,3,0,10.810791905936448,9.806315218003094,-5.055911966946638
P4,Joystick,Rear,2D,DT500,2,500.0,40.0,488.99924979980295,1.5352937088911875,14206,500,14706,0,0,6,5,4,40.28682235882282,36.86881903428479,23.98104302701641
P4,Joystick,Rear,2D,DT500,3,500.0,40.0,485.7319780454559,-1.7319780454559024,13051,500,13552,0,3,6,6,5,27.57707162833689,24.50380228136882,3.952471482889732
P4,Joystick,Rear,2D,DT500,4,500.0,40.0,493.7478322341993,6.28387614328745,8402,500,8902,0,0,0,1,0,27.413027463855723,54.78032671385271,54.78032671385271
P4,Joystick,Rear,2D,DT500,5,500.0,40.0,484.9620260358988,-2.501930055012994,11120,500,11621,0,4,4,6,4,21.05729024801133,21.462317823365964,-15.845914176990954
P4,Joystick,Rear,2D,DT500,6,500.0,40.0,477.40731185878064,-10.056644232131111,32991,500,33491,0,5,8,23,15,23.11197466416754,23.090309837623693,-15.121505910104412
P4,Joystick,Rear,2D,DT500,0,100.0,40.0,106.56331692914804,9.070525710965642,5753,500,6254,0,1,1,2,2,31.357754843845324,37.91825207380053,-36.47651906236907
P4,Joystick,Rear,2D,DT500,1,100.0,40.0,84.78009319802378,-12.71269802015864,3300,500,3800,0,1,1,2,1,8.954440075708085,7.773375011102494,-2.7838937132722874
P4,Joystick,Rear,2D,DT500,2,100.0,40.0,105.60930412938816,8.116512911205765,9936,500,10436,0,2,4,4,6,46.65607373362101,38.55765872444234,-16.08996776717372
P4,Joystick,Rear,2D,DT500,3,100.0,40.0,86.74639560909117,-10.746395609091223,14438,500,14938,0,3,7,6,9,51.43767686184397,38.65032679738562,14.490196078431367
P4,Joystick,Rear,2D,DT500,4,100.0,40.0,104.67739954526104,7.184608327078605,7586,500,8086,0,2,2,3,2,15.250589102420555,18.13598705509856,13.81173606158338
P4,Joystick,Rear,2D,DT500,5,100.0,40.0,102.34645377643132,4.853662558248844,12455,500,12955,0,3,5,10,5,14.726417065595486,12.20304733746647,3.0179633338381104
P4,Joystick,Rear,2D,DT500,6,100.0,40.0,103.51204704398648,6.01925582580405,1717,500,2218,0,0,1,1,0,6.733399170969042,5.935279637910387,0.0186438382650904
P4,Joystick,Rear,2D,DT500,0,500.0,60.0,491.4357610751748,3.971804984262909,5252,500,5752,0,0,2,5,0,16.267796183508374,15.924655505820102,11.253050773920895
P4,Joystick,Rear,2D,DT500,1,500.0,60.0,460.25053598891606,-27.213420101995784,14037,500,14537,0,2,1,6,5,24.05881340098944,42.29321164614456,-40.72540274597214
P4,Joystick,Rear,2D,DT500,2,500.0,60.0,491.3346754437273,3.870719352815522,9071,500,9571,0,0,1,1,0,39.72346388535962,61.90839448848397,59.80469628152402
P4,Joystick,Rear,2D,DT500,3,500.0,60.0,499.7319780454559,12.268021954544125,9102,500,9602,0,0,4,4,1,17.34706795195913,13.064935064935066,3.1038961038961013
P4,Joystick,Rear,2D,DT500,4,500.0,60.0,496.4839402275738,9.019984136661986,8636,500,9136,0,0,1,2,2,72.13775039339654,80.58364012574565,64.87655385947319
P4,Joystick,Rear,2D,DT500,5,500.0,60.0,495.9076667904512,8.443710699539404,5467,500,5967,0,0,1,3,0,24.753049253293387,44.63185809507156,42.41360187861415
P4,Joystick,Rear,2D,DT500,6,500.0,60.0,489.5194770777618,2.055520986850027,7034,500,7535,0,0,4,3,0,16.63066875223811,14.076920556297836,6.282612831633977
P4,Joystick,Rear,2D,DT500,0,250.0,60.0,257.5074549646176,13.77547691916168,3300,500,3800,0,0,1,2,0,22.9651231290858,38.03203726426263,-34.898622220265
P4,Joystick,Rear,2D,DT500,1,250.0,60.0,253.4911647076158,9.759186662159872,6835,500,7335,0,3,1,4,3,19.81996606649805,21.4734161746969,-12.258107377215824
P4,Joystick,Rear,2D,DT500,2,250.0,60.0,224.1425562244862,-19.58942182096973,6201,500,6701,0,0,2,1,1,27.614198815775687,34.18735037454559,30.991162668042023
P4,Joystick,Rear,2D,DT500,3,250.0,60.0,244.865989022728,1.1340109772720677,2534,500,3034,0,0,0,1,1,11.82525698172609,24.43421052631579,-24.43421052631579
P4,Joystick,Rear,2D,DT500,4,250.0,60.0,238.0955043290253,-5.6364737164306655,7068,500,7568,0,0,1,1,0,16.941748072170423,22.77868751109688,20.584134563127435
P4,Joystick,Rear,2D,DT500,5,250.0,60.0,238.5372863835848,-5.194691661871258,2867,501,3369,0,0,1,1,1,17.524936736017963,36.11690305592917,-34.19838426174796
P4,Joystick,Rear,2D,DT500,6,250.0,60.0,225.34602447160103,-18.38595357385489,4716,500,5217,0,1,3,6,1,18.53095944433754,17.200188983331348,6.560009194244465
P4,Vertical,Right,1D,DT500,0,100.0,60.0,72.0,-28.000000000000004,2135,509,2645,0,0,0,0,2,1.3370835979082694e-14,8.999999999999998,-8.999999999999998
P4,Vertical,Right,1D,DT500,1,100.0,60.0,121.0,21.0,350,514,864,0,0,0,0,0,9.435242040770343e-15,8.999999999999988,-8.999999999999988
P4,Vertical,Right,1D,DT500,2,100.0,60.0,124.0,24.0,1017,505,1522,0,0,0,0,0,1.49039778055484e-14,9.0,-9.0
P4,Vertical,Right,1D,DT500,3,100.0,60.0,110.0,10.000000000000009,1032,506,1538,0,0,0,0,1,1.4923463956784334e-14,9.0,-9.0
P4,Vertical,Right,1D,DT500,4,100.0,60.0,76.0,-24.0,3681,517,4199,0,0,0,0,1,1.3823901956444242e-14,9.0,-9.0
P4,Vertical,Right,1D,DT500,5,100.0,60.0,125.0,25.0,605,512,1117,0,0,0,0,0,1.5922367598245276e-14,8.999999999999998,-8.999999999999998
P4,Vertical,Right,1D,DT500,6,100.0,60.0,101.0,1.0,2889,506,3396,0,0,0,0,1,1.181670013426296e-14,9.0,-9.0
P4,Vertical,Right,1D,DT500,0,100.0,40.0,86.0,-13.999999999999996,1163,510,1673,0,0,0,0,1,1.138071138327078e-14,2.0000000000000115,-2.0000000000000115
P4,Vertical,Right,1D,DT500,1,100.0,40.0,96.0,-4.0,7318,500,7818,0,3,0,0,4,8.5312425333432e-15,1.999999999999976,-1.999999999999976
P4,Vertical,Right,1D,DT500,2,100.0,40.0,81.0,-19.000000000000004,1603,510,2114,0,0,0,0,1,7.297295126699599e-15,2.000000000000014,-2.000000000000014
P4,Vertical,Right,1D,DT500,3,100.0,40.0,84.0,-16.0,2312,503,2815,0,1,0,0,2,1.1946272898848931e-14,1.9999999999999745,-1.9999999999999745
P4,Vertical,Right,1D,DT500,4,100.0,40.0,117.0,17.00000000000001,1798,500,2298,0,0,0,0,2,1.1600403649141447e-14,2.0000000000000084,-2.0000000000000084
P4,Vertical,Right,1D,DT500,5,100.0,40.0,87.0,-12.999999999999996,2079,500,2579,0,1,0,0,2,1.2760745571166467e-14,1.999999999999984,-1.999999999999984
P4,Vertical,Right,1D,DT500,6,100.0,40.0,89.0,-10.999999999999996,1666,508,2174,0,0,0,0,1,7.235138695882472e-15,2.000000000000011,-2.000000000000011
P4,Vertical,Right,1D,DT500,0,250.0,40.0,254.0,4.0,4737,515,5252,0,0,0,0,3,1.8490466412495e-14,2.000000000000037,-2.000000000000037
P4,Vertical,Right,1D,DT500,1,250.0,40.0,267.0,16.99999999999997,5865,513,6378,0,2,0,0,2,2.0010309072361964e-14,1.999999999999952,-1.999999999999952
P4,Vertical,Right,1D,DT500,2,250.0,40.0,246.00000000000003,-3.999999999999985,4788,512,5301,0,0,0,0,2,1.96671903795862e-14,2.0000000000000373,-2.0000000000000373
P4,Vertical,Right,1D,DT500,3,250.0,40.0,264.0,13.999999999999972,2220,506,2727,0,0,0,0,0,2.148300589311296e-14,1.9999999999999687,-1.9999999999999687
P4,Vertical,Right,1D,DT500,4,250.0,40.0,247.00000000000003,-2.9999999999999853,3746,511,4257,0,0,0,0,2,2.4577391034600144e-14,2.00000000000003,-2.00000000000003
P4,Vertical,Right,1D,DT500,5,250.0,40.0,247.00000000000003,-2.9999999999999853,9762,526,10289,0,1,0,0,2,2.6952260438464932e-14,1.9999999999999505,-1.9999999999999505
P4,Vertical,Right,1D,DT500,6,250.0,40.0,257.99999999999994,7.999999999999971,4695,500,5195,0,0,0,0,2,1.991883944042485e-14,2.0000000000000373,-2.0000000000000373
P4,Vertical,Right,1D,DT500,0,500.0,40.0,495.0,-5.0,7227,508,7736,0,0,0,0,2,3.9426203909023055e-14,2.000000000000059,-2.000000000000059
P4,Vertical,Right,1D,DT500,1,500.0,40.0,518.0,18.000000000000057,4229,504,4733,0,0,0,0,0,3.893548913787601e-14,1.999999999999939,-1.999999999999939
P4,Vertical,Right,1D,DT500,2,500.0,40.0,499.0,-1.0,6129,500,6630,0,0,0,0,1,3.830077381191624e-14,2.0000000000000653,-2.0000000000000653
P4,Vertical,Right,1D,DT500,3,500.0,40.0,510.0,10.0,4018,507,4525,0,0,0,0,0,3.8009486116614756e-14,1.999999999999936,-1.999999999999936
P4,Vertical,Right,1D,DT500,4,500.0,40.0,502.0,1.999999999999971,4446,500,4946,0,0,0,0,1,3.930233972552293e-14,2.0000000000000635,-2.0000000000000635
P4,Vertical,Right,1D,DT500,5,500.0,40.0,507.0,7.0,12178,502,12681,0,1,0,0,2,4.7753082185490076e-14,1.9999999999999247,-1.9999999999999247
P4,Vertical,Right,1D,DT500,6,500.0,40.0,483.0,-16.99999999999997,6383,500,6883,0,1,0,0,1,4.516690798270883e-14,2.0000000000000635,-2.0000000000000635
P4,Vertical,Right,1D,DT500,0,500.0,60.0,512.0,12.0,4055,501,4557,0,0,0,0,1,3.8220069715570666e-14,2.0000000000000617,-2.0000000000000617
P4,Vertical,Right,1D,DT500,1,500.0,60.0,493.0,-7.0,9306,502,9809,0,0,0,0,1,3.807240223995384e-14,1.9999999999999405,-1.9999999999999405
P4,Vertical,Right,1D,DT500,2,500.0,60.0,497.0,-3.0000000000000293,5470,502,5973,0,0,0,0,1,3.729913955751855e-14,2.0000000000000604,-2.0000000000000604
P4,Vertical,Right,1D,DT500,3,500.0,60.0,512.9999999999999,12.99999999999994,4670,500,5170,0,0,0,0,0,3.7231234207459855e-14,1.9999999999999405,-1.9999999999999405
P4,Vertical,Right,1D,DT500,4,500.0,60.0,510.0,10.0,5507,509,6016,0,0,0,0,2,3.9329977505533704e-14,2.0000000000000573,-2.0000000000000573
P4,Vertical,Right,1D,DT500,5,500.0,60.0,478.0,-22.0,4199,510,4709,0,0,0,0,1,3.8515891984137273e-14,1.9999999999999407,-1.9999999999999407
P4,Vertical,Right,1D,DT500,6,500.0,60.0,531.0,31.0,11128,507,11636,0,0,0,0,0,3.665214274539959e-14,2.000000000000061,-2.000000000000061
P4,Vertical,Right,1D,DT500,0,250.0,60.0,252.00000000000003,2.0000000000000147,3636,514,4150,0,0,0,0,2,1.8906102422686462e-14,2.000000000000033,-2.000000000000033
P4,Vertical,Right,1D,DT500,1,250.0,60.0,256.0,6.0,2420,503,2923,0,0,0,0,0,2.0683675781770867e-14,1.999999999999973,-1.999999999999973
P4,Vertical,Right,1D,DT500,2,250.0,60.0,253.00000000000003,3.0000000000000147,1997,503,2501,0,0,0,0,1,2.0377114570625423e-14,2.00000000000003,-2.00000000000003
P4,Vertical,Right,1D,DT500,3,250.0,60.0,266.0,15.999999999999972,2350,500,2850,0,0,0,0,0,2.006031581472037e-14,1.999999999999968,-1.999999999999968
P4,Vertical,Right,1D,DT500,4,250.0,60.0,249.0,-1.0,3988,504,4493,0,0,0,0,1,2.213987323041329e-14,2.0000000000000275,-2.0000000000000275
P4,Vertical,Right,1D,DT500,5,250.0,60.0,232.0,-18.0,2307,502,2810,0,0,0,0,1,2.055162954023504e-14,1.999999999999972,-1.999999999999972
P4,Vertical,Right,1D,DT500,6,250.0,60.0,278.0,28.0,2907,521,3428,0,0,0,0,0,1.8755849791515548e-14,2.000000000000034,-2.000000000000034
P4,Vertical,Left,1D,DT500,0,100.0,40.0,82.0,-17.999999999999996,2541,500,3041,0,0,0,0,2,1.4314194760528688e-14,3.000000000000004,3.000000000000004
P4,Vertical,Left,1D,DT500,1,100.0,40.0,113.0,13.000000000000009,4045,514,4560,0,3,0,0,2,1.7605337271207836e-14,3.000000000000007,3.000000000000007
P4,Vertical,Left,1D,DT500,2,100.0,40.0,82.0,-17.999999999999996,1603,518,2121,0,0,0,0,1,1.2221993425413072e-14,3.0,3.0
P4,Vertical,Left,1D,DT500,3,100.0,40.0,107.0,7.0,1251,502,1754,0,0,0,0,0,9.720958240934356e-15,3.0000000000000075,3.0000000000000075
P4,Vertical,Left,1D,DT500,4,100.0,40.0,119.0,19.00000000000001,1287,504,1792,0,0,0,0,0,1.0364102780510411e-14,2.999999999999992,2.999999999999992
P4,Vertical,Left,1D,DT500,5,100.0,40.0,115.0,15.000000000000009,2038,515,2553,0,0,0,0,0,1.3810058384169216e-14,2.999999999999999,2.999999999999999
P4,Vertical,Left,1D,DT500,6,100.0,40.0,107.0,7.0,1332,510,1843,0,0,0,0,1,1.1306785047159212e-14,2.9999999999999947,2.9999999999999947
P4,Vertical,Left,1D,DT500,0,100.0,60.0,106.0,6.0,2513,503,3016,0,0,0,0,0,1.3867099427900796e-14,10.0,10.0
P4,Vertical,Left,1D,DT500,1,100.0,60.0,111.0,11.0,1529,511,2041,0,0,0,0,1,1.2543402546411472e-14,10.0,10.0
P4,Vertical,Left,1D,DT500,2,100.0,60.0,104.0,4.000000000000009,862,501,1363,0,0,0,0,1,1.4919737712420682e-14,10.0,10.0
P4,Vertical,Left,1D,DT500,3,100.0,60.0,94.0,-6.0,1384,503,1887,0,0,0,0,0,1.2625075999163582e-14,10.0,10.0
P4,Vertical,Left,1D,DT500,4,100.0,60.0,123.0,23.0,829,503,1333,0,0,0,0,0,1.4192338935722742e-14,9.999999999999998,9.999999999999998
P4,Vertical,Left,1D,DT500,5,100.0,60.0,108.0,8.0,1594,501,2095,0,0,0,0,0,1.3178604512369963e-14,10.0,10.0
P4,Vertical,Left,1D,DT500,6,100.0,60.0,118.0,18.0,931,519,1451,0,0,0,0,0,1.5650452731881535e-14,10.0,10.0
P4,Vertical,Left,1D,DT500,0,250.0,60.0,263.0,12.999999999999972,3303,509,3813,0,0,0,0,1,3.8448410352291073e-14,10.0,10.0
P4,Vertical,Left,1D,DT500,1,250.0,60.0,256.0,5.999999999999971,2093,500,2593,0,0,0,0,0,3.621437911838241e-14,10.0,10.0
P4,Vertical,Left,1D,DT500,2,250.0,60.0,259.0,8.999999999999972,3252,500,3752,0,0,0,0,1,3.6934740168873466e-14,10.0,10.0
P4,Vertical,Left,1D,DT500,3,250.0,60.0,235.0,-15.0,4166,506,4672,0,0,0,0,1,3.114203467886217e-14,10.0,10.0
P4,Vertical,Left,1D,DT500,4,250.0,60.0,259.0,8.999999999999972,3028,500,3528,0,0,0,0,1,3.84726387417534e-14,9.999999999999998,9.999999999999998
P4,Vertical,Left,1D,DT500,5,250.0,60.0,261.0,11.000000000000028,2706,500,3207,0,0,0,0,1,3.2806392443734695e-14,10.0,10.0
P4,Vertical,Left,1D,DT500,6,250.0,60.0,261.0,11.000000000000028,2286,500,2786,0,0,0,0,1,3.719970231243786e-14,10.0,10.0
P4,Vertical,Left,1D,DT500,0,500.0,60.0,524.0,24.0,4224,500,4724,0,0,0,0,0,7.161793440180334e-14,10.0,10.0
P4,Vertical,Left,1D,DT500,1,500.0,60.0,508.0,8.0,5286,500,5786,0,0,0,0,1,6.420121429073364e-14,10.0,10.0
P4,Vertical,Left,1D,DT500,2,500.0,60.0,508.0,8.0,7089,506,7596,0,0,0,0,0,6.888400995354228e-14,10.0,10.0
P4,Vertical,Left,1D,DT500,3,500.0,60.0,500.00000000000006,2.9103830456733704e-14,5498,519,6017,0,0,0,0,0,6.405683046131327e-14,10.0,10.0
P4,Vertical,Left,1D,DT500,4,500.0,60.0,499.0,-1.000000000000029,4134,500,4634,0,0,0,0,1,7.250951884715363e-14,10.0,10.0
P4,Vertical,Left,1D,DT500,5,500.0,60.0,509.0,9.000000000000028,6523,510,7034,0,0,0,0,0,6.869223356413607e-14,10.0,10.0
P4,Vertical,Left,1D,DT500,6,500.0,60.0,527.0,27.0,5723,505,6228,0,0,0,0,0,6.88907301584841e-14,10.0,10.0
P4,Vertical,Left,1D,DT500,0,250.0,40.0,255.0,5.0,3571,500,4071,0,1,0,0,1,4.6651147965009636e-14,10.0,10.0
P4,Vertical,Left,1D,DT500,1,250.0,40.0,237.0,-12.999999999999986,2999,513,3513,0,1,0,0,1,4.331019941570629e-14,10.0,10.0
P4,Vertical,Left,1D,DT500,2,250.0,40.0,254.0,4.000000000000014,3369,510,3880,0,1,0,0,1,4.51088065296022e-14,9.999999999999998,9.999999999999998
P4,Vertical,Left,1D,DT500,3,250.0,40.0,238.0,-12.0,3831,512,4343,0,1,0,0,2,4.3061477347664034e-14,10.0,10.0
P4,Vertical,Left,1D,DT500,4,250.0,40.0,239.0,-11.000000000000014,4298,500,4799,0,0,0,0,1,3.4751651376649657e-14,9.999999999999998,9.999999999999998
P4,Vertical,Left,1D,DT500,5,250.0,40.0,255.0,5.0,2604,502,3107,0,0,0,0,0,3.3785179973607103e-14,10.000000000000002,10.000000000000002
P4,Vertical,Left,1D,DT500,6,250.0,40.0,267.0,17.00000000000003,2297,501,2799,0,0,0,0,1,3.7679962520549164e-14,10.0,10.0
P4,Vertical,Left,1D,DT500,0,500.0,40.0,489.0,-10.999999999999972,5754,511,6265,0,1,0,0,1,9.33500059291769e-14,9.999999999999998,9.999999999999998
P4,Vertical,Left,1D,DT500,1,500.0,40.0,498.0,-2.0,4656,512,5168,0,0,0,0,0,7.53780749368671e-14,10.000000000000002,10.000000000000002
P4,Vertical,Left,1D,DT500,2,500.0,40.0,493.0,-7.0,5605,507,6112,0,0,0,0,1,7.207973318500595e-14,10.0,10.0
P4,Vertical,Left,1D,DT500,3,500.0,40.0,494.0,-6.000000000000029,6147,505,6652,0,0,0,0,1,6.799112039316533e-14,10.000000000000002,10.000000000000002
P4,Vertical,Left,1D,DT500,4,500.0,40.0,505.0,5.0,7535,507,8043,0,1,0,0,3,8.162732115866205e-14,9.999999999999998,9.999999999999998
P4,Vertical,Left,1D,DT500,5,500.0,40.0,511.0,11.0,8110,503,8614,0,0,0,0,0,7.178961262169741e-14,10.0,10.0
P4,Vertical,Left,1D,DT500,6,500.0,40.0,493.0,-7.0,5483,510,5993,0,0,0,0,1,7.381848205146164e-14,10.0,10.0
P4,Horizontal,Front,1D,DT500,0,250.0,40.0,259.0,8.999999999999972,3632,500,4133,0,0,0,0,0,3.6049525225779254e-14,17.0,-17.0
P4,Horizontal,Front,1D,DT500,1,250.0,40.0,267.0,16.99999999999997,2851,500,3352,0,0,0,0,0,3.759838749409412e-14,17.0,-17.0
P4,Horizontal,Front,1D,DT500,2,250.0,40.0,263.0,13.0,3152,500,3652,0,0,0,0,0,3.569579661239012e-14,17.0,-17.0
P4,Horizontal,Front,1D,DT500,3,250.0,40.0,263.0,13.0,2883,500,3383,0,0,0,0,0,3.6810043089544884e-14,17.0,-17.0
P4,Horizontal,Front,1D,DT500,4,250.0,40.0,262.0,12.000000000000028,8369,500,8869,0,0,0,0,0,3.615927439534679e-14,17.0,-17.0
P4,Horizontal,Front,1D,DT500,5,250.0,40.0,266.0,15.999999999999972,2986,500,3486,0,0,0,0,0,3.707427896593261e-14,17.0,-17.0
P4,Horizontal,Front,1D,DT500,6,250.0,40.0,258.0,8.0,8025,500,8525,0,0,0,0,0,3.4918155691254346e-14,17.0,-17.0
P4,Horizontal,Front,1D,DT500,0,100.0,60.0,110.0,10.0,3902,500,4402,0,0,0,0,0,1.3938621578708276e-14,10.000000000000002,-10.000000000000002
P4,Horizontal,Front,1D,DT500,1,100.0,60.0,114.0,14.0,3949,500,4449,0,0,0,0,0,1.5480738641982815e-14,10.0,-10.0
P4,Horizontal,Front,1D,DT500,2,100.0,60.0,122.0,22.00000000000001,3607,507,4115,0,0,0,0,0,1.6516732241910788e-14,10.0,-10.0
P4,Horizontal,Front,1D,DT500,3,100.0,60.0,116.0,15.999999999999991,1482,500,1983,0,0,0,0,0,1.4855912263944144e-14,10.0,-10.0
P4,Horizontal,Front,1D,DT500,4,100.0,60.0,132.0,32.0,4651,519,5171,0,0,0,0,0,1.7017472506798473e-14,10.0,-10.0
P4,Horizontal,Front,1D,DT500,5,100.0,60.0,115.0,14.999999999999991,1266,500,1767,0,0,0,0,1,1.3947040960209011e-14,10.000000000000002,-10.000000000000002
P4,Horizontal,Front,1D,DT500,6,100.0,60.0,127.0,27.0,2599,503,3102,0,0,0,0,0,1.7059990341260263e-14,10.0,-10.0
P4,Horizontal,Front,1D,DT500,0,500.0,60.0,506.0,5.999999999999971,4649,500,5149,0,0,0,0,0,7.12341187322441e-14,10.000000000000002,-10.000000000000002
P4,Horizontal,Front,1D,DT500,1,500.0,60.0,504.0,3.99999999999997,5653,500,6153,0,0,0,0,0,7.133059814036591e-14,10.0,-10.0
P4,Horizontal,Front,1D,DT500,2,500.0,60.0,508.0,8.0,9256,500,9757,0,0,0,0,0,7.150615596181456e-14,10.0,-10.0
P4,Horizontal,Front,1D,DT500,3,500.0,60.0,514.0000000000001,14.00000000000006,4950,500,5450,0,0,0,0,0,7.215679689173339e-14,10.0,-10.0
P4,Horizontal,Front,1D,DT500,4,500.0,60.0,502.0,2.0,5755,500,6256,0,0,0,0,0,6.950029657063164e-14,10.0,-10.0
P4,Horizontal,Front,1D,DT500,5,500.0,60.0,515.9999999999999,15.99999999999994,5799,500,6299,0,0,0,0,0,7.173295411762042e-14,10.0,-10.0
P4,Horizontal,Front,1D,DT500,6,500.0,60.0,514.0000000000001,14.00000000000006,6333,500,6833,0,0,0,0,0,7.135714531955589e-14,10.0,-10.0
P4,Horizontal,Front,1D,DT500,0,100.0,40.0,114.0,14.0,3568,500,4068,0,0,0,0,0,1.5975296676089847e-14,10.0,-10.0
P4,Horizontal,Front,1D,DT500,1,100.0,40.0,102.0,2.0,1384,500,1884,0,0,0,0,0,1.3464754418510348e-14,10.0,-10.0
P4,Horizontal,Front,1D,DT500,2,100.0,40.0,107.0,7.0,9773,500,10274,0,3,0,0,3,2.3384962433784584e-14,10.0,-10.0
P4,Horizontal,Front,1D,DT500,3,100.0,40.0,106.0,6.0,1583,500,2083,0,0,0,0,0,1.4490701502835668e-14,10.0,-10.0
P4,Horizontal,Front,1D,DT500,4,100.0,40.0,101.0,1.0,5906,500,6407,0,1,0,0,1,2.367375309191633e-14,10.0,-10.0
P4,Horizontal,Front,1D,DT500,5,100.0,40.0,120.0,19.99999999999999,1133,500,1633,0,0,0,0,0,1.680997967488963e-14,10.0,-10.0
P4,Horizontal,Front,1D,DT500,6,100.0,40.0,110.0,10.0,3225,500,3725,0,0,0,0,1,1.4073548551043119e-14,9.999999999999998,-9.999999999999998
P4,Horizontal,Front,1D,DT500,0,500.0,40.0,501.0,1.0,7033,500,7534,0,0,0,0,0,7.08461102324929e-14,10.0,-10.0
P4,Horizontal,Front,1D,DT500,1,500.0,40.0,507.0,7.0,5769,500,6270,0,0,0,0,0,7.013237997449263e-14,10.0,-10.0
P4,Horizontal,Front,1D,DT500,2,500.0,40.0,481.0,-18.99999999999997,8452,500,8952,0,1,0,0,1,8.039907673375978e-14,10.0,-10.0
P4,Horizontal,Front,1D,DT500,3,500.0,40.0,519.0,19.0,4518,500,5018,0,0,0,0,0,7.319580901016527e-14,9.999999999999998,-9.999999999999998
P4,Horizontal,Front,1D,DT500,4,500.0,40.0,511.0,11.0,5619,500,6119,0,0,0,0,0,7.090322362007255e-14,10.0,-10.0
P4,Horizontal,Front,1D,DT500,5,500.0,40.0,515.0000000000001,15.00000000000006,5021,500,5521,0,0,0,0,0,7.254681875089653e-14,10.0,-10.0
P4,Horizontal,Front,1D,DT500,6,500.0,40.0,488.0,-11.999999999999972,12840,500,13340,0,3,0,0,3,1.0526443395182853e-13,10.0,-10.0
P4,Horizontal,Front,1D,DT500,0,250.0,60.0,257.0,7.0,2717,500,3217,0,0,0,0,0,3.401347088282752e-14,10.0,-10.0
P4,Horizontal,Front,1D,DT500,1,250.0,60.0,253.0,3.0,2583,500,3083,0,0,0,0,0,3.557322385152477e-14,10.0,-10.0
P4,Horizontal,Front,1D,DT500,2,250.0,60.0,243.0,-7.000000000000014,4190,505,4695,0,0,0,0,1,3.806017968061402e-14,10.0,-10.0
P4,Horizontal,Front,1D,DT500,3,250.0,60.0,269.0,19.00000000000003,1897,500,2397,0,0,0,0,0,3.6255453767868105e-14,9.999999999999998,-9.999999999999998
P4,Horizontal,Front,1D,DT500,4,250.0,60.0,251.0,1.0,5169,500,5669,0,0,0,0,0,3.452650941895359e-14,10.0,-10.0
P4,Horizontal,Front,1D,DT500,5,250.0,60.0,280.0,29.99999999999997,4550,500,5050,0,0,0,0,0,3.920077860668753e-14,10.0,-10.0
P4,Horizontal,Front,1D,DT500,6,250.0,60.0,254.0,4.000000000000014,3326,500,3826,0,0,0,0,0,3.3176230321189956e-14,10.0,-10.0
P4,Joystick,Center,2D,DT500,0,250.0,40.0,261.65050853343104,17.918530487975122,12820,500,13321,0,1,0,8,6,21.70001563610588,35.867188464350306,-35.799316582460406
P4,Joystick,Center,2D,DT500,1,250.0,40.0,254.2828731106623,10.550895065206356,11202,500,11702,0,2,0,4,4,14.54687977921031,24.529253800092818,-24.09579402337868
P4,Joystick,Center,2D,DT500,2,250.0,40.0,247.3044013460533,3.57242330059736,6234,500,6734,0,1,3,2,2,19.29737015282852,17.077130241850316,7.381658777262051
P4,Joystick,Center,2D,DT500,3,250.0,40.0,250.865989022728,7.134010977272049,3334,500,3834,0,0,1,2,0,18.634057679154644,28.850931677018632,-27.77018633540373
P4,Joystick,Center,2D,DT500,4,250.0,40.0,229.65477062123043,-14.077207424225492,6733,500,7234,0,1,1,3,2,46.99003922014225,50.41602677011491,48.09151750561415
P4,Joystick,Center,2D,DT500,5,250.0,40.0,251.83829850611963,8.106320460663664,22239,500,22740,0,6,5,8,8,29.30137568921738,22.246578479933,-4.554180065028273
P4,Joystick,Center,2D,DT500,6,250.0,40.0,257.99569903662723,14.263720991171288,3000,500,3501,0,0,2,2,0,11.373105418219028,11.796416247187892,-8.707243180638951
P4,Joystick,Center,2D,DT500,0,500.0,60.0,496.5857541512833,9.121798060371502,4917,500,5418,0,0,1,2,0,13.06157861486552,15.868485064631647,13.03278768927768
P4,Joystick,Center,2D,DT500,1,500.0,60.0,493.6911942132752,6.227238122363279,5901,500,6402,0,0,0,2,0,9.649961272149136,17.72796437405461,-17.6505771366913
P4,Joystick,Center,2D,DT500,2,500.0,60.0,513.0929995054971,25.629043414585304,5167,500,5668,0,0,0,1,0,13.935327808104535,27.0367172217596,-27.0367172217596
P4,Joystick,Center,2D,DT500,3,500.0,60.0,487.7319780454559,0.2680219545441313,9969,500,10469,0,0,2,4,3,53.68823387833368,58.57858769931663,56.902050113895214
P4,Joystick,Center,2D,DT500,4,500.0,60.0,512.336164563477,24.87220847256517,8454,501,8956,0,0,1,2,0,41.51433115838449,70.23374066833559,69.76092901754132
P4,Joystick,Center,2D,DT500,5,500.0,60.0,495.1455891491401,7.681633058228275,5381,500,5881,0,0,1,1,0,15.562183174598308,20.964976814560515,18.44212940631237
P4,Joystick,Center,2D,DT500,6,500.0,60.0,495.5067213084525,8.042765217540692,4883,500,5384,0,0,0,2,0,6.311396295713325,23.68036330465968,-23.68036330465968
P4,Joystick,Center,2D,DT500,0,500.0,40.0,471.7466934926953,-15.71726259821654,8635,500,9135,0,0,0,3,1,58.73179610232972,91.22094911277796,-91.22094911277796
P4,Joystick,Center,2D,DT500,1,500.0,40.0,490.7419638051692,3.2780077142574022,8935,501,9436,0,0,4,2,1,8.912511087091975,10.737339582105273,-9.688428426292486
P4,Joystick,Center,2D,DT500,2,500.0,40.0,501.7146837928814,14.250727701969604,8985,500,9485,0,0,1,1,0,31.42434114296804,38.02990281142262,33.23064422273788
P4,Joystick,Center,2D,DT500,3,500.0,40.0,503.731978045456,16.26802195454416,5434,500,5934,0,0,0,0,0,5.326905917605857e-14,7.0,7.0
P4,Joystick,Center,2D,DT500,4,500.0,40.0,486.43821144853536,-1.0257446423764849,25173,500,25674,0,6,7,10,11,46.22996227947471,40.6674851657298,20.72287663390573
P4,Joystick,Center,2D,DT500,5,500.0,40.0,479.3506178191702,-8.113338271741602,8502,500,9002,0,1,2,2,1,13.89636386765084,14.341905993298244,-9.023999034932585
P4,Joystick,Center,2D,DT500,6,500.0,40.0,494.680660762854,7.216704671942235,4867,500,5368,0,0,3,3,0,13.3333062550863,13.515545492379834,-8.487671691186081
P4,Joystick,Center,2D,DT500,0,100.0,40.0,82.8896935215848,-14.603097696597604,7853,500,8353,0,1,1,3,4,21.648999275875774,21.38998962315236,-10.50128198109118
P4,Joystick,Center,2D,DT500,1,100.0,40.0,95.11212107129596,-2.380670146886473,6734,500,7234,0,0,1,6,5,22.878918254163256,28.338450551132585,-27.162799237759963
P4,Joystick,Center,2D,DT500,2,100.0,40.0,92.92707152597708,-4.565719692205314,5300,500,5801,0,1,1,2,2,30.750359982778683,28.48268613248634,-13.04547785785173
P4,Joystick,Center,2D,DT500,3,100.0,40.0,103.74639560909117,6.253604390908777,1050,500,1550,0,0,0,0,1,1.213163358815431e-14,13.0,-13.0
P4,Joystick,Center,2D,DT500,4,100.0,40.0,108.01339822608968,10.520607007907245,17738,500,18238,0,4,6,11,12,22.1787570309783,19.11254648289575,-8.054889431373129
P4,Joystick,Center,2D,DT500,5,100.0,40.0,97.18043983979526,-0.3123513783872289,10419,500,10919,0,1,3,6,4,32.538486897166806,33.783485275133195,-23.99036614087902
P4,Joystick,Center,2D,DT500,6,100.0,40.0,98.29803077765112,0.8052395594686909,15604,500,16104,0,3,7,7,8,26.302277832049302,21.716124138829656,-11.746508425794408
P4,Joystick,Center,2D,DT500,0,250.0,60.0,254.29612710388903,10.564149058433124,2317,500,2817,0,0,2,3,0,24.31324214375268,35.42644005762526,-33.551667038855456
P4,Joystick,Center,2D,DT500,1,250.0,60.0,265.060295264027,21.32831721857103,8769,500,9269,0,0,1,3,2,36.010092070869945,35.03749781662888,-19.130488212966057
P4,Joystick,Center,2D,DT500,2,250.0,60.0,247.5013440106145,3.7693659651585705,8436,500,8936,0,0,2,2,1,43.56996652584952,43.672189720601565,32.275109379759115
P4,Joystick,Center,2D,DT500,3,250.0,60.0,218.865989022728,-24.865989022727938,3534,500,4034,0,0,1,1,1,13.576081463426744,21.53757225433526,-20.19653179190752
P4,Joystick,Center,2D,DT500,4,250.0,60.0,217.5746943787161,-26.15728366673989,4868,500,5368,0,0,1,1,0,10.519859705786764,9.355528511380797,-1.315763723035016
P4,Joystick,Center,2D,DT500,5,250.0,60.0,270.137105964103,26.40512791864701,3717,500,4218,0,0,3,3,0,12.220303727960465,10.646000900441424,-3.074074115696746
P4,Joystick,Center,2D,DT500,6,250.0,60.0,261.2806804647288,17.548702419272853,7203,500,7704,0,1,0,3,2,14.223374225546406,22.43273206416296,-22.29815734963787
P4,Joystick,Center,2D,DT500,0,100.0,60.0,116.5991401751494,19.106348956966983,2066,501,2567,0,0,1,1,0,25.33336616263708,30.54527752114661,-24.694408065361404
P4,Joystick,Center,2D,DT500,1,100.0,60.0,118.54731170417992,21.054520485997507,1799,500,2299,0,0,1,1,0,10.464048678743422,7.033995440439374,1.4156198476659771
P4,Joystick,Center,2D,DT500,2,100.0,60.0,114.48618724974315,16.99339603156076,2801,500,3301,0,0,1,0,0,10.763291119973294,12.02427583954221,-8.76638829538194
P4,Joystick,Center,2D,DT500,3,100.0,60.0,100.74639560909117,3.253604390908771,4901,500,5401,0,0,2,2,4,41.369791035957086,41.65217391304348,-29.336956521739136
P4,Joystick,Center,2D,DT500,4,100.0,60.0,80.01469486833746,-17.478096349844975,4468,500,4968,0,0,0,1,2,23.995952170915803,46.88084101265835,-46.88084101265835
P4,Joystick,Center,2D,DT500,5,100.0,60.0,77.62477585751607,-19.86801536066642,3651,500,4151,0,0,1,1,1,15.937594281458235,21.060130392324268,-17.742628950024528
P4,Joystick,Center,2D,DT500,6,100.0,60.0,103.90425633065593,6.4114651124735,6301,500,6801,0,2,2,3,2,12.704579594868978,18.244424967302752,-15.691289882785505
P4,Joystick,Front,2D,DT500,0,250.0,40.0,228.39729435676264,-15.33468368869326,4150,500,4651,0,1,3,4,1,14.142282783158496,14.36180021358578,-11.236661244411874
P4,Joystick,Front,2D,DT500,1,250.0,40.0,251.7494062209136,8.017428175457631,2917,501,3418,0,0,1,2,0,6.799460992988448,8.84861057757121,-7.6250284813658356
P4,Joystick,Front,2D,DT500,2,250.0,40.0,256.5464997527486,12.814521707292649,5316,500,5817,0,1,3,4,1,23.009060521744995,20.699384038769924,6.820523900561832
P4,Joystick,Front,2D,DT500,3,250.0,40.0,253.865989022728,10.134010977272084,5651,500,6151,0,0,1,1,2,9.989378045192742,18.61428571428572,17.68095238095238
P4,Joystick,Front,2D,DT500,4,250.0,40.0,248.60831823684856,4.876340191392607,3604,500,4104,0,0,1,2,0,24.137423389283,25.369740946943622,17.48674491243701
P4,Joystick,Front,2D,DT500,5,250.0,40.0,238.9033543476956,-4.82862369776042,13566,500,14067,0,4,4,5,4,15.008774967125076,14.51595666760534,-7.477901799678925
P4,Joystick,Front,2D,DT500,6,250.0,40.0,249.9417432101029,6.209765164647026,5284,500,5784,0,0,0,2,1,10.93547908560567,22.540851783128726,-22.540851783128726
P4,Joystick,Front,2D,DT500,0,500.0,40.0,482.47090052669535,-4.993055564216467,5318,500,5818,0,0,1,3,1,29.819504717861097,29.28834758392441,-21.24175863430835
P4,Joystick,Front,2D,DT500,1,500.0,40.0,494.1563423345246,6.692386243612756,5051,500,5552,0,0,2,0,0,6.3759565602418125,5.315724300735766,0.5146295044850646
P4,Joystick,Front,2D,DT500,2,500.0,40.0,481.8579016359182,-5.606054454993575,6817,500,7318,0,1,4,3,1,20.49043367798921,19.86229218063301,-11.161718919612682
P4,Joystick,Front,2D,DT500,3,500.0,40.0,470.73197804545583,-16.73197804545593,10869,500,11369,0,1,4,5,1,15.173362152242792,13.445482866043614,2.080996884735155
P4,Joystick,Front,2D,DT500,4,500.0,40.0,486.1393989415297,-1.3245571493821606,4934,500,5434,0,0,1,3,0,14.1213766782609,12.608759474402316,-7.322894788365355
P4,Joystick,Front,2D,DT500,5,500.0,40.0,485.268832476539,-2.1951236143728647,9436,500,9936,0,0,1,5,3,22.32800412912645,32.15066208317299,-29.862312928074644
P4,Joystick,Front,2D,DT500,6,500.0,40.0,497.12839103637344,9.66443494546164,7485,500,7985,0,1,0,1,1,7.470095915673841,7.255719282282973,-6.751527211086816
P4,Joystick,Front,2D,DT500,0,500.0,60.0,491.3829284939316,3.918972403019715,4985,500,5485,0,0,1,3,0,28.99954333625972,33.37889254288949,-30.46701854463851
P4,Joystick,Front,2D,DT500,1,500.0,60.0,471.9780082259365,-15.485947864975335,9252,500,9752,0,0,1,2,1,39.24006553370054,36.69866938399997,17.82948277881091
P4,Joystick,Front,2D,DT500,2,500.0,60.0,491.97003319429126,4.506077103379484,9834,500,10335,0,0,1,3,0,25.372215035576765,48.70377937921808,48.57974205889944
P4,Joystick,Front,2D,DT500,3,500.0,60.0,475.7319780454559,-11.73197804545586,10589,500,11089,0,0,3,3,5,46.00212368749654,38.85806451612903,-5.929032258064516
P4,Joystick,Front,2D,DT500,4,500.0,60.0,478.595102754752,-8.868853336159797,8466,500,8966,0,0,2,3,0,33.618207268996905,47.79281901120388,44.21780256654328
P4,Joystick,Front,2D,DT500,5,500.0,60.0,498.7084324385263,11.24447634761447,10286,500,10787,0,0,0,2,2,46.44762525571028,90.06081728465374,-90.06081728465374
P4,Joystick,Front,2D,DT500,6,500.0,60.0,485.1747235611219,-2.289232529789914,8102,500,8603,0,0,3,4,1,28.397823889684105,21.555096096324952,-1.284617427349409
P4,Joystick,Front,2D,DT500,0,250.0,60.0,262.06353880623027,18.331560760774337,2750,500,3251,0,0,1,2,0,22.524880360746675,21.33497007802195,5.904653714222942
P4,Joystick,Front,2D,DT500,1,250.0,60.0,252.0562126615537,8.32423461609776,2751,500,3251,0,0,1,1,0,7.6521156106138335,7.387040882597884,-3.372998067812268
P4,Joystick,Front,2D,DT500,2,250.0,60.0,267.72560712736066,23.9936290819047,3383,500,3883,0,0,3,2,0,23.78794975664897,21.52166073377764,-15.384153546817974
P4,Joystick,Front,2D,DT500,3,250.0,60.0,230.865989022728,-12.865989022727945,5934,500,6434,0,0,2,3,1,23.67636077866066,30.27272727272728,-28.323636363636364
P4,Joystick,Front,2D,DT500,4,250.0,60.0,250.64266570032453,6.9106876548685925,4637,500,5137,0,1,2,2,1,22.0311880919146,19.451736510445663,1.5384234713000915
P4,Joystick,Front,2D,DT500,5,250.0,60.0,262.32866806000106,18.59669001454512,2583,500,3084,0,0,0,0,0,5.097528866015763,22.175807503163185,-22.175807503163185
P4,Joystick,Front,2D,DT500,6,250.0,60.0,255.43111299163783,11.699134946181909,3449,500,3949,0,0,1,2,0,18.09263538726339,15.829680574294596,11.745475273289005
P4,Joystick,Front,2D,DT500,0,100.0,40.0,87.95484242133683,-9.53794879684557,2967,500,3467,0,1,1,2,1,8.610233836306506,11.361444762775651,-9.74979334786362
P4,Joystick,Front,2D,DT500,1,100.0,40.0,96.0226634726379,-1.4701277455445203,16121,500,16621,0,4,5,8,8,31.54536782736848,31.10719279501896,-22.585826581746453
P4,Joystick,Front,2D,DT500,2,100.0,40.0,89.32546172781002,-8.167329490372373,24557,500,25057,0,5,8,13,12,30.66548114254057,27.680103228312845,-17.33669657146873
P4,Joystick,Front,2D,DT500,3,100.0,40.0,83.74639560909117,-13.746395609091223,13705,500,14205,0,5,6,6,6,30.364394461647333,27.21408450704225,-15.495774647887323
P4,Joystick,Front,2D,DT500,4,100.0,40.0,103.34254693824109,5.849755720058636,1817,500,2317,0,0,1,0,0,9.94612655890702,8.57596524760836,0.6685545618844945
P4,Joystick,Front,2D,DT500,5,100.0,40.0,88.73863521325625,-8.754156004926246,6534,500,7034,0,0,2,4,3,20.468300710330464,27.486479492305243,-24.947917840118293
P4,Joystick,Front,2D,DT500,6,100.0,40.0,87.74351209636419,-9.749279121818244,3217,500,3717,0,0,0,2,1,17.08347120932085,26.595981382446624,-26.59505449505639
P4,Joystick,Front,2D,DT500,0,100.0,60.0,97.01573775515637,-0.4770534630260559,4834,500,5334,0,1,1,3,3,21.19615053000312,34.3337427995282,-32.67195404041911
P4,Joystick,Front,2D,DT500,1,100.0,60.0,99.32808492427624,1.8352937060938084,2067,500,2567,0,0,1,1,1,14.516515445132088,19.823490943304453,-18.749367723746023
P4,Joystick,Front,2D,DT500,2,100.0,60.0,113.6161540980654,16.12336287988302,3088,500,3588,0,0,1,1,0,13.70114992544374,16.107225358357198,12.846822057517125
P4,Joystick,Front,2D,DT500,3,100.0,60.0,102.74639560909117,5.253604390908762,2332,500,2832,0,0,1,1,0,22.18474257760277,25.358490566037737,-21.32075471698113
P4,Joystick,Front,2D,DT500,4,100.0,60.0,89.39413018058721,-8.09866103759522,4533,500,5033,0,0,1,1,1,25.834654532446745,41.73163055584986,-39.41523106534149
P4,Joystick,Front,2D,DT500,5,100.0,60.0,72.18158624197521,-25.311204976207275,2934,500,3434,0,0,0,2,1,10.671482563617593,23.888992479911305,23.888992479911305
P4,Joystick,Front,2D,DT500,6,100.0,60.0,85.57113533804423,-11.921655880138198,2884,500,3384,0,0,0,1,1,14.539287728744712,29.542149137603573,-29.542149137603573
P4,Horizontal,Rear,1D,DT500,0,100.0,40.0,117.0,17.0,1521,500,2021,0,0,0,0,0,1.5842858470311493e-14,10.999999999999998,10.999999999999998
P4,Horizontal,Rear,1D,DT500,1,100.0,40.0,116.0,16.0,2249,500,2749,0,0,0,0,0,1.5147243942042242e-14,11.0,11.0
P4,Horizontal,Rear,1D,DT500,2,100.0,40.0,112.0,12.000000000000009,2035,500,2535,0,0,0,0,0,1.5040141773671055e-14,11.0,11.0
P4,Horizontal,Rear,1D,DT500,3,100.0,40.0,118.0,18.0,1848,500,2348,0,0,0,0,0,1.6016946494839182e-14,11.0,11.0
P4,Horizontal,Rear,1D,DT500,4,100.0,40.0,117.0,17.0,1752,500,2252,0,0,0,0,0,1.5193433528676085e-14,11.0,11.0
P4,Horizontal,Rear,1D,DT500,5,100.0,40.0,119.0,18.99999999999999,1717,500,2217,0,0,0,0,0,1.5951822000288967e-14,11.0,11.0
P4,Horizontal,Rear,1D,DT500,6,100.0,40.0,119.0,18.99999999999999,2153,500,2653,0,0,0,0,0,1.589828944067597e-14,11.0,11.0
P4,Horizontal,Rear,1D,DT500,0,250.0,40.0,259.0,8.999999999999972,5085,500,5585,0,0,0,0,0,3.562906480760206e-14,18.0,18.0
P4,Horizontal,Rear,1D,DT500,1,250.0,40.0,235.0,-14.999999999999986,3917,500,4417,0,0,0,0,0,3.279079212714769e-14,18.0,18.0
P4,Horizontal,Rear,1D,DT500,2,250.0,40.0,251.0,1.0,2734,500,3235,0,0,0,0,0,3.396419509713326e-14,17.999999999999996,17.999999999999996
P4,Horizontal,Rear,1D,DT500,3,250.0,40.0,247.0,-3.0000000000000147,2787,500,3287,0,0,0,0,0,3.5106341381792684e-14,18.0,18.0
P4,Horizontal,Rear,1D,DT500,4,250.0,40.0,263.0,13.000000000000028,2804,500,3305,0,0,0,0,0,3.7731141927722415e-14,18.0,18.0
P4,Horizontal,Rear,1D,DT500,5,250.0,40.0,257.0,7.0,3001,500,3501,0,0,0,0,0,3.55337643669803e-14,18.0,18.0
P4,Horizontal,Rear,1D,DT500,6,250.0,40.0,259.0,8.999999999999972,4550,500,5050,0,0,0,0,0,3.5936995883202404e-14,18.0,18.0
P4,Horizontal,Rear,1D,DT500,0,100.0,60.0,110.0,10.0,4250,500,4750,0,0,0,0,0,1.5072887603364242e-14,18.0,18.0
P4,Horizontal,Rear,1D,DT500,1,100.0,60.0,110.0,10.0,1501,500,2001,0,0,0,0,0,1.5094161978953387e-14,18.0,18.0
P4,Horizontal,Rear,1D,DT500,2,100.0,60.0,98.0,-2.0,1869,500,2369,0,0,0,0,0,1.3183024143989054e-14,18.0,18.0
P4,Horizontal,Rear,1D,DT500,3,100.0,60.0,128.0,28.0,1516,503,2019,0,0,0,0,0,1.8549635859924225e-14,18.0,18.0
P4,Horizontal,Rear,1D,DT500,4,100.0,60.0,114.0,14.0,1650,502,2153,0,0,0,0,0,1.4654456335463032e-14,18.0,18.0
P4,Horizontal,Rear,1D,DT500,5,100.0,60.0,104.0,4.0,1355,500,1855,0,0,0,0,0,1.432144669219779e-14,18.0,18.0
P4,Horizontal,Rear,1D,DT500,6,100.0,60.0,104.0,4.0,3435,500,3935,0,0,0,0,1,8.503088299067473e-15,18.0,18.0
P4,Horizontal,Rear,1D,DT500,0,250.0,60.0,253.0,3.0,3083,500,3583,0,0,0,0,0,3.501325052086571e-14,18.0,18.0
P4,Horizontal,Rear,1D,DT500,1,250.0,60.0,249.00000000000003,-0.9999999999999856,2650,500,3150,0,0,0,0,0,3.5286655694216494e-14,18.0,18.0
P4,Horizontal,Rear,1D,DT500,2,250.0,60.0,221.0,-29.0,3152,500,3652,0,0,0,0,0,3.1251627235457243e-14,18.0,18.0
P4,Horizontal,Rear,1D,DT500,3,250.0,60.0,261.0,10.999999999999972,2834,500,3334,0,0,0,0,0,3.604392785641455e-14,18.000000000000004,18.000000000000004
P4,Horizontal,Rear,1D,DT500,4,250.0,60.0,253.0,3.0,4366,500,4866,0,0,0,0,0,3.1221616748989715e-14,18.0,18.0
P4,Horizontal,Rear,1D,DT500,5,250.0,60.0,241.0,-9.0,2589,500,3089,0,0,0,0,0,3.4152248987149024e-14,18.0,18.0
P4,Horizontal,Rear,1D,DT500,6,250.0,60.0,260.0,10.0,3632,500,4132,0,0,0,0,0,3.2666584571126395e-14,17.999999999999996,17.999999999999996
P4,Horizontal,Rear,1D,DT500,0,500.0,60.0,488.0,-12.0,6817,500,7317,0,0,0,0,0,6.857596378949059e-14,18.0,18.0
P4,Horizontal,Rear,1D,DT500,1,500.0,60.0,490.0,-10.0,5089,500,5590,0,0,0,0,0,6.76058792073331e-14,18.000000000000004,18.000000000000004
P4,Horizontal,Rear,1D,DT500,2,500.0,60.0,507.0,7.0,5404,500,5904,0,0,0,0,0,6.908727966019729e-14,17.999999999999996,17.999999999999996
P4,Horizontal,Rear,1D,DT500,3,500.0,60.0,503.00000000000006,3.0000000000000293,5602,500,6102,0,0,0,0,0,7.066471504970062e-14,18.0,18.0
P4,Horizontal,Rear,1D,DT500,4,500.0,60.0,497.00000000000006,-2.9999999999999707,5221,500,5722,0,0,0,0,0,7.057815759101874e-14,18.0,18.0
P4,Horizontal,Rear,1D,DT500,5,500.0,60.0,491.0,-9.000000000000028,5550,500,6050,0,0,0,0,0,6.965635282596038e-14,18.0,18.0
P4,Horizontal,Rear,1D,DT500,6,500.0,60.0,505.00000000000006,5.000000000000029,5351,500,5851,0,0,0,0,0,6.876965916247533e-14,17.999999999999996,17.999999999999996
P4,Horizontal,Rear,1D,DT500,0,500.0,40.0,514.0,14.0,5021,500,5521,0,0,0,0,0,7.323297002377104e-14,18.0,18.0
P4,Horizontal,Rear,1D,DT500,1,500.0,40.0,516.0,16.000000000000057,6952,500,7452,0,0,0,0,0,7.176163306963356e-14,18.0,18.0
P4,Horizontal,Rear,1D,DT500,2,500.0,40.0,486.0,-14.000000000000028,6421,500,6921,0,0,0,0,0,6.815433482595248e-14,18.0,18.0
P4,Horizontal,Rear,1D,DT500,3,500.0,40.0,516.0,16.000000000000057,4888,500,5388,0,0,0,0,0,7.140795977014929e-14,18.000000000000004,18.000000000000004
P4,Horizontal,Rear,1D,DT500,4,500.0,40.0,487.0,-12.999999999999972,9198,500,9699,0,1,0,0,1,8.131413765894565e-14,18.0,18.0
P4,Horizontal,Rear,1D,DT500,5,500.0,40.0,513.0,13.0,5316,500,5816,0,0,0,0,0,7.039380928954876e-14,18.000000000000004,18.000000000000004
P4,Horizontal,Rear,1D,DT500,6,500.0,40.0,509.0,8.999999999999972,6401,500,6901,0,0,0,0,0,7.132158547047257e-14,18.0,18.0
P4,Horizontal,Center,1D,DT500,0,500.0,40.0,496.0,-4.0,8270,500,8770,0,0,0,0,0,6.936832534235998e-14,14.0,-14.0
P4,Horizontal,Center,1D,DT500,1,500.0,40.0,506.00000000000006,6.000000000000029,4918,500,5418,0,0,0,0,0,7.053316756842359e-14,13.999999999999998,-13.999999999999998
P4,Horizontal,Center,1D,DT500,2,500.0,40.0,512.0,12.0,5187,500,5687,0,0,0,0,0,7.145024842532788e-14,14.0,-14.0
P4,Horizontal,Center,1D,DT500,3,500.0,40.0,512.0,12.0,5467,500,5967,0,0,0,0,0,7.180106331125899e-14,14.0,-14.0
P4,Horizontal,Center,1D,DT500,4,500.0,40.0,513.9999999999999,13.99999999999994,6874,500,7374,0,0,0,0,0,7.129350820289871e-14,14.0,-14.0
P4,Horizontal,Center,1D,DT500,5,500.0,40.0,512.0,12.0,5952,500,6453,0,0,0,0,0,7.114550001753291e-14,14.0,-14.0
P4,Horizontal,Center,1D,DT500,6,500.0,40.0,492.0,-8.0,5354,500,5854,0,0,0,0,0,6.923793852283316e-14,14.0,-14.0
P4,Horizontal,Center,1D,DT500,0,100.0,60.0,115.0,14.999999999999991,2565,506,3071,0,0,0,0,0,8.310673251505347e-15,7.000000000000012,-7.000000000000012
P4,Horizontal,Center,1D,DT500,1,100.0,60.0,97.0,-3.000000000000009,2262,500,2763,0,0,0,0,0,1.3059437596941416e-14,7.0,-7.0
P4,Horizontal,Center,1D,DT500,2,100.0,60.0,124.0,24.00000000000001,2400,502,2903,0,0,0,0,0,9.517120091966983e-15,7.000000000000012,-7.000000000000012
P4,Horizontal,Center,1D,DT500,3,100.0,60.0,127.0,26.99999999999999,1661,511,2172,0,0,0,0,0,1.6840145564585074e-14,7.0,-7.0
P4,Horizontal,Center,1D,DT500,4,100.0,60.0,79.0,-21.0,2956,500,3457,0,0,0,0,0,1.0716575951227413e-14,6.999999999999999,-6.999999999999999
P4,Horizontal,Center,1D,DT500,5,100.0,60.0,108.0,8.000000000000009,2152,500,2652,0,0,0,0,0,6.439840427496547e-15,6.999999999999984,-6.999999999999984
P4,Horizontal,Center,1D,DT500,6,100.0,60.0,120.0,20.0,1576,500,2076,0,0,0,0,0,1.2859686664061122e-14,7.000000000000004,-7.000000000000004
P4,Horizontal,Center,1D,DT500,0,100.0,40.0,116.0,15.999999999999991,3333,500,3833,0,0,0,0,0,1.4440149649435484e-14,7.000000000000002,-7.000000000000002
P4,Horizontal,Center,1D,DT500,1,100.0,40.0,82.0,-18.000000000000004,8520,500,9020,0,2,0,0,2,1.5765810810694413e-14,6.9999999999999964,-6.9999999999999964
P4,Horizontal,Center,1D,DT500,2,100.0,40.0,106.0,6.0,2451,500,2951,0,0,0,0,0,6.4867987351825746e-15,7.000000000000015,-7.000000000000015
P4,Horizontal,Center,1D,DT500,3,100.0,40.0,110.0,9.999999999999991,3208,500,3708,0,0,0,0,0,1.3832830814537165e-14,6.999999999999998,-6.999999999999998
P4,Horizontal,Center,1D,DT500,4,100.0,40.0,84.0,-16.0,3634,500,4134,0,0,0,0,0,1.1010069289925571e-14,7.000000000000001,-7.000000000000001
P4,Horizontal,Center,1D,DT500,5,100.0,40.0,96.0,-4.0,5268,500,5768,0,1,0,0,1,8.661884119875844e-15,6.999999999999979,-6.999999999999979
P4,Horizontal,Center,1D,DT500,6,100.0,40.0,100.0,9.094947017729284e-15,1585,500,2085,0,0,0,0,0,9.288467274407706e-15,7.000000000000007,-7.000000000000007
P4,Horizontal,Center,1D,DT500,0,250.0,60.0,280.0,29.99999999999997,2832,512,3344,1,0,0,0,0,1.999735094471079e-14,7.00000000000003,-7.00000000000003
P4,Horizontal,Center,1D,DT500,1,250.0,60.0,248.0,-2.0,3256,500,3757,0,0,0,0,1,3.2250320103693047e-14,7.000000000000002,-7.000000000000002
P4,Horizontal,Center,1D,DT500,2,250.0,60.0,258.0,8.000000000000028,3736,500,4237,0,0,0,0,0,2.0766068025601323e-14,7.000000000000022,-7.000000000000022
P4,Horizontal,Center,1D,DT500,3,250.0,60.0,256.0,6.0,4119,500,4620,0,0,0,0,0,2.395055969017577e-14,6.999999999999985,-6.999999999999985
P4,Horizontal,Center,1D,DT500,4,250.0,60.0,248.0,-2.0,3103,500,3603,0,0,0,0,0,2.4261464393395622e-14,7.000000000000014,-7.000000000000014
P4,Horizontal,Center,1D,DT500,5,250.0,60.0,244.0,-6.000000000000014,2519,500,3020,0,0,0,0,0,3.2781373733717785e-14,6.999999999999998,-6.999999999999998
P4,Horizontal,Center,1D,DT500,6,250.0,60.0,258.0,8.000000000000028,10171,500,10671,0,0,0,0,0,2.5193300759854032e-14,7.000000000000013,-7.000000000000013
P4,Horizontal,Center,1D,DT500,0,250.0,40.0,260.0,10.0,3086,500,3586,0,0,0,0,0,2.057827558575528e-14,7.000000000000023,-7.000000000000023
P4,Horizontal,Center,1D,DT500,1,250.0,40.0,264.0,14.0,4689,500,5189,0,0,0,0,0,2.348110570861489e-14,6.999999999999981,-6.999999999999981
P4,Horizontal,Center,1D,DT500,2,250.0,40.0,250.00000000000003,1.4551915228366852e-14,3299,500,3799,0,0,0,0,0,2.595148585502737e-14,7.000000000000012,-7.000000000000012
P4,Horizontal,Center,1D,DT500,3,250.0,40.0,260.0,10.0,2902,500,3402,0,0,0,0,0,2.1623824228638213e-14,6.999999999999979,-6.999999999999979
P4,Horizontal,Center,1D,DT500,4,250.0,40.0,240.0,-10.000000000000014,2733,500,3233,0,0,0,0,0,2.5980197790431407e-14,7.00000000000001,-7.00000000000001
P4,Horizontal,Center,1D,DT500,5,250.0,40.0,266.0,16.0,5001,500,5501,0,0,0,0,0,1.8997224715305835e-14,6.999999999999972,-6.999999999999972
P4,Horizontal,Center,1D,DT500,6,250.0,40.0,262.0,12.000000000000028,5405,500,5906,0,0,0,0,0,2.4950559806222952e-14,7.000000000000015,-7.000000000000015
P4,Horizontal,Center,1D,DT500,0,500.0,60.0,493.00000000000006,-6.999999999999971,6962,500,7463,0,0,0,0,0,4.682208958839972e-14,7.000000000000029,-7.000000000000029
P4,Horizontal,Center,1D,DT500,1,500.0,60.0,496.0,-4.000000000000029,7603,500,8103,0,0,0,0,0,4.245064051786928e-14,6.999999999999963,-6.999999999999963
P4,Horizontal,Center,1D,DT500,2,500.0,60.0,515.9999999999999,15.99999999999994,6100,500,6600,0,0,0,0,0,4.26521647686513e-14,7.00000000000004,-7.00000000000004
P4,Horizontal,Center,1D,DT500,3,500.0,60.0,493.00000000000006,-6.999999999999971,5095,500,5596,0,0,0,0,0,4.999458792896e-14,6.999999999999977,-6.999999999999977
P4,Horizontal,Center,1D,DT500,4,500.0,60.0,526.0,26.0,5287,506,5793,0,0,0,0,0,4.6921592041338294e-14,7.000000000000034,-7.000000000000034
P4,Horizontal,Center,1D,DT500,5,500.0,60.0,496.0,-4.000000000000029,8384,500,8884,0,0,0,0,0,5.1451163903663646e-14,6.999999999999979,-6.999999999999979
P4,Horizontal,Center,1D,DT500,6,500.0,60.0,514.0,14.0,6300,500,6800,0,0,0,0,0,4.2536002343952153e-14,7.000000000000041,-7.000000000000041
P10,Horizontal,Center,1D,DT500,0,500.0,40.0,495.0,-5.0,5255,560,5816,0,0,0,0,1,4.4032564261155484e-14,9.999999999999948,9.999999999999948
P10,Horizontal,Center,1D,DT500,1,500.0,40.0,484.0,-16.0,7911,525,8437,0,0,0,0,0,4.831180268506939e-14,10.00000000000005,10.00000000000005
P10,Horizontal,Center,1D,DT500,2,500.0,40.0,488.0,-11.999999999999972,4121,501,4623,0,0,0,0,1,4.302142473317075e-14,9.999999999999917,9.999999999999917
P10,Horizontal,Center,1D,DT500,3,500.0,40.0,482.0,-18.0,5332,534,5867,0,0,0,0,1,4.2084219659821e-14,10.000000000000052,10.000000000000052
P10,Horizontal,Center,1D,DT500,4,500.0,40.0,494.0,-6.000000000000029,5242,523,5765,0,0,0,0,1,3.70471091897778e-14,9.999999999999938,9.999999999999938
P10,Horizontal,Center,1D,DT500,5,500.0,40.0,479.0,-21.00000000000003,5960,548,6508,0,0,0,0,1,4.400742576335935e-14,10.000000000000057,10.000000000000057
P10,Horizontal,Center,1D,DT500,6,500.0,40.0,494.0,-6.000000000000029,3874,525,4399,0,0,0,0,1,4.51418374722044e-14,9.999999999999908,9.999999999999908
P10,Horizontal,Center,1D,DT500,0,250.0,40.0,255.0,5.0,3123,524,3647,0,0,0,0,0,3.2854684091246584e-14,16.999999999999996,16.999999999999996
P10,Horizontal,Center,1D,DT500,1,250.0,40.0,253.0,3.0,4282,519,4801,0,0,0,0,0,3.2903917195525416e-14,17.0,17.0
P10,Horizontal,Center,1D,DT500,2,250.0,40.0,264.0,14.000000000000028,3141,527,3668,0,0,0,0,1,3.6588321360224495e-14,17.0,17.0
P10,Horizontal,Center,1D,DT500,3,250.0,40.0,250.0,0.0,3523,506,4029,0,0,0,0,0,3.4476840755056495e-14,17.0,17.0
P10,Horizontal,Center,1D,DT500,4,250.0,40.0,256.00000000000006,6.000000000000029,3326,505,3832,0,0,0,0,1,3.538229484819857e-14,17.0,17.0
P10,Horizontal,Center,1D,DT500,5,250.0,40.0,243.0,-7.0,4464,512,4976,0,0,0,0,0,3.690715671890203e-14,17.0,17.0
P10,Horizontal,Center,1D,DT500,6,250.0,40.0,262.0,12.000000000000028,3139,523,3662,0,0,0,0,0,3.5868335243036357e-14,17.0,17.0
P10,Horizontal,Center,1D,DT500,0,250.0,60.0,256.99999999999994,6.999999999999971,4557,547,5105,0,0,0,0,0,3.119167423195778e-14,17.0,17.0
P10,Horizontal,Center,1D,DT500,1,250.0,60.0,237.0,-13.0,3931,513,4445,0,0,0,0,0,3.2169528182107814e-14,17.0,17.0
P10,Horizontal,Center,1D,DT500,2,250.0,60.0,254.0,4.000000000000014,3588,556,4145,0,0,0,0,0,3.0637687392745625e-14,16.999999999999996,16.999999999999996
P10,Horizontal,Center,1D,DT500,3,250.0,60.0,250.0,0.0,3629,535,4164,0,0,0,0,0,3.227623535218007e-14,17.0,17.0
P10,Horizontal,Center,1D,DT500,4,250.0,60.0,230.0,-20.00000000000001,4685,522,5208,0,0,0,0,1,3.609160167621424e-14,17.0,17.0
P10,Horizontal,Center,1D,DT500,5,250.0,60.0,255.0,5.0,3421,508,3929,0,0,0,0,0,3.2653979185153683e-14,17.000000000000004,17.000000000000004
P10,Horizontal,Center,1D,DT500,6,250.0,60.0,267.0,16.99999999999997,3500,501,4002,0,0,0,0,0,3.363849297343761e-14,17.0,17.0
P10,Horizontal,Center,1D,DT500,0,100.0,40.0,84.0,-15.999999999999996,2384,526,2910,0,0,0,0,1,9.113418271383955e-15,16.999999999999996,16.999999999999996
P10,Horizontal,Center,1D,DT500,1,100.0,40.0,87.0,-13.0,2587,506,3094,0,0,0,0,0,1.1565466904092981e-14,17.000000000000004,17.000000000000004
P10,Horizontal,Center,1D,DT500,2,100.0,40.0,82.0,-17.999999999999996,1391,528,1920,0,0,0,0,1,1.103058955909832e-14,16.999999999999996,16.999999999999996
P10,Horizontal,Center,1D,DT500,3,100.0,40.0,88.0,-12.0,3240,504,3744,0,0,0,0,0,9.761884928163118e-15,17.000000000000004,17.000000000000004
P10,Horizontal,Center,1D,DT500,4,100.0,40.0,88.0,-12.0,3604,528,4132,0,0,0,0,2,9.829641897825371e-15,16.999999999999996,16.999999999999996
P10,Horizontal,Center,1D,DT500,5,100.0,40.0,99.0,-1.000000000000009,2128,533,2662,0,0,0,0,0,1.209265367671502e-14,17.000000000000004,17.000000000000004
P10,Horizontal,Center,1D,DT500,6,100.0,40.0,119.0,19.00000000000001,3620,533,4154,0,0,0,0,2,1.595367730029506e-14,17.0,17.0
P10,Horizontal,Center,1D,DT500,0,100.0,60.0,84.0,-15.999999999999996,3423,521,3944,0,0,0,0,0,1.078055192000334e-14,17.0,17.0
P10,Horizontal,Center,1D,DT500,1,100.0,60.0,105.0,5.0,5479,541,6020,0,1,0,0,2,1.1626165764267814e-14,17.000000000000004,17.000000000000004
P10,Horizontal,Center,1D,DT500,2,100.0,60.0,114.0,14.0,1980,549,2529,0,0,0,0,1,1.5201639439451798e-14,17.0,17.0
P10,Horizontal,Center,1D,DT500,3,100.0,60.0,85.0,-14.999999999999996,2991,515,3507,0,0,0,0,0,9.743910534479128e-15,17.0,17.0
P10,Horizontal,Center,1D,DT500,4,100.0,60.0,90.0,-10.0,1490,519,2010,0,0,0,0,1,1.0420887193328836e-14,16.999999999999996,16.999999999999996
P10,Horizontal,Center,1D,DT500,5,100.0,60.0,74.0,-26.0,2591,504,3095,0,0,0,0,0,6.8292749217949115e-15,17.000000000000004,17.000000000000004
P10,Horizontal,Center,1D,DT500,6,100.0,60.0,96.0,-4.000000000000009,1953,529,2482,0,0,0,0,0,9.935470776107192e-15,16.999999999999996,16.999999999999996
P10,Horizontal,Center,1D,DT500,0,500.0,60.0,527.0,27.000000000000057,5895,530,6426,0,0,0,0,1,6.36238502126159e-14,17.0,17.0
P10,Horizontal,Center,1D,DT500,1,500.0,60.0,517.0,17.0,5153,530,5683,0,0,0,0,1,6.793869792278294e-14,17.0,17.0
P10,Horizontal,Center,1D,DT500,2,500.0,60.0,515.9999999999999,15.99999999999994,6538,500,7039,0,0,0,0,0,6.9089029299243e-14,17.0,17.0
P10,Horizontal,Center,1D,DT500,3,500.0,60.0,529.0,29.000000000000057,4773,510,5283,0,0,0,0,0,6.386617152809657e-14,17.000000000000007,17.000000000000007
P10,Horizontal,Center,1D,DT500,4,500.0,60.0,515.9999999999999,15.99999999999994,5878,519,6398,0,0,0,0,1,7.03654931111109e-14,17.0,17.0
P10,Horizontal,Center,1D,DT500,5,500.0,60.0,502.0,1.999999999999971,5032,529,5562,0,0,0,0,0,6.786178901240508e-14,17.0,17.0
P10,Horizontal,Center,1D,DT500,6,500.0,60.0,486.0,-14.000000000000028,4366,523,4890,0,0,0,0,1,7.031022926562683e-14,16.999999999999996,16.999999999999996
P10,Horizontal,Front,1D,DT500,0,250.0,40.0,241.0,-9.0,2474,541,3015,0,0,0,0,0,2.1817485291453503e-14,7.999999999999957,7.999999999999957
P10,Horizontal,Front,1D,DT500,1,250.0,40.0,259.0,8.999999999999972,4734,518,5252,0,1,0,0,2,2.6962205039147503e-14,8.000000000000068,8.000000000000068
P10,Horizontal,Front,1D,DT500,2,250.0,40.0,234.0,-16.000000000000014,2202,510,2712,0,0,0,0,1,2.4264914138202364e-14,7.999999999999958,7.999999999999958
P10,Horizontal,Front,1D,DT500,3,250.0,40.0,249.0,-1.0,2320,529,2849,0,0,0,0,0,2.5211944572934432e-14,8.000000000000046,8.000000000000046
P10,Horizontal,Front,1D,DT500,4,250.0,40.0,260.0,9.999999999999972,2500,521,3022,0,0,0,0,1,2.3477638599995952e-14,7.99999999999996,7.99999999999996
P10,Horizontal,Front,1D,DT500,5,250.0,40.0,244.0,-6.0,2442,519,2961,0,0,0,0,0,2.4612520185477354e-14,8.000000000000043,8.000000000000043
P10,Horizontal,Front,1D,DT500,6,250.0,40.0,247.00000000000003,-2.9999999999999853,3206,514,3721,0,0,0,0,1,2.1039308552829036e-14,7.999999999999977,7.999999999999977
P10,Horizontal,Front,1D,DT500,0,500.0,40.0,499.0,-1.0,6699,527,7227,0,1,0,0,1,6.443984546935268e-14,14.999999999999964,14.999999999999964
P10,Horizontal,Front,1D,DT500,1,500.0,40.0,484.0,-16.00000000000003,5147,521,5668,0,0,0,0,0,4.4883537558888666e-14,15.00000000000005,15.00000000000005
P10,Horizontal,Front,1D,DT500,2,500.0,40.0,512.0,12.0,4594,515,5110,0,0,0,0,1,4.9167217738296054e-14,14.999999999999966,14.999999999999966
P10,Horizontal,Front,1D,DT500,3,500.0,40.0,503.0,3.0,6992,529,7521,0,0,0,0,0,8.301748743001863e-14,15.000000000000002,15.000000000000002
P10,Horizontal,Front,1D,DT500,4,500.0,40.0,486.0,-14.0,5068,537,5606,0,0,0,0,1,6.365963426411109e-14,14.999999999999996,14.999999999999996
P10,Horizontal,Front,1D,DT500,5,500.0,40.0,486.0,-14.0,4440,540,4980,0,0,0,0,0,4.8632638720956473e-14,15.000000000000032,15.000000000000032
P10,Horizontal,Front,1D,DT500,6,500.0,40.0,508.0,7.999999999999971,5108,537,5646,0,0,0,0,2,7.293004083342573e-14,14.999999999999996,14.999999999999996
P10,Horizontal,Front,1D,DT500,0,250.0,60.0,243.0,-7.000000000000014,1924,516,2441,0,0,0,0,1,2.2039859195291293e-14,14.999999999999975,14.999999999999975
P10,Horizontal,Front,1D,DT500,1,250.0,60.0,263.0,13.0,2039,523,2562,0,0,0,0,0,2.2090537799928092e-14,15.000000000000025,15.000000000000025
P10,Horizontal,Front,1D,DT500,2,250.0,60.0,260.0,10.0,2187,504,2691,0,0,0,0,1,2.894047603816299e-14,14.999999999999988,14.999999999999988
P10,Horizontal,Front,1D,DT500,3,250.0,60.0,250.00000000000003,1.4551915228366852e-14,2623,535,3158,0,0,0,0,0,3.734474589075019e-14,15.0,15.0
P10,Horizontal,Front,1D,DT500,4,250.0,60.0,257.99999999999994,7.999999999999971,1925,532,2457,0,0,0,0,1,2.1585963989373842e-14,14.999999999999972,14.999999999999972
P10,Horizontal,Front,1D,DT500,5,250.0,60.0,253.00000000000003,3.0000000000000147,2443,539,2982,0,0,0,0,0,3.046321066107165e-14,15.000000000000009,15.000000000000009
P10,Horizontal,Front,1D,DT500,6,250.0,60.0,262.0,12.000000000000028,2520,521,3041,0,0,0,0,1,3.4538525710664914e-14,15.0,15.0
P10,Horizontal,Front,1D,DT500,0,100.0,40.0,94.0,-6.000000000000009,7767,510,8278,0,3,0,0,5,2.6399173270334192e-14,15.0,15.0
P10,Horizontal,Front,1D,DT500,1,100.0,40.0,97.0,-2.999999999999991,1679,511,2190,0,0,0,0,2,1.4145768091613911e-14,15.0,15.0
P10,Horizontal,Front,1D,DT500,2,100.0,40.0,102.0,2.0,1271,520,1792,0,0,0,0,1,1.5293699957761364e-14,15.0,15.0
P10,Horizontal,Front,1D,DT500,3,100.0,40.0,90.0,-10.0,1334,520,1854,0,0,0,0,1,1.3910918309426002e-14,15.0,15.0
P10,Horizontal,Front,1D,DT500,4,100.0,40.0,114.0,14.0,1068,503,1571,0,0,0,0,1,1.5819504764059885e-14,14.999999999999998,14.999999999999998
P10,Horizontal,Front,1D,DT500,5,100.0,40.0,117.0,17.00000000000001,3459,521,3981,0,2,0,0,2,1.9140361649287012e-14,15.0,15.0
P10,Horizontal,Front,1D,DT500,6,100.0,40.0,112.0,12.0,18875,511,19386,0,2,0,0,7,1.6078416924370713e-14,15.0,15.0
P10,Horizontal,Front,1D,DT500,0,500.0,60.0,474.0,-26.00000000000003,4690,503,5193,0,0,0,0,1,5.6621336937449693e-14,14.99999999999998,14.99999999999998
P10,Horizontal,Front,1D,DT500,1,500.0,60.0,506.0,5.999999999999971,10745,526,11272,0,1,0,0,1,6.297943299919475e-14,15.000000000000052,15.000000000000052
P10,Horizontal,Front,1D,DT500,2,500.0,60.0,530.0,30.000000000000057,6854,514,7368,1,0,0,0,1,6.322233421383808e-14,14.999999999999982,14.999999999999982
P10,Horizontal,Front,1D,DT500,3,500.0,60.0,470.0,-30.0,4706,536,5243,1,0,0,0,2,5.810041334902389e-14,15.00000000000002,15.00000000000002
P10,Horizontal,Front,1D,DT500,4,500.0,60.0,513.0,13.0,4327,519,4846,0,0,0,0,1,4.6155874366709376e-14,14.999999999999964,14.999999999999964
P10,Horizontal,Front,1D,DT500,5,500.0,60.0,525.0,25.0,5972,539,6512,0,0,0,0,0,6.959629957225528e-14,15.0,15.0
P10,Horizontal,Front,1D,DT500,6,500.0,60.0,496.0,-4.0,25035,554,25589,0,3,0,0,11,1.0559806104855521e-13,15.0,15.0
P10,Horizontal,Front,1D,DT500,0,100.0,60.0,93.0,-7.0,1202,532,1735,0,0,0,0,0,1.028948187615208e-14,14.999999999999996,14.999999999999996
P10,Horizontal,Front,1D,DT500,1,100.0,60.0,112.0,12.0,1354,514,1868,0,0,0,0,0,1.3987047740492306e-14,15.0,15.0
P10,Horizontal,Front,1D,DT500,2,100.0,60.0,111.0,10.999999999999991,1735,512,2247,0,0,0,0,2,1.3782105664074576e-14,15.0,15.0
P10,Horizontal,Front,1D,DT500,3,100.0,60.0,79.0,-21.000000000000004,924,525,1450,0,0,0,0,0,1.384683064689236e-14,15.0,15.0
P10,Horizontal,Front,1D,DT500,4,100.0,60.0,89.0,-11.000000000000004,1107,517,1625,0,0,0,0,1,1.2643255326413208e-14,14.999999999999998,14.999999999999998
P10,Horizontal,Front,1D,DT500,5,100.0,60.0,106.0,6.0,768,547,1316,0,0,0,0,0,1.3449206861704223e-14,15.000000000000004,15.000000000000004
P10,Horizontal,Front,1D,DT500,6,100.0,60.0,110.0,10.0,1408,524,1933,0,0,0,0,1,1.4242540049332194e-14,15.0,15.0
P10,Joystick,Center,2D,DT500,0,500.0,60.0,506.8649193173708,19.40096322645892,5689,500,6189,0,0,2,5,0,25.18395886683233,23.87495518015969,10.046892993942938
P10,Joystick,Center,2D,DT500,1,500.0,60.0,486.4963691904536,-0.967586900458266,5538,500,6039,0,0,3,3,0,9.37532556438688,7.945425719994838,-0.135835263526994
P10,Joystick,Center,2D,DT500,2,500.0,60.0,486.5310185972095,-0.9329374937023228,9333,500,9833,0,0,2,7,3,28.28858776866202,36.603674641881,34.10796949795088
P10,Joystick,Center,2D,DT500,3,500.0,60.0,490.7319780454559,3.268021954544107,5584,500,6084,0,0,0,2,0,9.007035962656024,11.263736263736265,-9.76923076923077
P10,Joystick,Center,2D,DT500,4,500.0,60.0,492.6785907445177,5.214634653605874,6045,500,6545,0,0,1,2,0,19.77011750097975,40.19612321053227,39.30233473751928
P10,Joystick,Center,2D,DT500,5,500.0,60.0,504.8047426176613,17.34078652674948,5819,500,6319,0,0,2,4,0,14.998781666716091,16.35647971884576,11.216109308522112
P10,Joystick,Center,2D,DT500,6,500.0,60.0,491.5861886735954,4.12223258268364,5306,500,5807,0,0,1,2,0,14.119327546217429,11.937830799277092,4.934754455130416
P10,Joystick,Center,2D,DT500,0,250.0,60.0,241.9822619370814,-1.7497161083745083,3155,500,3655,0,0,2,1,0,24.23775375005959,31.332354058437417,28.31429605757601
P10,Joystick,Center,2D,DT500,1,250.0,60.0,245.98953324415413,2.257555198698197,4482,500,4983,0,0,0,1,0,7.098770712727258,18.188530359783226,-18.188530359783226
P10,Joystick,Center,2D,DT500,2,250.0,60.0,255.31125131473053,11.579273269274616,3152,500,3652,0,0,2,1,1,16.483832178354472,21.239704970643885,19.21064464481304
P10,Joystick,Center,2D,DT500,3,250.0,60.0,217.865989022728,-25.865989022727938,8575,500,9075,0,0,3,3,4,24.377181545036773,18.53784860557769,-8.968127490039842
P10,Joystick,Center,2D,DT500,4,250.0,60.0,230.7217464374694,-13.01023160798656,3538,500,4039,0,0,2,1,0,23.757581276396145,29.38696194162982,26.68317765102508
P10,Joystick,Center,2D,DT500,5,250.0,60.0,256.2422348014446,12.510256755988664,3466,500,3966,0,0,2,2,0,11.364504307416723,9.951919587976942,2.232985426124546
P10,Joystick,Center,2D,DT500,6,250.0,60.0,248.43692925365195,4.704951208196005,3972,500,4473,0,0,0,0,0,2.518765656643525,8.032737771577613,-8.032737771577613
P10,Joystick,Center,2D,DT500,0,500.0,40.0,501.2170517921063,13.753095701194464,5854,500,6355,0,0,1,2,0,16.8526555667746,14.445093122581143,-0.6536618787290143
P10,Joystick,Center,2D,DT500,1,500.0,40.0,492.4343376889792,4.970381598067364,6549,500,7050,0,0,0,2,0,11.510716241395292,11.543262965314486,11.291320306409675
P10,Joystick,Center,2D,DT500,2,500.0,40.0,501.1479944950945,13.684038404182756,13644,502,14147,0,1,3,5,4,22.39026262536325,19.065226836170183,-0.9250507039293028
P10,Joystick,Center,2D,DT500,3,500.0,40.0,503.7319780454559,16.268021954544132,7924,500,8425,0,0,2,2,4,17.781565296609067,15.549107142857142,-1.3526785714285994
P10,Joystick,Center,2D,DT500,4,500.0,40.0,498.2858779633787,10.821921872466852,7997,500,8498,0,0,0,2,1,26.7366900780256,37.77025297865954,37.74935900877463
P10,Joystick,Center,2D,DT500,5,500.0,40.0,491.2166778956431,3.7527218047312414,17178,500,17679,0,3,6,10,6,24.08083380639188,17.97863080467157,-4.085374067642116
P10,Joystick,Center,2D,DT500,6,500.0,40.0,486.8172142751726,-0.64674181573916,13348,500,13848,0,3,2,6,2,13.626006425217165,15.232624209800171,-12.490154089015917
P10,Joystick,Center,2D,DT500,0,250.0,40.0,248.9764456750673,5.244467629611395,21377,514,21891,0,4,5,16,9,43.44343839371504,38.218186106408375,-22.2805099383762
P10,Joystick,Center,2D,DT500,1,250.0,40.0,253.33282302700653,9.600844981550598,5833,500,6333,0,0,2,5,2,13.397150437993728,13.570981997332826,-12.789107522101936
P10,Joystick,Center,2D,DT500,2,250.0,40.0,261.4188250520437,17.686847006587755,4435,500,4936,0,0,2,2,0,8.95525942648557,8.658710559728751,-4.0171720340664185
P10,Joystick,Center,2D,DT500,3,250.0,40.0,231.865989022728,-11.86598902272794,6443,500,6944,0,0,0,0,3,2.7303734417376606e-14,5.0,5.0
P10,Joystick,Center,2D,DT500,4,250.0,40.0,253.74852032692465,10.016542281468675,22537,500,23037,0,2,7,9,14,50.285704033061606,39.32698986283726,-12.958922264482782
P10,Joystick,Center,2D,DT500,5,250.0,40.0,245.2965940468922,1.5646160014362238,6938,500,7438,0,0,0,2,2,18.92106801790311,18.644418817592275,-18.036264804254625
P10,Joystick,Center,2D,DT500,6,250.0,40.0,250.301940901659,6.56996285620309,12674,500,13174,0,1,2,8,6,36.95587558730973,31.31615507751133,-6.424588254110282
P10,Joystick,Center,2D,DT500,0,100.0,40.0,108.2906518195554,10.797860601372994,19940,502,20442,0,3,5,8,6,68.3568987898471,55.87360869999704,-22.91169986571352
P10,Joystick,Center,2D,DT500,1,100.0,40.0,114.15325232943344,16.66046111125102,10862,500,11363,0,4,3,4,6,28.36774630660153,25.76684728530385,-16.017418852305884
P10,Joystick,Center,2D,DT500,2,100.0,40.0,102.2378383854496,4.745047167267203,3712,500,4213,0,0,1,1,0,6.41157885027693,7.635547286106386,6.495793771582469
P10,Joystick,Center,2D,DT500,3,100.0,40.0,102.74639560909117,5.253604390908781,8658,500,9159,0,2,0,0,3,2.930846592906577,1.5622119815668296,-1.5622119815668265
P10,Joystick,Center,2D,DT500,4,100.0,40.0,103.47535249691028,5.982561278727845,27289,500,27790,0,3,8,12,11,28.72312250948677,23.769103850384862,-5.169448962061231
P10,Joystick,Center,2D,DT500,5,100.0,40.0,97.49712320101386,0.0043319828313722,3993,508,4502,0,1,1,3,2,17.903067286475665,15.73896361461959,7.054216677414806
P10,Joystick,Center,2D,DT500,6,100.0,40.0,105.3242261107504,7.8314348925679536,9243,501,9745,0,1,1,5,3,19.53652328767496,33.26161329780056,-32.55086701718578
P10,Joystick,Center,2D,DT500,0,100.0,60.0,88.46390747947626,-9.028883738706147,2080,500,2581,0,0,1,1,0,9.890657025580245,17.93196229448724,-17.02540776728591
P10,Joystick,Center,2D,DT500,1,100.0,60.0,105.91917398639596,8.426382768213536,7935,500,8435,0,0,3,5,2,20.000490038938644,21.44022446783315,-15.322503467457487
P10,Joystick,Center,2D,DT500,2,100.0,60.0,98.60076152417264,1.1079703059902404,2709,512,3222,0,0,1,1,0,11.484327975232215,10.803227010927277,4.009990721354736
P10,Joystick,Center,2D,DT500,3,100.0,60.0,105.74639560909118,8.253604390908787,3289,504,3793,0,0,0,0,1,2.299002771799233,3.7741935483870974,-3.7741935483870974
P10,Joystick,Center,2D,DT500,4,100.0,60.0,108.41181490209732,10.91902368391488,5227,501,5729,0,0,1,1,1,20.864804390654484,29.6390742802653,25.41287126642076
P10,Joystick,Center,2D,DT500,5,100.0,60.0,112.36179828848488,14.869007070302398,1921,500,2422,0,0,0,1,0,3.7588545374819455,18.25126585443801,-18.25126585443801
P10,Joystick,Center,2D,DT500,6,100.0,60.0,113.62152385736078,16.12873263917836,2445,500,2946,0,0,1,2,0,20.69441657650476,19.544618547876563,-7.581399282004811
P10,Horizontal,Rear,1D,DT500,0,500.0,60.0,495.00000000000006,-4.999999999999971,5814,516,6331,0,0,0,0,1,7.522765408030738e-14,13.999999999999996,13.999999999999996
P10,Horizontal,Rear,1D,DT500,1,500.0,60.0,512.0,12.0,4730,546,5277,0,0,0,0,0,4.591410902529235e-14,14.00000000000004,14.00000000000004
P10,Horizontal,Rear,1D,DT500,2,500.0,60.0,477.0,-23.0,13841,508,14349,0,1,0,0,1,9.368237396521377e-14,13.99999999999997,13.99999999999997
P10,Horizontal,Rear,1D,DT500,3,500.0,60.0,482.0,-18.0,5036,523,5559,0,0,0,0,0,3.313274567109644e-14,14.000000000000062,14.000000000000062
P10,Horizontal,Rear,1D,DT500,4,500.0,60.0,501.0,1.0,5253,530,5783,0,0,0,0,0,4.477303959576084e-14,13.999999999999964,13.999999999999964
P10,Horizontal,Rear,1D,DT500,5,500.0,60.0,472.0,-28.0,12053,544,12598,0,0,0,0,0,7.11560664852591e-14,14.0,14.0
P10,Horizontal,Rear,1D,DT500,6,500.0,60.0,512.0,12.0,4143,551,4694,0,0,0,0,1,4.238767238938429e-14,13.999999999999956,13.999999999999956
P10,Horizontal,Rear,1D,DT500,0,250.0,60.0,284.0,34.00000000000003,2422,540,2962,0,0,0,0,0,3.4911464102342675e-14,21.0,21.0
P10,Horizontal,Rear,1D,DT500,1,250.0,60.0,225.0,-25.00000000000001,6716,536,7252,0,0,0,0,1,4.210067932927482e-14,21.0,21.0
P10,Horizontal,Rear,1D,DT500,2,250.0,60.0,250.0,0.0,5182,518,5701,0,0,0,0,0,3.274637268203044e-14,21.0,21.0
P10,Horizontal,Rear,1D,DT500,3,250.0,60.0,237.0,-13.0,6508,502,7011,0,0,0,0,2,3.298866035310336e-14,21.0,21.0
P10,Horizontal,Rear,1D,DT500,4,250.0,60.0,246.0,-4.000000000000014,2622,501,3123,0,0,0,0,0,3.488728287680645e-14,21.0,21.0
P10,Horizontal,Rear,1D,DT500,5,250.0,60.0,268.0,18.00000000000003,5506,515,6022,0,0,0,0,1,3.79052145523376e-14,21.0,21.0
P10,Horizontal,Rear,1D,DT500,6,250.0,60.0,261.0,11.000000000000028,2065,501,2567,0,0,0,0,1,3.866660780669879e-14,21.0,21.0
P10,Horizontal,Rear,1D,DT500,0,100.0,40.0,107.0,7.0,1660,501,2162,0,1,0,0,2,1.9365096026091145e-14,21.0,21.0
P10,Horizontal,Rear,1D,DT500,1,100.0,40.0,110.0,10.0,6227,516,6744,0,0,0,0,2,1.4676208455926504e-14,21.0,21.0
P10,Horizontal,Rear,1D,DT500,2,100.0,40.0,76.0,-24.000000000000004,2423,512,2935,1,0,0,0,3,1.2386618731198448e-14,21.0,21.0
P10,Horizontal,Rear,1D,DT500,3,100.0,40.0,82.0,-18.0,654,528,1183,0,0,0,0,1,1.499417746953758e-14,21.000000000000004,21.000000000000004
P10,Horizontal,Rear,1D,DT500,4,100.0,40.0,93.0,-6.999999999999991,809,501,1310,0,0,0,0,1,1.4464282699635633e-14,21.0,21.0
P10,Horizontal,Rear,1D,DT500,5,100.0,40.0,118.0,17.99999999999999,649,515,1164,0,0,0,0,0,1.9808803471524053e-14,21.0,21.0
P10,Horizontal,Rear,1D,DT500,6,100.0,40.0,111.0,10.999999999999991,4000,511,4511,0,0,0,0,2,1.0865409094063208e-14,21.0,21.0
P10,Horizontal,Rear,1D,DT500,0,500.0,40.0,481.0,-19.00000000000003,23362,520,23882,0,5,0,0,6,1.142390333968739e-13,21.0,21.0
P10,Horizontal,Rear,1D,DT500,1,500.0,40.0,501.00000000000006,1.000000000000029,21053,537,21590,0,3,0,0,3,8.766998119446526e-14,21.000000000000004,21.000000000000004
P10,Horizontal,Rear,1D,DT500,2,500.0,40.0,501.00000000000006,1.000000000000029,5025,534,5559,0,0,0,0,0,7.318889711165718e-14,21.0,21.0
P10,Horizontal,Rear,1D,DT500,3,500.0,40.0,511.0,11.000000000000028,14971,503,15475,0,1,0,0,3,8.074675156934134e-14,21.0,21.0
P10,Horizontal,Rear,1D,DT500,4,500.0,40.0,483.0,-17.00000000000003,9699,521,10220,0,1,0,0,1,9.125115540969077e-14,21.0,21.0
P10,Horizontal,Rear,1D,DT500,5,500.0,40.0,508.0,7.999999999999971,5545,519,6065,0,0,0,0,0,6.89426019226784e-14,21.000000000000004,21.000000000000004
P10,Horizontal,Rear,1D,DT500,6,500.0,40.0,508.0,7.999999999999971,4864,530,5395,0,0,0,0,0,7.183441736729798e-14,21.0,21.0
P10,Horizontal,Rear,1D,DT500,0,250.0,40.0,252.00000000000003,2.0000000000000147,3944,534,4478,0,0,0,0,0,3.5542187471496505e-14,21.0,21.0
P10,Horizontal,Rear,1D,DT500,1,250.0,40.0,261.0,11.000000000000028,3092,527,3620,0,0,0,0,0,3.7197207683126016e-14,21.0,21.0
P10,Horizontal,Rear,1D,DT500,2,250.0,40.0,258.0,8.0,9973,538,10511,0,0,0,0,0,3.7272955741056975e-14,21.0,21.0
P10,Horizontal,Rear,1D,DT500,3,250.0,40.0,246.0,-4.000000000000014,6207,546,6753,0,0,0,0,0,3.483698761157696e-14,21.0,21.0
P10,Horizontal,Rear,1D,DT500,4,250.0,40.0,251.0,1.0,3711,529,4241,0,0,0,0,0,3.634138941476328e-14,21.0,21.0
P10,Horizontal,Rear,1D,DT500,5,250.0,40.0,248.00000000000003,-1.999999999999985,9508,528,10037,0,1,0,0,2,4.406116984090312e-14,21.0,21.0
P10,Horizontal,Rear,1D,DT500,6,250.0,40.0,259.0,9.0,4197,518,4716,0,0,0,0,0,3.783264762652759e-14,21.0,21.0
P10,Horizontal,Rear,1D,DT500,0,100.0,60.0,80.0,-20.0,5432,540,5972,0,1,0,0,1,2.225768740185726e-14,21.0,21.0
P10,Horizontal,Rear,1D,DT500,1,100.0,60.0,80.0,-20.0,1575,503,2079,0,0,0,0,0,7.713796156022701e-15,21.000000000000007,21.000000000000007
P10,Horizontal,Rear,1D,DT500,2,100.0,60.0,110.0,10.0,2035,519,2555,0,0,0,0,0,1.4981591260126256e-14,21.0,21.0
P10,Horizontal,Rear,1D,DT500,3,100.0,60.0,127.0,27.0,3002,522,3524,0,0,0,0,0,1.7674527390216712e-14,21.0,21.0
P10,Horizontal,Rear,1D,DT500,4,100.0,60.0,114.0,14.0,7065,530,7596,0,0,0,0,0,1.4058108558955192e-14,21.0,21.0
P10,Horizontal,Rear,1D,DT500,5,100.0,60.0,121.0,21.00000000000001,4176,523,4700,0,0,0,0,0,1.69903560015363e-14,21.0,21.0
P10,Horizontal,Rear,1D,DT500,6,100.0,60.0,111.0,10.999999999999991,3101,511,3613,0,0,0,0,0,1.528745907445768e-14,21.0,21.0
P10,Joystick,Rear,2D,DT500,0,100.0,40.0,98.26601918253766,0.7732279643552603,4696,501,5198,0,0,1,2,1,16.029975989188856,25.67324138877711,25.335425988886104
P10,Joystick,Rear,2D,DT500,1,100.0,40.0,91.0643758195034,-6.428415398679017,3183,500,3684,0,0,0,1,0,4.328305832948567,10.81183852552475,-10.81183852552475
P10,Joystick,Rear,2D,DT500,2,100.0,40.0,78.0776859004208,-19.41510531776164,13085,500,13585,0,0,2,6,6,16.137135141371054,15.5988995077315,-9.11239928520005
P10,Joystick,Rear,2D,DT500,3,100.0,40.0,116.74639560909122,19.253604390908777,8814,500,9315,0,2,2,3,6,27.6706490060635,24.719723183391004,9.2318339100346
P10,Joystick,Rear,2D,DT500,4,100.0,40.0,82.15091217425794,-15.341879043924491,3181,500,3682,0,0,0,1,0,18.95272420078109,33.90873579986505,33.845318372509475
P10,Joystick,Rear,2D,DT500,5,100.0,40.0,89.97573789639526,-7.517053321787237,10486,500,10987,0,2,4,6,5,22.40444102043741,26.785176744205287,-24.366856192882555
P10,Joystick,Rear,2D,DT500,6,100.0,40.0,105.26020292052364,7.767411702341204,14428,500,14928,0,2,5,6,4,20.24970218738148,21.05716005384293,-14.291768101851783
P10,Joystick,Rear,2D,DT500,0,100.0,60.0,94.09095401861089,-3.401837199571513,2823,500,3324,0,0,1,1,0,15.009097789212063,25.896403068717945,-24.873857287192017
P10,Joystick,Rear,2D,DT500,1,100.0,60.0,109.52152495809598,12.028733739913564,2408,500,2909,0,0,1,1,0,13.232547796378585,31.11512362338393,-30.625985100812493
P10,Joystick,Rear,2D,DT500,2,100.0,60.0,110.34655819657138,12.853766978388988,3058,500,3558,0,0,0,1,2,12.329606968377732,35.99629692757752,-35.99629692757752
P10,Joystick,Rear,2D,DT500,3,100.0,60.0,89.74639560909117,-7.746395609091217,2152,500,2652,0,0,0,0,0,7.036646383500865e-15,4.000000000000003,-4.000000000000003
P10,Joystick,Rear,2D,DT500,4,100.0,60.0,87.12284164255489,-10.36994957562754,10311,500,10812,0,2,1,3,3,16.735518033283824,14.510079919474212,3.2130202534760604
P10,Joystick,Rear,2D,DT500,5,100.0,60.0,90.47051677938003,-7.022274438802452,3705,500,4206,0,0,0,1,2,31.93154891706702,57.92993105101818,-57.92993105101818
P10,Joystick,Rear,2D,DT500,6,100.0,60.0,109.91232154747644,12.419530329294012,1670,500,2170,0,0,2,1,0,7.607889540800974,7.895053205423394,5.334711055447595
P10,Joystick,Rear,2D,DT500,0,250.0,60.0,225.8327083117732,-17.899269733682686,4480,500,4981,0,0,1,1,0,13.237313680629333,19.061339804924785,-17.4426535875388
P10,Joystick,Rear,2D,DT500,1,250.0,60.0,241.75381555001687,-1.978162495439024,2930,502,3433,0,0,1,0,0,3.8988858941427353,3.668642134346477,-1.4177934693148777
P10,Joystick,Rear,2D,DT500,2,250.0,60.0,236.85799021756463,-6.873987827891325,5583,500,6084,0,0,1,2,0,13.97635987544999,11.603079501545697,9.234114471684297
P10,Joystick,Rear,2D,DT500,3,250.0,60.0,232.865989022728,-10.86598902272794,4580,500,5080,0,0,0,0,1,3.0102808913415604,14.597014925373136,-14.597014925373136
P10,Joystick,Rear,2D,DT500,4,250.0,60.0,263.625976484184,19.89399843872802,6352,500,6853,0,0,1,3,4,34.990722571755306,50.43775448575793,49.69156745180255
P10,Joystick,Rear,2D,DT500,5,250.0,60.0,219.0211300836193,-24.71084796183666,4376,500,4877,0,0,1,1,1,19.22609690910352,39.31571643800701,-37.64296261406679
P10,Joystick,Rear,2D,DT500,6,250.0,60.0,260.6867712302328,16.95479318477689,3191,501,3693,0,0,1,2,0,21.52600292944065,21.65279833146485,11.757264275636862
P10,Joystick,Rear,2D,DT500,0,500.0,40.0,493.41762849465175,5.953672403739938,12975,501,13477,0,0,1,14,4,35.839246152524275,38.2832862935649,-29.718173009227097
P10,Joystick,Rear,2D,DT500,1,500.0,40.0,483.2107015799722,-4.253254510939642,26852,507,27360,0,3,4,11,8,35.67706455921667,61.58993823111017,61.213934396989856
P10,Joystick,Rear,2D,DT500,2,500.0,40.0,483.1618185267135,-4.302137564198267,8142,500,8642,0,0,1,2,0,40.05062657521203,35.27734790383852,-8.413663677878091
P10,Joystick,Rear,2D,DT500,3,500.0,40.0,502.7319780454559,15.26802195454413,6313,500,6813,0,0,2,2,2,27.228845142388312,24.90965732087228,-8.716510903426798
P10,Joystick,Rear,2D,DT500,4,500.0,40.0,497.58638310692265,10.122427016010828,10255,500,10756,0,0,2,4,5,69.06930645642873,85.97860085884247,85.54797370417752
P10,Joystick,Rear,2D,DT500,5,500.0,40.0,501.20239164596126,13.738435555049437,6067,500,6568,0,0,1,2,0,21.018800565884124,26.00771626648831,20.72119730710021
P10,Joystick,Rear,2D,DT500,6,500.0,40.0,494.0659305422282,6.601974451316435,5921,500,6422,0,0,2,3,0,27.29877376219558,24.36463865327606,12.4819258476832
P10,Joystick,Rear,2D,DT500,0,500.0,60.0,482.6614098655384,-4.802546225373495,6063,504,6568,0,0,3,2,0,20.7227016511454,18.70437909879073,10.226615545180676
P10,Joystick,Rear,2D,DT500,1,500.0,60.0,489.9502554021228,2.486299311210904,5407,500,5908,0,0,2,3,0,6.510971619412431,8.573719789767082,-7.799410052251023
P10,Joystick,Rear,2D,DT500,2,500.0,60.0,490.23676391126367,2.772807820351878,6581,508,7089,0,0,3,3,0,34.96425010635571,30.25828267671828,19.021445751795376
P10,Joystick,Rear,2D,DT500,3,500.0,60.0,512.7319780454559,25.26802195454409,6252,503,6756,0,0,2,2,2,19.738459040164223,20.71571906354515,12.68227424749164
P10,Joystick,Rear,2D,DT500,4,500.0,60.0,493.4467540537509,5.982797962839071,9091,500,9592,0,0,1,2,1,45.70385561655072,79.61033901517413,79.50040239103052
P10,Joystick,Rear,2D,DT500,5,500.0,60.0,483.883265033369,-3.580691057542758,16022,500,16522,0,1,2,11,8,44.61944325939992,94.6475621028548,-93.42242555637144
P10,Joystick,Rear,2D,DT500,6,500.0,60.0,499.3327793898068,11.868823298895002,7700,500,8201,0,0,3,5,1,15.493972538610034,12.914493912301724,-0.3764499492134615
P10,Joystick,Rear,2D,DT500,0,250.0,40.0,234.9992688080791,-8.732709237376811,3235,500,3735,0,0,2,3,0,12.534526819369429,13.014070163454836,-7.575940205383799
P10,Joystick,Rear,2D,DT500,1,250.0,40.0,250.9675747384456,7.235596692989594,12274,500,12775,0,2,4,7,3,19.739153664749463,19.392002256231446,9.064645852087631
P10,Joystick,Rear,2D,DT500,2,250.0,40.0,253.7771903697068,10.045212324250835,6526,500,7027,0,0,0,5,3,24.14247115362057,43.00689789553492,42.99665040916569
P10,Joystick,Rear,2D,DT500,3,250.0,40.0,245.865989022728,2.134010977272069,3392,500,3892,0,0,0,0,0,1.578664275907648,7.159763313609466,7.159763313609466
P10,Joystick,Rear,2D,DT500,4,250.0,40.0,231.5895139157045,-12.142464129751447,11391,500,11891,0,3,2,4,4,35.503843318509546,31.46296561727921,21.31692467591208
P10,Joystick,Rear,2D,DT500,5,250.0,40.0,252.9565671909632,9.224589145507212,8083,500,8584,0,0,0,8,4,21.41986570449284,52.32651760832531,-52.32651760832531
P10,Joystick,Rear,2D,DT500,6,250.0,40.0,240.27730826464125,-3.45466978081466,3213,500,3714,0,0,1,2,0,13.289833410284134,13.06293145940468,12.361258105099123
P10,Joystick,Front,2D,DT500,0,250.0,40.0,235.68765259607784,-8.044325449378073,6467,500,6967,0,0,0,6,3,27.51413427785851,39.4227707233485,-39.2434155603347
P10,Joystick,Front,2D,DT500,1,250.0,40.0,238.48790178069245,-5.244076264763521,12001,500,12501,0,2,1,5,4,31.55361173678461,29.712247613716467,-7.27305124602743
P10,Joystick,Front,2D,DT500,2,250.0,40.0,242.7995570065412,-0.9324210389147184,8356,501,8857,0,0,2,6,3,22.97657728196183,30.700509232271624,29.705847918378645
P10,Joystick,Front,2D,DT500,3,250.0,40.0,251.865989022728,8.13401097727208,7777,500,8277,0,0,0,2,1,7.851068799133261,6.788888888888889,6.788888888888889
P10,Joystick,Front,2D,DT500,4,250.0,40.0,256.951713449084,13.219735403628077,6135,500,6636,0,0,0,2,3,21.43516002991685,35.898739174882714,35.54269861685872
P10,Joystick,Front,2D,DT500,5,250.0,40.0,226.71073398942568,-17.021244056030298,16489,502,16991,0,3,2,6,6,23.00919129981309,25.304708689061115,-19.606920332354747
P10,Joystick,Front,2D,DT500,6,250.0,40.0,262.39328513451034,18.66130708905442,3223,500,3723,0,0,0,0,0,2.691343770445189,3.7262672936873344,-3.7262672936873344
P10,Joystick,Front,2D,DT500,0,250.0,60.0,243.2117223783329,-0.5202556671229978,3555,500,4056,0,0,1,2,0,7.74761904076669,8.570136821293149,-7.002806104735139
P10,Joystick,Front,2D,DT500,1,250.0,60.0,241.9417879923616,-1.790190053094352,3406,500,3906,0,0,1,2,0,14.233160607126193,14.106095342311416,-6.703082905350615
P10,Joystick,Front,2D,DT500,2,250.0,60.0,265.356980093769,21.625002048313043,4750,500,5250,0,0,2,3,1,18.777735541184253,16.090509839611787,-2.432654071985563
P10,Joystick,Front,2D,DT500,3,250.0,60.0,256.86598902272794,13.134010977272077,6310,500,6810,0,0,1,1,2,13.55328233663899,14.058823529411764,7.47843137254902
P10,Joystick,Front,2D,DT500,4,250.0,60.0,244.77203303756767,1.0400549921118152,7246,501,7748,0,0,0,1,2,44.74475813922112,76.51175805052975,76.51175805052975
P10,Joystick,Front,2D,DT500,5,250.0,60.0,240.8034545150071,-2.9285235304488784,4446,500,4947,0,0,1,2,1,34.63142058496054,32.62627911535409,10.912904235431922
P10,Joystick,Front,2D,DT500,6,250.0,60.0,247.90704320938275,4.175065163926818,3515,500,4016,0,0,2,2,0,20.953780826568373,19.78049533962995,-10.066008498026894
P10,Joystick,Front,2D,DT500,0,500.0,60.0,499.6273936592987,12.163437568386874,5499,504,6004,0,0,4,6,0,9.984810505295169,9.27233649559336,-4.700107794703402
P10,Joystick,Front,2D,DT500,1,500.0,60.0,506.1807440916068,18.71678800069492,9643,503,10147,0,0,2,4,1,15.089166100689964,17.82807997640598,-15.843463374777558
P10,Joystick,Front,2D,DT500,2,500.0,60.0,475.4515153915994,-12.012440699312403,9423,500,9923,0,0,2,1,2,44.05845880756948,52.85509741676496,51.18169150467929
P10,Joystick,Front,2D,DT500,3,500.0,60.0,482.731978045456,-4.7319780454558185,6784,507,7291,0,0,1,2,1,25.39429276764648,22.353658536585368,-15.56707317073171
P10,Joystick,Front,2D,DT500,4,500.0,60.0,489.5085990120256,2.044642921113724,7836,502,8338,0,0,2,3,1,19.10918348498572,23.620646572535367,21.510629750696573
P10,Joystick,Front,2D,DT500,5,500.0,60.0,484.2098253151661,-3.254130775745676,7179,501,7681,0,0,2,2,0,11.845746156274382,26.9227492409371,25.399217223964687
P10,Joystick,Front,2D,DT500,6,500.0,60.0,507.0153469157914,19.551390824879675,6313,500,6814,0,0,2,2,0,29.50188854818088,26.650659693969256,-7.367448702137889
P10,Joystick,Front,2D,DT500,0,100.0,60.0,113.16529138046452,15.672500162282107,2041,501,2542,0,0,1,1,0,10.645804605042631,15.31708717233318,14.49969396616627
P10,Joystick,Front,2D,DT500,1,100.0,60.0,125.1087700045643,27.615978786381884,4252,506,4758,0,0,1,1,0,16.63725043595288,13.629437552096691,-4.906972839447182
P10,Joystick,Front,2D,DT500,2,100.0,60.0,118.99103158925524,21.498240371072843,3004,506,3510,0,0,1,0,0,9.587252692436476,9.65991533286231,-6.761384810187229
P10,Joystick,Front,2D,DT500,3,100.0,60.0,103.74639560909117,6.253604390908777,7932,500,8433,0,0,1,4,4,41.02162730387428,53.72916666666668,47.14062500000001
P10,Joystick,Front,2D,DT500,4,100.0,60.0,113.78669239328713,16.293901175104697,2499,500,3000,0,0,0,1,0,10.619862654287028,23.757466962858565,23.757466962858565
P10,Joystick,Front,2D,DT500,5,100.0,60.0,87.31356008777257,-10.179231130409915,12005,500,12505,0,1,3,7,8,26.282495293370484,38.73315146120325,-37.809289686388055
P10,Joystick,Front,2D,DT500,6,100.0,60.0,103.70255638282944,6.209765164647006,8363,500,8864,0,0,0,3,2,42.7522193338251,74.68320025083344,74.5966087698374
P10,Joystick,Front,2D,DT500,0,500.0,40.0,497.0628076143094,9.598851523397554,6484,500,6985,0,0,3,2,0,32.71771964590815,30.51506758138529,25.56702182369585
P10,Joystick,Front,2D,DT500,1,500.0,40.0,487.43654235353085,-0.0274137373809561,5470,500,5970,0,0,0,0,0,0.6557868184387543,2.668671213588865,-2.668671213588865
P10,Joystick,Front,2D,DT500,2,500.0,40.0,472.6490046188902,-14.814951472021589,5767,500,6267,0,0,1,3,0,19.877506019098345,16.951855820673547,-1.6046219067990226
P10,Joystick,Front,2D,DT500,3,500.0,40.0,493.731978045456,6.268021954544143,7396,500,7896,0,0,0,0,0,5.0803785601966556e-14,5.000000000000001,-5.000000000000001
P10,Joystick,Front,2D,DT500,4,500.0,40.0,489.8760799718085,2.4121238808966905,8799,500,9299,0,0,1,5,2,37.96015946006702,73.67114856051673,73.54408123484257
P10,Joystick,Front,2D,DT500,5,500.0,40.0,494.6409333455769,7.176977254665072,6860,500,7360,0,0,1,4,0,20.012930752560663,21.84674245265896,16.084670088404664
P10,Joystick,Front,2D,DT500,6,500.0,40.0,495.98377477147847,8.519818680566715,5284,500,5785,0,0,2,3,0,21.73771417373574,27.430253738060724,21.66611359737047
P10,Joystick,Front,2D,DT500,0,100.0,40.0,112.02067511556956,14.527883897387143,2812,500,3313,0,0,0,1,0,5.8940234797853615,5.984655693516184,-5.630703993922314
P10,Joystick,Front,2D,DT500,1,100.0,40.0,90.13407957700451,-7.358711641177895,7040,500,7541,0,1,2,2,3,25.08096653634626,21.327079995340096,5.5683477319018575
P10,Joystick,Front,2D,DT500,2,100.0,40.0,83.01641397905045,-14.476377239131931,3777,500,4277,0,0,2,2,1,25.758945665105493,24.016570635176727,9.245598358505603
P10,Joystick,Front,2D,DT500,3,100.0,40.0,105.74639560909117,8.253604390908778,4796,500,5297,0,1,1,0,1,13.05636768247744,14.45714285714286,-8.771428571428572
P10,Joystick,Front,2D,DT500,4,100.0,40.0,115.15474638997442,17.66195517179199,16023,500,16523,0,3,4,5,6,21.1290527073411,17.657631475224097,-5.799736191173885
P10,Joystick,Front,2D,DT500,5,100.0,40.0,84.68101304088525,-12.811778177297247,36218,500,36718,0,5,6,24,22,87.04934397247297,82.39980230665608,-64.28878985444372
P10,Joystick,Front,2D,DT500,6,100.0,40.0,99.13528193223318,1.6424907140507563,3031,500,3532,0,0,1,2,1,14.790855280519526,14.97791100757569,-12.661165031828542
P10,Vertical,Left,1D,DT500,0,250.0,60.0,233.0,-17.000000000000014,3141,521,3662,0,0,0,0,2,2.0565137293995105e-14,1.999999999999973,1.999999999999973
P10,Vertical,Left,1D,DT500,1,250.0,60.0,241.0,-9.0,2629,520,3149,0,0,0,0,0,1.8437438451796492e-14,2.000000000000035,2.000000000000035
P10,Vertical,Left,1D,DT500,2,250.0,60.0,248.00000000000003,-1.999999999999985,2058,543,2602,0,0,0,0,0,1.9752483336274493e-14,1.9999999999999687,1.9999999999999687
P10,Vertical,Left,1D,DT500,3,250.0,60.0,239.0,-10.999999999999986,3501,526,4028,0,0,0,0,0,2.033305690447093e-14,2.0000000000000258,2.0000000000000258
P10,Vertical,Left,1D,DT500,4,250.0,60.0,234.0,-16.000000000000014,2582,544,3126,0,0,0,0,1,1.9087170647185035e-14,1.9999999999999687,1.9999999999999687
P10,Vertical,Left,1D,DT500,5,250.0,60.0,239.0,-10.999999999999986,4187,545,4732,0,0,0,0,0,2.0160456559984784e-14,2.000000000000033,2.000000000000033
P10,Vertical,Left,1D,DT500,6,250.0,60.0,237.0,-13.0,3901,540,4442,0,0,0,0,1,2.0482030057876852e-14,1.9999999999999751,1.9999999999999751
P10,Vertical,Left,1D,DT500,0,100.0,40.0,91.0,-9.000000000000009,1389,508,1898,0,0,0,0,1,1.2915316945473204e-14,8.999999999999998,8.999999999999998
P10,Vertical,Left,1D,DT500,1,100.0,40.0,118.0,18.00000000000001,1452,519,1971,0,0,0,0,0,1.3137557909344435e-14,9.000000000000002,9.000000000000002
P10,Vertical,Left,1D,DT500,2,100.0,40.0,102.0,2.0,1869,516,2385,0,0,0,0,1,1.4044254718468595e-14,9.0,9.0
P10,Vertical,Left,1D,DT500,3,100.0,40.0,115.0,15.0,1306,529,1835,0,0,0,0,0,1.593678176661998e-14,9.0,9.0
P10,Vertical,Left,1D,DT500,4,100.0,40.0,99.0,-1.0,1891,529,2420,0,0,0,0,2,1.4173798968388268e-14,9.0,9.0
P10,Vertical,Left,1D,DT500,5,100.0,40.0,88.0,-12.000000000000004,1982,508,2491,0,0,0,0,0,1.2484746596961262e-14,9.0,9.0
P10,Vertical,Left,1D,DT500,6,100.0,40.0,102.0,2.0,1209,510,1719,0,0,0,0,1,1.4422263752406876e-14,8.999999999999998,8.999999999999998
P10,Vertical,Left,1D,DT500,0,500.0,60.0,507.0,7.0,6876,526,7403,0,0,0,0,0,4.2167208488014116e-14,8.999999999999957,8.999999999999957
P10,Vertical,Left,1D,DT500,1,500.0,60.0,503.0,2.9999999999999707,4824,528,5352,0,0,0,0,0,4.1673559454512614e-14,9.000000000000055,9.000000000000055
P10,Vertical,Left,1D,DT500,2,500.0,60.0,494.0,-6.0,6156,524,6680,0,0,0,0,1,4.6154774011292017e-14,8.999999999999966,8.999999999999966
P10,Vertical,Left,1D,DT500,3,500.0,60.0,499.0,-1.000000000000029,6272,517,6789,0,0,0,0,0,4.7605259817912e-14,9.000000000000025,9.000000000000025
P10,Vertical,Left,1D,DT500,4,500.0,60.0,513.9999999999999,13.99999999999994,6046,543,6590,0,0,0,0,0,4.4823848335700023e-14,8.999999999999964,8.999999999999964
P10,Vertical,Left,1D,DT500,5,500.0,60.0,508.0,8.000000000000028,5549,511,6060,0,0,0,0,0,4.5547964468865846e-14,9.000000000000032,9.000000000000032
P10,Vertical,Left,1D,DT500,6,500.0,60.0,511.0,10.999999999999972,5234,530,5765,0,0,0,0,0,4.286837506802704e-14,8.999999999999957,8.999999999999957
P10,Vertical,Left,1D,DT500,0,250.0,40.0,258.0,8.000000000000028,2882,529,3411,0,0,0,0,0,2.2696745808848195e-14,8.999999999999979,8.999999999999979
P10,Vertical,Left,1D,DT500,1,250.0,40.0,244.0,-6.0,3414,552,3966,0,0,0,0,0,2.5274667923965675e-14,9.000000000000012,9.000000000000012
P10,Vertical,Left,1D,DT500,2,250.0,40.0,252.0,2.0,2753,518,3272,0,0,0,0,1,2.0873767587981622e-14,8.999999999999966,8.999999999999966
P10,Vertical,Left,1D,DT500,3,250.0,40.0,259.0,9.000000000000028,2862,534,3396,0,0,0,0,0,2.51541683304382e-14,9.000000000000016,9.000000000000016
P10,Vertical,Left,1D,DT500,4,250.0,40.0,236.0,-14.0,3416,508,3924,0,0,0,0,1,2.889547692232033e-14,8.999999999999991,8.999999999999991
P10,Vertical,Left,1D,DT500,5,250.0,40.0,248.0,-2.0,3519,511,4030,0,0,0,0,0,2.4156871210801184e-14,9.000000000000016,9.000000000000016
P10,Vertical,Left,1D,DT500,6,250.0,40.0,264.0,14.000000000000028,2642,526,3168,0,0,0,0,0,2.0423332828281063e-14,8.999999999999966,8.999999999999966
P10,Vertical,Left,1D,DT500,0,500.0,40.0,504.0,4.0,5309,505,5814,0,0,0,0,1,3.860125793220994e-14,8.999999999999932,8.999999999999932
P10,Vertical,Left,1D,DT500,1,500.0,40.0,500.00000000000006,2.9103830456733704e-14,4827,515,5343,0,0,0,0,1,4.474490405138804e-14,9.000000000000087,9.000000000000087
P10,Vertical,Left,1D,DT500,2,500.0,40.0,490.0,-10.000000000000028,6837,515,7353,0,1,0,0,1,5.957014551371274e-14,8.999999999999876,8.999999999999876
P10,Vertical,Left,1D,DT500,3,500.0,40.0,492.0,-8.0,4749,527,5277,0,0,0,0,0,4.2868503625887445e-14,9.000000000000076,9.000000000000076
P10,Vertical,Left,1D,DT500,4,500.0,40.0,488.0,-11.999999999999972,5394,506,5900,0,0,0,0,1,3.921272111963675e-14,8.999999999999934,8.999999999999934
P10,Vertical,Left,1D,DT500,5,500.0,40.0,511.0,10.999999999999972,5495,515,6011,0,0,0,0,0,3.924026061139615e-14,9.00000000000006,9.00000000000006
P10,Vertical,Left,1D,DT500,6,500.0,40.0,500.00000000000006,2.9103830456733704e-14,5690,525,6215,0,0,0,0,1,4.1176364232877046e-14,8.999999999999943,8.999999999999943
P10,Vertical,Left,1D,DT500,0,100.0,60.0,90.0,-10.000000000000004,1461,504,1965,0,0,0,0,0,1.2354941730346841e-14,9.0,9.0
P10,Vertical,Left,1D,DT500,1,100.0,60.0,111.0,11.0,952,517,1470,0,0,0,0,0,1.1089393581381564e-14,9.000000000000007,9.000000000000007
P10,Vertical,Left,1D,DT500,2,100.0,60.0,91.0,-9.000000000000009,1540,524,2065,0,0,0,0,1,1.3319882988773303e-14,9.0,9.0
P10,Vertical,Left,1D,DT500,3,100.0,60.0,99.0,-1.0,1391,513,1905,0,0,0,0,0,1.2558227270271256e-14,9.000000000000002,9.000000000000002
P10,Vertical,Left,1D,DT500,4,100.0,60.0,92.0,-8.000000000000009,1376,532,1909,0,0,0,0,1,1.3176209926266364e-14,9.0,9.0
P10,Vertical,Left,1D,DT500,5,100.0,60.0,113.0,13.0,801,507,1308,0,0,0,0,0,8.826098480675078e-15,9.000000000000014,9.000000000000014
P10,Vertical,Left,1D,DT500,6,100.0,60.0,95.0,-5.0,2073,526,2600,0,0,0,0,1,1.1806975624614902e-14,9.0,9.0
P10,Vertical,Right,1D,DT500,0,250.0,40.0,254.0,4.0,2376,544,2921,0,0,0,0,0,1.9067970239475572e-14,3.0000000000000355,-3.0000000000000355
P10,Vertical,Right,1D,DT500,1,250.0,40.0,241.0,-9.0,2815,530,3345,0,0,0,0,0,2.304636419785718e-14,2.9999999999999702,-2.9999999999999702
P10,Vertical,Right,1D,DT500,2,250.0,40.0,237.0,-13.000000000000014,2965,533,3499,0,0,0,0,1,1.9876634843383992e-14,3.000000000000033,-3.000000000000033
P10,Vertical,Right,1D,DT500,3,250.0,40.0,246.0,-4.0,3029,531,3560,0,0,0,0,0,2.042756730643648e-14,2.9999999999999662,-2.9999999999999662
P10,Vertical,Right,1D,DT500,4,250.0,40.0,241.0,-9.0,3310,518,3828,0,0,0,0,1,2.1631418346542915e-14,3.0000000000000275,-3.0000000000000275
P10,Vertical,Right,1D,DT500,5,250.0,40.0,257.0,7.0,4959,533,5493,0,0,0,0,0,2.185075320671513e-14,2.9999999999999694,-2.9999999999999694
P10,Vertical,Right,1D,DT500,6,250.0,40.0,235.0,-15.0,3613,531,4145,0,0,0,0,1,2.099707519645844e-14,3.0000000000000284,-3.0000000000000284
P10,Vertical,Right,1D,DT500,0,100.0,60.0,85.0,-15.000000000000004,1747,506,2254,0,0,0,0,0,5.845564082729407e-15,3.999999999999985,3.999999999999985
P10,Vertical,Right,1D,DT500,1,100.0,60.0,96.0,-4.0,820,511,1332,0,0,0,0,0,7.066631855989219e-15,4.000000000000015,4.000000000000015
P10,Vertical,Right,1D,DT500,2,100.0,60.0,91.0,-8.999999999999991,2191,505,2697,0,0,0,0,1,8.29342471078081e-15,3.999999999999995,3.999999999999995
P10,Vertical,Right,1D,DT500,3,100.0,60.0,89.0,-11.0,2793,540,3334,0,0,0,0,0,1.080921205196757e-14,4.000000000000001,4.000000000000001
P10,Vertical,Right,1D,DT500,4,100.0,60.0,79.0,-21.0,2897,533,3431,0,0,0,0,0,1.017337969074928e-14,3.999999999999999,3.999999999999999
P10,Vertical,Right,1D,DT500,5,100.0,60.0,112.0,12.0,1091,536,1628,0,0,0,0,0,8.415872916688042e-15,4.000000000000013,4.000000000000013
P10,Vertical,Right,1D,DT500,6,100.0,60.0,73.0,-27.0,1330,502,1832,0,0,0,0,1,9.632744363711804e-15,3.999999999999989,3.999999999999989
P10,Vertical,Right,1D,DT500,0,100.0,40.0,97.0,-2.999999999999991,2221,527,2749,0,0,0,0,2,1.0380452274690191e-14,3.999999999999991,3.999999999999991
P10,Vertical,Right,1D,DT500,1,100.0,40.0,95.0,-5.0,1198,512,1711,0,0,0,0,1,1.0389536428433264e-14,4.000000000000012,4.000000000000012
P10,Vertical,Right,1D,DT500,2,100.0,40.0,112.0,12.0,1862,507,2370,0,1,0,0,1,8.922852901378178e-15,3.999999999999978,3.999999999999978
P10,Vertical,Right,1D,DT500,3,100.0,40.0,96.0,-4.0,1300,540,1841,0,0,0,0,1,1.1821080502167859e-14,4.000000000000012,4.000000000000012
P10,Vertical,Right,1D,DT500,4,100.0,40.0,80.0,-20.0,1139,532,1672,0,0,0,0,1,6.817513043266882e-15,3.999999999999985,3.999999999999985
P10,Vertical,Right,1D,DT500,5,100.0,40.0,94.0,-6.0,2679,506,3185,0,0,0,0,0,9.381663198444132e-15,4.000000000000005,4.000000000000005
P10,Vertical,Right,1D,DT500,6,100.0,40.0,89.0,-11.0,2699,512,3212,0,0,0,0,1,1.0926976435477535e-14,3.999999999999997,3.999999999999997
P10,Vertical,Right,1D,DT500,0,500.0,60.0,494.00000000000006,-5.999999999999971,5089,555,5645,0,0,0,0,0,4.0924244334695056e-14,3.999999999999947,3.999999999999947
P10,Vertical,Right,1D,DT500,1,500.0,60.0,489.0,-10.999999999999972,7394,507,7901,0,0,0,0,1,4.2204337007782505e-14,4.000000000000063,4.000000000000063
P10,Vertical,Right,1D,DT500,2,500.0,60.0,482.0,-18.0,6135,531,6667,0,0,0,0,1,3.9284595173308535e-14,3.999999999999945,3.999999999999945
P10,Vertical,Right,1D,DT500,3,500.0,60.0,502.0,2.0,5261,502,5764,0,0,0,0,0,3.8306000204357046e-14,4.000000000000058,4.000000000000058
P10,Vertical,Right,1D,DT500,4,500.0,60.0,482.0,-18.0,5114,511,5626,0,0,0,0,1,4.072566823548973e-14,3.999999999999938,3.999999999999938
P10,Vertical,Right,1D,DT500,5,500.0,60.0,511.0,11.0,4468,545,5014,0,0,0,0,0,3.9726577632603453e-14,4.000000000000059,4.000000000000059
P10,Vertical,Right,1D,DT500,6,500.0,60.0,495.00000000000006,-4.999999999999971,5895,529,6424,0,0,0,0,3,4.321294512916621e-14,3.999999999999937,3.999999999999937
P10,Vertical,Right,1D,DT500,0,250.0,60.0,241.0,-9.000000000000014,3753,532,4285,0,0,0,0,0,2.2116356035348325e-14,3.99999999999997,3.99999999999997
P10,Vertical,Right,1D,DT500,1,250.0,60.0,239.0,-11.0,2480,509,2989,0,0,0,0,1,2.1504143477265185e-14,4.000000000000028,4.000000000000028
P10,Vertical,Right,1D,DT500,2,250.0,60.0,245.0,-5.000000000000014,3189,504,3693,0,0,0,0,2,1.7901153907890962e-14,3.999999999999962,3.999999999999962
P10,Vertical,Right,1D,DT500,3,250.0,60.0,241.0,-9.000000000000014,2837,508,3346,0,0,0,0,0,2.0896119411229084e-14,4.000000000000028,4.000000000000028
P10,Vertical,Right,1D,DT500,4,250.0,60.0,241.0,-9.000000000000014,3190,533,3723,0,0,0,0,1,1.963224146619241e-14,3.999999999999968,3.999999999999968
P10,Vertical,Right,1D,DT500,5,250.0,60.0,251.0,0.9999999999999856,2662,530,3192,0,0,0,0,0,2.1958166271062222e-14,4.000000000000025,4.000000000000025
P10,Vertical,Right,1D,DT500,6,250.0,60.0,241.0,-9.000000000000014,2004,537,2542,0,0,0,0,1,2.025337842625756e-14,3.99999999999997,3.99999999999997
P10,Vertical,Right,1D,DT500,0,500.0,40.0,514.0,14.0,5939,509,6449,0,0,0,0,2,4.50002260778939e-14,3.99999999999994,3.99999999999994
P10,Vertical,Right,1D,DT500,1,500.0,40.0,502.0,2.0,4694,507,5201,0,0,0,0,0,4.135876999868329e-14,4.000000000000062,4.000000000000062
P10,Vertical,Right,1D,DT500,2,500.0,40.0,496.00000000000006,-3.99999999999997,6610,546,7156,0,1,0,0,3,4.2178086993944616e-14,3.999999999999926,3.999999999999926
P10,Vertical,Right,1D,DT500,3,500.0,40.0,496.00000000000006,-3.99999999999997,5598,509,6108,0,0,0,0,0,4.191400331603779e-14,4.000000000000069,4.000000000000069
P10,Vertical,Right,1D,DT500,4,500.0,40.0,499.0,-1.0,5265,523,5788,0,0,0,0,2,4.246498967063502e-14,3.999999999999937,3.999999999999937
P10,Vertical,Right,1D,DT500,5,500.0,40.0,504.00000000000006,4.000000000000029,4691,510,5201,0,0,0,0,0,4.182419986798744e-14,4.000000000000055,4.000000000000055
P10,Vertical,Right,1D,DT500,6,500.0,40.0,502.0,2.0,4564,545,5109,0,0,0,0,1,4.159322345999305e-14,3.99999999999994,3.99999999999994
P10,Vertical,Center,1D,DT500,0,100.0,40.0,112.0,12.0,968,508,1477,0,0,0,0,1,9.6208093745262e-15,0.999999999999985,0.999999999999985
P10,Vertical,Center,1D,DT500,1,100.0,40.0,99.0,-0.9999999999999908,2014,517,2531,0,0,0,0,0,1.0023139856359822e-14,1.0000000000000124,1.0000000000000124
P10,Vertical,Center,1D,DT500,2,100.0,40.0,97.0,-3.0,1907,502,2409,0,0,0,0,2,8.962501910440793e-15,0.9999999999999876,0.9999999999999876
P10,Vertical,Center,1D,DT500,3,100.0,40.0,117.0,16.99999999999999,1397,518,1915,0,0,0,0,0,1.0046683455905965e-14,1.0000000000000124,1.0000000000000124
P10,Vertical,Center,1D,DT500,4,100.0,40.0,90.0,-10.000000000000004,1646,527,2173,0,0,0,0,1,1.0788416353998424e-14,0.999999999999992,0.999999999999992
P10,Vertical,Center,1D,DT500,5,100.0,40.0,107.0,7.0,1400,520,1920,0,0,0,0,0,9.32015330273007e-15,1.000000000000012,1.000000000000012
P10,Vertical,Center,1D,DT500,6,100.0,40.0,102.0,2.0,1577,528,2106,0,0,0,0,1,1.1034578076031164e-14,0.9999999999999902,0.9999999999999902
P10,Vertical,Center,1D,DT500,0,500.0,40.0,504.00000000000006,4.000000000000029,6456,520,6976,0,0,0,0,2,5.1700392845280813e-14,7.9999999999999,7.9999999999999
P10,Vertical,Center,1D,DT500,1,500.0,40.0,499.0,-1.0,5419,503,5922,0,0,0,0,0,4.194882229204192e-14,8.000000000000078,8.000000000000078
P10,Vertical,Center,1D,DT500,2,500.0,40.0,490.0,-10.000000000000028,5516,523,6040,0,0,0,0,1,4.0350540749896e-14,7.999999999999946,7.999999999999946
P10,Vertical,Center,1D,DT500,3,500.0,40.0,508.0,8.0,5542,533,6075,0,0,0,0,0,4.493889490259602e-14,8.000000000000085,8.000000000000085
P10,Vertical,Center,1D,DT500,4,500.0,40.0,490.0,-10.000000000000028,6097,504,6602,0,0,0,0,1,4.284252690053412e-14,7.999999999999937,7.999999999999937
P10,Vertical,Center,1D,DT500,5,500.0,40.0,506.00000000000006,6.000000000000029,4702,533,5235,0,0,0,0,0,4.294514037442396e-14,8.000000000000075,8.000000000000075
P10,Vertical,Center,1D,DT500,6,500.0,40.0,486.0,-14.0,4922,532,5454,0,0,0,0,1,4.8918235646534056e-14,7.999999999999914,7.999999999999914
P10,Vertical,Center,1D,DT500,0,250.0,60.0,240.0,-10.0,3171,530,3702,0,0,0,0,1,2.3665605884973065e-14,7.999999999999984,7.999999999999984
P10,Vertical,Center,1D,DT500,1,250.0,60.0,267.0,17.0,2215,521,2736,0,0,0,0,0,2.353112175743648e-14,8.00000000000004,8.00000000000004
P10,Vertical,Center,1D,DT500,2,250.0,60.0,238.0,-12.0,2705,515,3220,0,0,0,0,1,2.3355678018533053e-14,7.999999999999972,7.999999999999972
P10,Vertical,Center,1D,DT500,3,250.0,60.0,263.0,13.0,2399,510,2909,0,0,0,0,0,2.2331248265260822e-14,8.000000000000036,8.000000000000036
P10,Vertical,Center,1D,DT500,4,250.0,60.0,232.0,-18.0,3063,502,3566,0,0,0,0,1,2.342561812408505e-14,7.999999999999984,7.999999999999984
P10,Vertical,Center,1D,DT500,5,250.0,60.0,268.0,18.0,2181,514,2696,0,0,0,0,0,2.2405760699117712e-14,8.00000000000004,8.00000000000004
P10,Vertical,Center,1D,DT500,6,250.0,60.0,251.00000000000003,1.0000000000000149,3207,504,3711,0,0,0,0,1,2.4386043831193e-14,7.999999999999986,7.999999999999986
P10,Vertical,Center,1D,DT500,0,250.0,40.0,232.0,-18.0,2797,533,3331,0,0,0,0,1,2.3920243363176315e-14,7.999999999999974,7.999999999999974
P10,Vertical,Center,1D,DT500,1,250.0,40.0,264.0,14.0,4675,532,5208,0,1,0,0,2,3.05596865739723e-14,8.000000000000068,8.000000000000068
P10,Vertical,Center,1D,DT500,2,250.0,40.0,246.0,-4.0,2258,518,2777,0,0,0,0,1,2.4582530088463635e-14,7.999999999999957,7.999999999999957
P10,Vertical,Center,1D,DT500,3,250.0,40.0,239.0,-11.0,3549,510,4060,0,1,0,0,1,3.22154403589529e-14,8.00000000000006,8.00000000000006
P10,Vertical,Center,1D,DT500,4,250.0,40.0,245.0,-5.0,2233,512,2746,0,0,0,0,1,2.34488135574663e-14,7.999999999999957,7.999999999999957
P10,Vertical,Center,1D,DT500,5,250.0,40.0,252.0,2.0,2604,532,3137,0,0,0,0,0,2.4066459418707e-14,8.000000000000039,8.000000000000039
P10,Vertical,Center,1D,DT500,6,250.0,40.0,231.0,-18.999999999999982,2310,532,2843,0,0,0,0,1,2.4890633544087923e-14,7.999999999999957,7.999999999999957
P10,Vertical,Center,1D,DT500,0,500.0,60.0,499.0,-1.0,6026,537,6563,0,0,0,0,2,4.2001801443361786e-14,7.999999999999921,7.999999999999921
P10,Vertical,Center,1D,DT500,1,500.0,60.0,486.0,-14.0,4322,511,4834,0,0,0,0,0,3.991523170928677e-14,8.000000000000075,8.000000000000075
P10,Vertical,Center,1D,DT500,2,500.0,60.0,483.0,-17.00000000000003,6092,526,6619,0,0,0,0,1,4.0214504531301716e-14,7.999999999999947,7.999999999999947
P10,Vertical,Center,1D,DT500,3,500.0,60.0,510.0,9.999999999999972,5379,504,5884,0,0,0,0,0,3.913908560669778e-14,8.000000000000068,8.000000000000068
P10,Vertical,Center,1D,DT500,4,500.0,60.0,472.0,-28.00000000000003,6291,504,6796,0,0,0,0,2,4.3278301694453663e-14,7.999999999999932,7.999999999999932
P10,Vertical,Center,1D,DT500,5,500.0,60.0,513.0,13.0,4266,523,4789,0,0,0,0,0,3.991960369534428e-14,8.000000000000073,8.000000000000073
P10,Vertical,Center,1D,DT500,6,500.0,60.0,490.0,-10.000000000000028,6209,539,6748,0,0,0,0,1,4.244433051968498e-14,7.999999999999952,7.999999999999952
P10,Vertical,Center,1D,DT500,0,100.0,60.0,67.0,-33.00000000000001,1326,509,1835,1,0,0,0,1,9.53172007927218e-15,7.999999999999997,7.999999999999997
P10,Vertical,Center,1D,DT500,1,100.0,60.0,117.0,17.0,389,528,918,0,0,0,0,0,7.105427357601002e-15,8.00000000000002,8.00000000000002
P10,Vertical,Center,1D,DT500,2,100.0,60.0,85.0,-15.0,2539,512,3052,0,0,0,0,2,1.2093506975163344e-14,8.000000000000002,8.000000000000002
P10,Vertical,Center,1D,DT500,3,100.0,60.0,86.0,-14.0,909,522,1432,0,0,0,0,0,7.999086481254793e-15,8.000000000000009,8.000000000000009
P10,Vertical,Center,1D,DT500,4,100.0,60.0,94.0,-6.0,2916,524,3440,0,1,0,0,3,8.410921186263968e-15,7.999999999999994,7.999999999999994
P10,Vertical,Center,1D,DT500,5,100.0,60.0,121.0,20.99999999999999,931,507,1439,0,0,0,0,0,1.0476558053614294e-14,8.000000000000014,8.000000000000014
P10,Vertical,Center,1D,DT500,6,100.0,60.0,75.0,-25.000000000000004,4227,527,4755,0,1,0,0,3,1.1137775119691248e-14,8.0,8.0
P3,Joystick,Front,2D,DT500,0,250.0,60.0,249.23097820413705,5.499000158681087,4385,500,4885,0,0,1,2,0,23.266567219208817,43.40022584311247,-42.809658249825496
P3,Joystick,Front,2D,DT500,1,250.0,60.0,243.7826266362024,0.050648590746481,3404,500,3904,0,0,2,1,0,7.365655389993369,7.095578164169387,-4.32079562695301
P3,Joystick,Front,2D,DT500,2,250.0,60.0,243.698260201001,-0.0337178444549429,4122,500,4622,0,0,1,1,0,12.355839338886254,10.95265581024554,4.56841426049818
P3,Joystick,Front,2D,DT500,3,250.0,60.0,250.865989022728,7.134010977272049,4692,500,5193,0,0,1,1,2,25.260416688788744,25.875,18.047413793103445
P3,Joystick,Front,2D,DT500,4,250.0,60.0,227.7200273267564,-16.011950718699534,12023,500,12523,0,1,2,5,4,46.44916050224267,50.5314059877562,41.801627557044206
P3,Joystick,Front,2D,DT500,5,250.0,60.0,267.3264633954494,23.59448534999347,12324,500,12824,0,0,1,2,3,41.24963156043486,39.18221791285076,-20.754558666805405
P3,Joystick,Front,2D,DT500,6,250.0,60.0,240.08679892579835,-3.645179119657572,3633,500,4133,0,0,2,2,0,17.74662451658511,17.12283576193359,9.934351883409809
P3,Joystick,Front,2D,DT500,0,500.0,40.0,493.830658767451,6.366702676539151,5189,500,5689,0,0,0,1,0,9.576185225048528,21.12589487727545,-21.12589487727545
P3,Joystick,Front,2D,DT500,1,500.0,40.0,471.9780082259365,-15.485947864975335,12183,500,12683,0,0,3,4,2,53.08303613533226,41.199045873139774,30.08899780859315
P3,Joystick,Front,2D,DT500,2,500.0,40.0,471.3141520118703,-16.149804079041516,7248,500,7748,0,0,0,3,1,25.749066660752217,35.06052401729742,-34.8734129801303
P3,Joystick,Front,2D,DT500,3,500.0,40.0,503.7319780454559,16.268021954544132,5298,501,5800,0,0,0,0,0,4.7416178195322997e-14,6.000000000000007,-6.000000000000007
P3,Joystick,Front,2D,DT500,4,500.0,40.0,474.7588175554713,-12.70513853544056,11755,500,12256,0,1,1,2,3,67.50920886051088,93.33552513454876,88.80028322154736
P3,Joystick,Front,2D,DT500,5,500.0,40.0,507.44716658512704,19.9832104942152,16473,500,16973,0,0,0,4,3,97.77464583023934,181.7846959106656,-181.7846959106656
P3,Joystick,Front,2D,DT500,6,500.0,40.0,490.5792491663002,3.11529307538843,15292,500,15792,0,0,3,6,3,23.36802037406131,21.00203926281933,12.367344438369456
P3,Joystick,Front,2D,DT500,0,500.0,60.0,499.8499145932551,12.385958502343206,5796,500,6296,0,0,2,2,0,28.413635122116432,27.56437153705891,-12.25991809240257
P3,Joystick,Front,2D,DT500,1,500.0,60.0,474.6500629551376,-12.813893135774189,13392,500,13892,0,0,2,6,4,41.14581758051149,36.253463813211496,-3.4456803567164744
P3,Joystick,Front,2D,DT500,2,500.0,60.0,510.0912803947842,22.627324303872385,11190,500,11690,0,0,7,7,3,24.072497910748147,24.294567091746945,-18.07961709139888
P3,Joystick,Front,2D,DT500,3,500.0,60.0,494.7319780454559,7.268021954544115,6161,500,6661,0,0,2,1,0,8.431889859257547,7.104693140794224,2.967509025270712
P3,Joystick,Front,2D,DT500,4,500.0,60.0,492.3133754581774,4.84941936726555,9014,500,9514,0,0,1,4,1,44.43346300355559,66.80586629244063,66.55887991165248
P3,Joystick,Front,2D,DT500,5,500.0,60.0,502.94415013266354,15.480194041751693,6610,500,7110,0,0,1,3,0,15.034094034609776,34.595950205700866,-34.11028126511742
P3,Joystick,Front,2D,DT500,6,500.0,60.0,483.0871909791585,-4.376765111753301,5274,500,5774,0,0,0,4,0,14.011554630352403,14.096080322268502,-12.855926841603894
P3,Joystick,Front,2D,DT500,0,100.0,40.0,91.134158686952,-6.358632531230392,14838,500,15339,0,3,2,9,8,34.265192223294065,28.97130824922697,-1.6694997101903009
P3,Joystick,Front,2D,DT500,1,100.0,40.0,82.30588783174576,-15.18690338643665,11098,500,11599,0,0,3,5,6,51.79126394030212,42.4614776816356,-16.07023594675878
P3,Joystick,Front,2D,DT500,2,100.0,40.0,111.8164820357032,14.3236908175208,2040,500,2541,0,0,2,1,0,10.183180868342722,10.643530107990223,-7.988500528738165
P3,Joystick,Front,2D,DT500,3,100.0,40.0,77.74639560909117,-19.746395609091216,9064,500,9564,0,0,3,3,3,40.39089932926026,34.074585635359114,-16.42265193370166
P3,Joystick,Front,2D,DT500,4,100.0,40.0,95.4330354651231,-2.059755753059332,14637,500,15137,0,1,3,4,7,64.83780243718715,62.93385209101388,50.11286677881186
P3,Joystick,Front,2D,DT500,5,100.0,40.0,95.6167768748592,-1.8760143433232763,2882,500,3382,0,0,1,1,0,5.591165070131922,6.939217746262233,-6.118136959418234
P3,Joystick,Front,2D,DT500,6,100.0,40.0,94.89619357807965,-2.596597640102793,4786,500,5286,0,0,1,2,1,16.003939761574625,15.451574168049929,9.704259831216358
P3,Joystick,Front,2D,DT500,0,250.0,40.0,231.01471298299523,-12.717265062460688,12761,503,13264,0,1,1,5,4,26.61340973484145,21.86402948806107,-3.7421663870683415
P3,Joystick,Front,2D,DT500,1,250.0,40.0,230.66958695601213,-13.062391089443816,13230,500,13730,0,0,3,7,4,28.09132945306514,24.778890554576734,-10.190673075070931
P3,Joystick,Front,2D,DT500,2,250.0,40.0,252.97582567080627,9.243847625350313,4649,500,5149,0,0,1,1,1,18.92121816683001,35.464689047695465,35.21923938018985
P3,Joystick,Front,2D,DT500,3,250.0,40.0,249.865989022728,6.134010977272062,18314,501,18815,0,3,2,4,5,22.924286614547608,21.626543209876544,9.830246913580243
P3,Joystick,Front,2D,DT500,4,250.0,40.0,241.8676524224141,-1.8643256230418628,8000,500,8500,0,0,2,2,3,58.80358079557954,55.83468336655464,49.993924077234034
P3,Joystick,Front,2D,DT500,5,250.0,40.0,243.7131772407992,-0.0188008046567578,5605,500,6106,0,0,2,3,2,31.02691195686771,25.79419533644468,-13.885662227624126
P3,Joystick,Front,2D,DT500,6,250.0,40.0,253.9583106303002,10.226332584844275,23594,500,24094,0,1,6,10,8,35.74576528204004,40.01550363059524,-30.89806115439068
P3,Joystick,Front,2D,DT500,0,100.0,60.0,116.73681693274916,19.244025714566742,6335,500,6835,0,1,1,6,5,26.43700732830698,33.269893129547235,26.20522492682656
P3,Joystick,Front,2D,DT500,1,100.0,60.0,114.59864660952596,17.105855391343546,1154,501,1655,0,0,2,1,0,19.93092843773737,19.14919597317525,-10.71699483662725
P3,Joystick,Front,2D,DT500,2,100.0,60.0,98.29968334372428,0.8068921255418897,3036,500,3536,0,1,1,2,1,10.765064369134452,20.068252423468376,-18.80262284990416
P3,Joystick,Front,2D,DT500,3,100.0,60.0,101.74639560909117,4.253604390908767,2883,501,3384,0,0,3,2,1,21.385305748906823,20.08988764044944,13.955056179775282
P3,Joystick,Front,2D,DT500,4,100.0,60.0,109.51425778144616,12.02146656326373,8534,500,9034,0,0,4,4,6,37.0448699859094,33.87312107322995,5.471268352973381
P3,Joystick,Front,2D,DT500,5,100.0,60.0,102.83135573883769,5.338564520655193,3543,518,4062,0,0,0,3,2,18.197470092909786,35.74220377609058,-35.74220377609058
P3,Joystick,Front,2D,DT500,6,100.0,60.0,79.56307012122372,-17.929721096958712,8541,500,9041,0,2,1,7,5,38.56311856600005,41.70506737258107,39.42317289362783
P3,Vertical,Right,1D,DT500,0,100.0,40.0,107.0,7.0,786,511,1298,0,0,0,0,1,1.0226268594431368e-14,1.000000000000014,-1.000000000000014
P3,Vertical,Right,1D,DT500,1,100.0,40.0,107.0,7.0,1004,502,1506,0,0,0,0,1,9.117905244023708e-15,0.9999999999999856,-0.9999999999999856
P3,Vertical,Right,1D,DT500,2,100.0,40.0,95.0,-5.0,1013,506,1519,0,0,0,0,1,8.638464684391837e-15,1.0000000000000129,-1.0000000000000129
P3,Vertical,Right,1D,DT500,3,100.0,40.0,112.0,12.0,1278,518,1796,0,0,0,0,0,7.678461961240276e-15,0.999999999999986,-0.999999999999986
P3,Vertical,Right,1D,DT500,4,100.0,40.0,105.0,5.000000000000009,1172,510,1682,0,0,0,0,1,1.034019342024734e-14,1.0000000000000124,-1.0000000000000124
P3,Vertical,Right,1D,DT500,5,100.0,40.0,101.0,1.000000000000009,1008,508,1517,0,0,0,0,1,8.953297327924731e-15,0.9999999999999862,-0.9999999999999862
P3,Vertical,Right,1D,DT500,6,100.0,40.0,81.0,-19.0,954,501,1456,0,0,0,0,1,7.970772136868982e-15,1.000000000000013,-1.000000000000013
P3,Vertical,Right,1D,DT500,0,250.0,40.0,232.0,-18.0,4180,513,4693,0,0,0,0,2,2.936387416074699e-14,6.0,6.0
P3,Vertical,Right,1D,DT500,1,250.0,40.0,237.0,-12.999999999999986,5860,521,6381,0,1,0,0,3,3.13586657276631e-14,6.00000000000001,6.00000000000001
P3,Vertical,Right,1D,DT500,2,250.0,40.0,259.0,8.999999999999972,6172,519,6691,0,2,0,0,4,4.2768860401580335e-14,5.9999999999999964,5.9999999999999964
P3,Vertical,Right,1D,DT500,3,250.0,40.0,263.0,13.0,3173,508,3682,0,0,0,0,0,2.4613174555526696e-14,6.000000000000017,6.000000000000017
P3,Vertical,Right,1D,DT500,4,250.0,40.0,236.0,-14.0,2811,523,3334,0,0,0,0,1,2.1766158954183702e-14,5.999999999999979,5.999999999999979
P3,Vertical,Right,1D,DT500,5,250.0,40.0,240.0,-9.999999999999986,1910,531,2442,0,0,0,0,1,2.4190656191917723e-14,6.000000000000051,6.000000000000051
P3,Vertical,Right,1D,DT500,6,250.0,40.0,245.0,-5.0,2493,515,3009,0,0,0,0,1,1.9621820770045853e-14,5.99999999999996,5.99999999999996
P3,Vertical,Right,1D,DT500,0,100.0,60.0,83.0,-17.0,2632,521,3154,0,0,0,0,2,1.2898027988019056e-14,6.000000000000001,6.000000000000001
P3,Vertical,Right,1D,DT500,1,100.0,60.0,88.0,-12.000000000000004,2385,506,2891,0,0,0,0,0,1.1882602462139592e-14,6.000000000000001,6.000000000000001
P3,Vertical,Right,1D,DT500,2,100.0,60.0,118.0,18.00000000000001,4062,506,4569,0,0,0,0,1,1.1952361835847516e-14,5.999999999999999,5.999999999999999
P3,Vertical,Right,1D,DT500,3,100.0,60.0,122.0,21.99999999999999,1295,512,1807,0,0,0,0,0,1.3386137926702479e-14,6.000000000000002,6.000000000000002
P3,Vertical,Right,1D,DT500,4,100.0,60.0,99.0,-1.0,3447,527,3975,0,1,0,0,4,1.3876633127832162e-14,6.000000000000002,6.000000000000002
P3,Vertical,Right,1D,DT500,5,100.0,60.0,103.0,3.0,1179,508,1687,0,0,0,0,0,1.3921503575980491e-14,6.0,6.0
P3,Vertical,Right,1D,DT500,6,100.0,60.0,74.0,-26.0,737,501,1239,0,0,0,0,1,8.583859424993353e-15,5.999999999999991,5.999999999999991
P3,Vertical,Right,1D,DT500,0,500.0,40.0,501.00000000000006,1.000000000000029,5209,517,5726,0,0,0,0,1,4.1950462166115085e-14,5.99999999999992,5.99999999999992
P3,Vertical,Right,1D,DT500,1,500.0,40.0,519.0,19.000000000000057,7471,515,7986,0,1,0,0,2,3.656450305336545e-14,6.000000000000076,6.000000000000076
P3,Vertical,Right,1D,DT500,2,500.0,40.0,513.0,13.0,4756,511,5268,0,0,0,0,1,4.257325984078907e-14,5.9999999999999405,5.9999999999999405
P3,Vertical,Right,1D,DT500,3,500.0,40.0,481.0,-18.99999999999997,6163,511,6674,0,0,0,0,1,4.4744105730608746e-14,6.00000000000004,6.00000000000004
P3,Vertical,Right,1D,DT500,4,500.0,40.0,481.0,-18.99999999999997,5792,506,6298,0,0,0,0,1,4.5323839569955557e-14,5.999999999999905,5.999999999999905
P3,Vertical,Right,1D,DT500,5,500.0,40.0,508.0,8.0,6346,502,6849,0,1,0,0,3,3.577566979053906e-14,6.000000000000079,6.000000000000079
P3,Vertical,Right,1D,DT500,6,500.0,40.0,506.0,6.0,5743,538,6282,0,0,0,0,1,4.3196929219809495e-14,5.999999999999917,5.999999999999917
P3,Vertical,Right,1D,DT500,0,250.0,60.0,261.0,11.0,2082,507,2590,0,0,0,0,1,2.1952479826183996e-14,5.999999999999962,5.999999999999962
P3,Vertical,Right,1D,DT500,1,250.0,60.0,247.0,-3.0,2459,518,2978,0,0,0,0,1,2.24934038835671e-14,6.000000000000023,6.000000000000023
P3,Vertical,Right,1D,DT500,2,250.0,60.0,282.0,32.00000000000003,5718,512,6231,1,0,0,0,3,3.2801588200063e-14,5.999999999999988,5.999999999999988
P3,Vertical,Right,1D,DT500,3,250.0,60.0,247.0,-3.0,3107,514,3622,0,0,0,0,2,2.6943420123002707e-14,6.000000000000012,6.000000000000012
P3,Vertical,Right,1D,DT500,4,250.0,60.0,254.0,4.000000000000014,4846,508,5354,0,0,0,0,1,2.4202497634025e-14,5.999999999999986,5.999999999999986
P3,Vertical,Right,1D,DT500,5,250.0,60.0,249.0,-1.0,3624,524,4149,0,0,0,0,0,1.8625464956677824e-14,6.000000000000032,6.000000000000032
P3,Vertical,Right,1D,DT500,6,250.0,60.0,252.0,2.0,2103,520,2624,0,0,0,0,1,2.157809042016195e-14,5.999999999999964,5.999999999999964
P3,Vertical,Right,1D,DT500,0,500.0,60.0,471.0,-29.00000000000003,4206,515,4721,0,0,0,0,1,4.40318151186445e-14,5.99999999999991,5.99999999999991
P3,Vertical,Right,1D,DT500,1,500.0,60.0,486.0,-14.0,4973,500,5473,0,0,0,0,1,4.16766408415649e-14,6.000000000000086,6.000000000000086
P3,Vertical,Right,1D,DT500,2,500.0,60.0,484.0,-16.0,3820,506,4326,0,0,0,0,1,4.122814451298987e-14,5.999999999999915,5.999999999999915
P3,Vertical,Right,1D,DT500,3,500.0,60.0,489.0,-11.000000000000028,4006,519,4525,0,0,0,0,1,4.01760235619466e-14,6.000000000000086,6.000000000000086
P3,Vertical,Right,1D,DT500,4,500.0,60.0,501.00000000000006,1.000000000000029,5431,515,5947,0,0,0,0,1,3.4840072051882453e-14,5.999999999999927,5.999999999999927
P3,Vertical,Right,1D,DT500,5,500.0,60.0,494.0,-6.0,5608,504,6112,0,0,0,0,1,4.1492989361425295e-14,6.000000000000078,6.000000000000078
P3,Vertical,Right,1D,DT500,6,500.0,60.0,499.00000000000006,-0.9999999999999708,5215,513,5729,0,0,0,0,1,4.4725070075403225e-14,5.999999999999913,5.999999999999913
P3,Horizontal,Rear,1D,DT500,0,100.0,60.0,114.0,14.0,1063,511,1574,0,0,0,0,0,9.868755795300943e-15,9.000000000000009,-9.000000000000009
P3,Horizontal,Rear,1D,DT500,1,100.0,60.0,85.0,-14.999999999999996,1785,515,2301,0,0,0,0,0,1.1381937044265724e-14,9.0,-9.0
P3,Horizontal,Rear,1D,DT500,2,100.0,60.0,112.0,12.000000000000009,1206,520,1726,0,0,0,0,0,7.990702706285718e-15,9.000000000000012,-9.000000000000012
P3,Horizontal,Rear,1D,DT500,3,100.0,60.0,88.0,-12.000000000000004,1871,501,2372,0,0,0,0,0,1.1374233532693354e-14,9.0,-9.0
P3,Horizontal,Rear,1D,DT500,4,100.0,60.0,104.0,4.0,1116,507,1624,0,0,0,0,0,7.132291072916007e-15,9.000000000000014,-9.000000000000014
P3,Horizontal,Rear,1D,DT500,5,100.0,60.0,114.0,14.0,1338,523,1861,0,0,0,0,0,1.3086699451102315e-14,8.999999999999996,-8.999999999999996
P3,Horizontal,Rear,1D,DT500,6,100.0,60.0,88.0,-12.000000000000004,1707,513,2220,0,0,0,0,0,9.560975133425155e-15,9.000000000000004,-9.000000000000004
P3,Horizontal,Rear,1D,DT500,0,250.0,60.0,237.0,-13.0,3166,509,3675,0,0,0,0,0,1.7975958176169814e-14,2.000000000000028,-2.000000000000028
P3,Horizontal,Rear,1D,DT500,1,250.0,60.0,264.0,13.999999999999972,7150,518,7669,0,0,0,0,0,1.8122612676074457e-14,1.9999999999999656,-1.9999999999999656
P3,Horizontal,Rear,1D,DT500,2,250.0,60.0,251.0,1.0,2891,514,3405,0,0,0,0,0,1.9160518926717667e-14,2.0000000000000298,-2.0000000000000298
P3,Horizontal,Rear,1D,DT500,3,250.0,60.0,263.0,13.0,2249,523,2773,0,0,0,0,0,1.9051580102795364e-14,1.999999999999968,-1.999999999999968
P3,Horizontal,Rear,1D,DT500,4,250.0,60.0,254.0,4.0,2166,509,2676,0,0,0,0,0,1.9400705657202435e-14,2.000000000000029,-2.000000000000029
P3,Horizontal,Rear,1D,DT500,5,250.0,60.0,246.00000000000003,-3.999999999999985,2973,500,3473,0,0,0,0,0,1.8477730183673967e-14,1.9999999999999685,-1.9999999999999685
P3,Horizontal,Rear,1D,DT500,6,250.0,60.0,281.0,31.00000000000003,3868,518,4387,1,0,0,0,0,2.0009274304753896e-14,2.000000000000034,-2.000000000000034
P3,Horizontal,Rear,1D,DT500,0,500.0,40.0,508.0,8.0,6421,521,6943,0,0,0,0,0,3.719528642995343e-14,2.0000000000000617,-2.0000000000000617
P3,Horizontal,Rear,1D,DT500,1,500.0,40.0,508.0,8.0,6435,514,6949,0,0,0,0,0,3.7022588351579886e-14,1.9999999999999365,-1.9999999999999365
P3,Horizontal,Rear,1D,DT500,2,500.0,40.0,506.0,6.0,6322,502,6824,0,0,0,0,0,3.7253712129890334e-14,2.000000000000064,-2.000000000000064
P3,Horizontal,Rear,1D,DT500,3,500.0,40.0,496.0,-4.000000000000029,5161,503,5665,0,0,0,0,0,3.5565165321659997e-14,1.9999999999999385,-1.9999999999999385
P3,Horizontal,Rear,1D,DT500,4,500.0,40.0,507.0,7.0,4468,507,4976,0,0,0,0,0,3.5529282939203264e-14,2.0000000000000635,-2.0000000000000635
P3,Horizontal,Rear,1D,DT500,5,500.0,40.0,508.0,8.0,4355,500,4856,0,0,0,0,1,3.8312417623257737e-14,1.999999999999933,-1.999999999999933
P3,Horizontal,Rear,1D,DT500,6,500.0,40.0,509.0,9.0,4646,509,5155,0,1,0,0,1,3.945800341070959e-14,2.000000000000069,-2.000000000000069
P3,Horizontal,Rear,1D,DT500,0,250.0,40.0,241.0,-9.0,7036,519,7556,0,0,0,0,2,2.3283478664571122e-14,2.000000000000029,-2.000000000000029
P3,Horizontal,Rear,1D,DT500,1,250.0,40.0,247.00000000000003,-2.9999999999999853,3582,509,4091,0,0,0,0,0,1.7618242029104587e-14,1.9999999999999665,-1.9999999999999665
P3,Horizontal,Rear,1D,DT500,2,250.0,40.0,230.0,-20.0,7392,509,7902,0,1,0,0,1,2.0614665549597625e-14,2.0000000000000364,-2.0000000000000364
P3,Horizontal,Rear,1D,DT500,3,250.0,40.0,250.0,0.0,3065,501,3566,0,0,0,0,0,1.6225723707015864e-14,1.999999999999968,-1.999999999999968
P3,Horizontal,Rear,1D,DT500,4,250.0,40.0,257.0,7.0,2992,515,3508,0,0,0,0,0,1.876899485426165e-14,2.0000000000000315,-2.0000000000000315
P3,Horizontal,Rear,1D,DT500,5,250.0,40.0,259.0,9.000000000000028,3902,508,4410,0,0,0,0,0,1.959788665943718e-14,1.9999999999999687,-1.9999999999999687
P3,Horizontal,Rear,1D,DT500,6,250.0,40.0,254.0,4.0,3011,519,3531,0,0,0,0,0,1.9262796071187287e-14,2.0000000000000298,-2.0000000000000298
P3,Horizontal,Rear,1D,DT500,0,500.0,60.0,497.0,-3.0000000000000293,5150,502,5653,0,0,0,0,0,3.6136468741907856e-14,2.0000000000000626,-2.0000000000000626
P3,Horizontal,Rear,1D,DT500,1,500.0,60.0,511.0,11.0,7126,508,7634,0,0,0,0,0,3.736307280876709e-14,1.9999999999999365,-1.9999999999999365
P3,Horizontal,Rear,1D,DT500,2,500.0,60.0,511.0,11.0,7313,506,7820,0,0,0,0,0,3.809974474104717e-14,2.000000000000063,-2.000000000000063
P3,Horizontal,Rear,1D,DT500,3,500.0,60.0,517.0,17.000000000000057,5659,526,6186,0,0,0,0,0,3.7850150004586345e-14,1.9999999999999365,-1.9999999999999365
P3,Horizontal,Rear,1D,DT500,4,500.0,60.0,512.9999999999999,12.99999999999994,5432,521,5954,0,0,0,0,0,3.85197341915392e-14,2.0000000000000644,-2.0000000000000644
P3,Horizontal,Rear,1D,DT500,5,500.0,60.0,493.0,-7.0,5476,512,5988,0,0,0,0,0,3.7754187619944455e-14,1.9999999999999385,-1.9999999999999385
P3,Horizontal,Rear,1D,DT500,6,500.0,60.0,506.0,6.0,5908,500,6409,0,0,0,0,0,3.65447185245803e-14,2.0000000000000657,-2.0000000000000657
P3,Horizontal,Rear,1D,DT500,0,100.0,40.0,103.0,2.999999999999991,2284,500,2785,0,0,0,0,0,8.101729719110267e-15,2.0000000000000124,-2.0000000000000124
P3,Horizontal,Rear,1D,DT500,1,100.0,40.0,91.0,-9.000000000000009,1997,512,2509,0,0,0,0,1,8.427272269692782e-15,1.999999999999984,-1.999999999999984
P3,Horizontal,Rear,1D,DT500,2,100.0,40.0,91.0,-9.000000000000009,1758,525,2283,0,0,0,0,0,6.371461507360137e-15,2.000000000000013,-2.000000000000013
P3,Horizontal,Rear,1D,DT500,3,100.0,40.0,101.0,1.0,1646,515,2161,0,0,0,0,0,7.0698729455995336e-15,1.9999999999999865,-1.9999999999999865
P3,Horizontal,Rear,1D,DT500,4,100.0,40.0,97.0,-3.0,1366,507,1874,0,0,0,0,0,7.609856487547457e-15,2.0000000000000124,-2.0000000000000124
P3,Horizontal,Rear,1D,DT500,5,100.0,40.0,117.0,17.00000000000001,669,509,1178,0,0,0,0,0,8.218483796247564e-15,1.999999999999984,-1.999999999999984
P3,Horizontal,Rear,1D,DT500,6,100.0,40.0,108.0,8.0,1111,504,1615,0,0,0,0,0,1.0582270088070622e-14,2.0000000000000115,-2.0000000000000115
P3,Horizontal,Center,1D,DT500,0,500.0,40.0,519.0,19.0,5211,511,5722,0,0,0,0,1,7.30423908356972e-14,28.0,28.0
P3,Horizontal,Center,1D,DT500,1,500.0,40.0,513.9999999999999,13.99999999999994,11825,529,12355,0,1,0,0,1,9.784209223320016e-14,28.0,28.0
P3,Horizontal,Center,1D,DT500,2,500.0,40.0,502.00000000000006,2.0000000000000293,6163,500,6664,0,0,0,0,1,7.07717706431382e-14,28.0,28.0
P3,Horizontal,Center,1D,DT500,3,500.0,40.0,517.0,17.0,11329,510,11839,0,1,0,0,2,8.73014296624586e-14,28.0,28.0
P3,Horizontal,Center,1D,DT500,4,500.0,40.0,488.0,-12.0,10571,508,11079,0,1,0,0,2,8.92224860222362e-14,28.0,28.0
P3,Horizontal,Center,1D,DT500,5,500.0,40.0,491.0,-9.0,6314,513,6827,0,0,0,0,0,6.640097346746127e-14,28.000000000000004,28.000000000000004
P3,Horizontal,Center,1D,DT500,6,500.0,40.0,502.00000000000006,2.0000000000000293,8368,516,8885,0,0,0,0,0,6.720380490780756e-14,28.0,28.0
P3,Horizontal,Center,1D,DT500,0,500.0,60.0,483.0,-17.0,4340,507,4848,0,0,0,0,0,6.507436667558886e-14,35.0,35.0
P3,Horizontal,Center,1D,DT500,1,500.0,60.0,530.0,29.999999999999943,6457,504,6962,0,1,0,0,2,7.995104361133592e-14,35.00000000000001,35.00000000000001
P3,Horizontal,Center,1D,DT500,2,500.0,60.0,501.0,0.9999999999999708,4691,507,5199,0,0,0,0,1,6.694508617512367e-14,35.0,35.0
P3,Horizontal,Center,1D,DT500,3,500.0,60.0,503.0,2.9999999999999707,5191,529,5721,0,0,0,0,1,7.327163741635955e-14,35.0,35.0
P3,Horizontal,Center,1D,DT500,4,500.0,60.0,501.0,0.9999999999999708,3965,509,4474,0,0,0,0,0,7.13766984798656e-14,35.0,35.0
P3,Horizontal,Center,1D,DT500,5,500.0,60.0,517.0,17.0,6951,504,7456,0,0,0,0,0,7.369588271995663e-14,35.0,35.0
P3,Horizontal,Center,1D,DT500,6,500.0,60.0,524.0,23.999999999999943,5658,518,6177,0,0,0,0,0,7.087107264588557e-14,35.0,35.0
P3,Horizontal,Center,1D,DT500,0,100.0,60.0,107.0,7.0,2696,519,3215,0,0,0,0,1,1.3879774380514024e-14,34.99999999999999,34.99999999999999
P3,Horizontal,Center,1D,DT500,1,100.0,60.0,108.0,8.000000000000009,1031,515,1547,0,0,0,0,0,1.2076904249607844e-14,35.0,35.0
P3,Horizontal,Center,1D,DT500,2,100.0,60.0,107.0,7.0,4413,509,4923,0,0,0,0,1,1.2759573232225842e-14,35.0,35.0
P3,Horizontal,Center,1D,DT500,3,100.0,60.0,123.0,23.0,1277,514,1792,0,0,0,0,0,1.6121881395638707e-14,35.0,35.0
P3,Horizontal,Center,1D,DT500,4,100.0,60.0,69.0,-31.0,5298,515,5814,1,1,0,0,1,1.6416353032986397e-14,35.0,35.0
P3,Horizontal,Center,1D,DT500,5,100.0,60.0,120.0,20.0,11593,526,12120,0,1,0,0,2,2.909847640902381e-14,35.00000000000001,35.00000000000001
P3,Horizontal,Center,1D,DT500,6,100.0,60.0,108.0,8.000000000000009,5543,501,6044,0,0,0,0,4,1.1687249721585771e-14,35.0,35.0
P3,Horizontal,Center,1D,DT500,0,250.0,40.0,239.0,-10.999999999999986,2787,510,3297,0,0,0,0,1,3.406512082903893e-14,35.0,35.0
P3,Horizontal,Center,1D,DT500,1,250.0,40.0,244.0,-6.0,2225,508,2733,0,0,0,0,1,3.77372499358258e-14,35.0,35.0
P3,Horizontal,Center,1D,DT500,2,250.0,40.0,257.0,7.0,4024,523,4547,0,1,0,0,3,4.4016004307100494e-14,35.0,35.0
P3,Horizontal,Center,1D,DT500,3,250.0,40.0,264.0,14.0,2272,520,2792,0,0,0,0,1,3.7974521077650976e-14,35.0,35.0
P3,Horizontal,Center,1D,DT500,4,250.0,40.0,243.0,-7.0,4893,502,5395,0,1,0,0,3,4.1934694991448645e-14,35.0,35.0
P3,Horizontal,Center,1D,DT500,5,250.0,40.0,252.0,2.0,1901,518,2419,0,0,0,0,0,3.98883295454272e-14,35.0,35.0
P3,Horizontal,Center,1D,DT500,6,250.0,40.0,243.0,-7.0,2378,525,2904,0,0,0,0,1,3.51401518253117e-14,35.0,35.0
P3,Horizontal,Center,1D,DT500,0,100.0,40.0,109.0,9.0,5340,522,5863,0,1,0,0,1,2.462350538096688e-14,35.0,35.0
P3,Horizontal,Center,1D,DT500,1,100.0,40.0,106.0,6.0,1424,510,1934,0,0,0,0,0,1.5307250440668256e-14,35.0,35.0
P3,Horizontal,Center,1D,DT500,2,100.0,40.0,89.0,-11.0,1592,513,2106,0,0,0,0,1,1.0185313554007464e-14,35.0,35.0
P3,Horizontal,Center,1D,DT500,3,100.0,40.0,111.0,11.0,2016,524,2541,0,0,0,0,0,1.9251524516213802e-14,35.0,35.0
P3,Horizontal,Center,1D,DT500,4,100.0,40.0,106.0,6.0,3137,506,3643,0,0,0,0,2,1.1203844909408209e-14,35.0,35.0
P3,Horizontal,Center,1D,DT500,5,100.0,40.0,107.0,7.0,3457,518,3975,0,0,0,0,0,1.6804328698924204e-14,35.0,35.0
P3,Horizontal,Center,1D,DT500,6,100.0,40.0,92.0,-8.0,1452,503,1955,0,0,0,0,1,1.3444563085290106e-14,35.0,35.0
P3,Horizontal,Center,1D,DT500,0,250.0,60.0,254.0,4.0,2305,525,2830,0,0,0,0,1,3.043291765882612e-14,34.99999999999999,34.99999999999999
P3,Horizontal,Center,1D,DT500,1,250.0,60.0,247.0,-3.0000000000000147,2615,502,3118,0,0,0,0,1,3.735404656615152e-14,35.0,35.0
P3,Horizontal,Center,1D,DT500,2,250.0,60.0,228.0,-22.0,3948,520,4469,0,1,0,0,2,3.891402432634876e-14,35.0,35.0
P3,Horizontal,Center,1D,DT500,3,250.0,60.0,238.0,-12.0,8913,512,9425,0,0,0,0,0,2.9646492580017363e-14,35.00000000000001,35.00000000000001
P3,Horizontal,Center,1D,DT500,4,250.0,60.0,275.0,25.0,5578,525,6104,0,0,0,0,0,3.749931383705532e-14,35.0,35.0
P3,Horizontal,Center,1D,DT500,5,250.0,60.0,285.0,34.99999999999997,3955,514,4469,1,0,0,0,0,3.687734845265895e-14,35.0,35.0
P3,Horizontal,Center,1D,DT500,6,250.0,60.0,236.0,-14.0,2646,525,3172,0,0,0,0,2,3.4886758492838326e-14,35.0,35.0
P3,Vertical,Center,1D,DT500,0,250.0,60.0,267.0,17.00000000000003,2718,508,3227,0,0,0,0,0,3.4401186273899914e-14,20.0,-20.0
P3,Vertical,Center,1D,DT500,1,250.0,60.0,262.0,12.0,3108,508,3616,0,0,0,0,0,3.3501644525917324e-14,20.0,-20.0
P3,Vertical,Center,1D,DT500,2,250.0,60.0,251.00000000000003,1.0000000000000149,3042,524,3566,0,0,0,0,1,3.3356126609722824e-14,20.0,-20.0
P3,Vertical,Center,1D,DT500,3,250.0,60.0,249.0,-1.0,2798,505,3304,0,0,0,0,0,3.4574255366729553e-14,20.0,-20.0
P3,Vertical,Center,1D,DT500,4,250.0,60.0,260.0,9.999999999999972,2952,520,3473,0,0,0,0,0,3.635034540418272e-14,20.0,-20.0
P3,Vertical,Center,1D,DT500,5,250.0,60.0,261.0,11.0,3418,513,3932,0,0,0,0,0,3.1612165296511684e-14,20.0,-20.0
P3,Vertical,Center,1D,DT500,6,250.0,60.0,265.0,15.0,3121,526,3648,0,0,0,0,0,3.464893028919842e-14,20.0,-20.0
P3,Vertical,Center,1D,DT500,0,500.0,60.0,511.0,11.0,5487,521,6009,0,0,0,0,1,7.002367937868317e-14,13.0,-13.0
P3,Vertical,Center,1D,DT500,1,500.0,60.0,514.0,14.0,6430,504,6935,0,0,0,0,0,6.615224745745575e-14,13.0,-13.0
P3,Vertical,Center,1D,DT500,2,500.0,60.0,511.0,11.0,4314,520,4835,0,0,0,0,0,6.94550861522144e-14,13.0,-13.0
P3,Vertical,Center,1D,DT500,3,500.0,60.0,509.0,9.000000000000028,7587,516,8103,0,0,0,0,0,7.144555504031093e-14,13.0,-13.0
P3,Vertical,Center,1D,DT500,4,500.0,60.0,494.00000000000006,-5.999999999999971,4423,518,4941,0,0,0,0,1,7.032467906733755e-14,13.0,-13.0
P3,Vertical,Center,1D,DT500,5,500.0,60.0,495.0,-5.0,5090,509,5600,0,0,0,0,1,7.296085237412185e-14,12.999999999999998,-12.999999999999998
P3,Vertical,Center,1D,DT500,6,500.0,60.0,493.0,-7.0,4205,503,4708,0,0,0,0,1,6.806221875504498e-14,13.00000000000001,-13.00000000000001
P3,Vertical,Center,1D,DT500,0,100.0,60.0,108.0,8.0,592,503,1095,0,0,0,0,1,1.6315593609355548e-14,13.000000000000002,-13.000000000000002
P3,Vertical,Center,1D,DT500,1,100.0,60.0,87.0,-13.000000000000004,1094,532,1627,0,0,0,0,1,1.4520843151407702e-14,13.0,-13.0
P3,Vertical,Center,1D,DT500,2,100.0,60.0,127.0,27.0,502,539,1042,0,0,0,0,0,1.1576843952370988e-14,13.000000000000009,-13.000000000000009
P3,Vertical,Center,1D,DT500,3,100.0,60.0,97.0,-3.0,1493,504,1997,0,0,0,0,0,1.1571220689171574e-14,13.0,-13.0
P3,Vertical,Center,1D,DT500,4,100.0,60.0,108.0,8.0,9312,513,9826,0,1,0,0,4,1.0381546351944507e-14,13.0,-13.0
P3,Vertical,Center,1D,DT500,5,100.0,60.0,109.0,9.0,1013,520,1534,0,0,0,0,1,1.56466897975359e-14,13.0,-13.0
P3,Vertical,Center,1D,DT500,6,100.0,60.0,102.0,2.0,6002,500,6503,0,0,0,0,1,9.74411698607116e-15,13.0,-13.0
P3,Vertical,Center,1D,DT500,0,500.0,40.0,486.0,-14.0,4346,528,4874,0,0,0,0,1,7.023174140274766e-14,13.000000000000002,-13.000000000000002
P3,Vertical,Center,1D,DT500,1,500.0,40.0,510.0,10.0,3975,524,4500,0,0,0,0,0,7.330825212289879e-14,12.999999999999998,-12.999999999999998
P3,Vertical,Center,1D,DT500,2,500.0,40.0,500.0,0.0,6119,511,6631,0,0,0,0,0,7.645880053489328e-14,13.0,-13.0
P3,Vertical,Center,1D,DT500,3,500.0,40.0,497.0,-3.0000000000000293,6785,540,7325,0,0,0,0,1,6.963203348780188e-14,13.0,-13.0
P3,Vertical,Center,1D,DT500,4,500.0,40.0,493.0,-7.0,4076,517,4594,0,0,0,0,1,7.47272140202041e-14,13.0,-13.0
P3,Vertical,Center,1D,DT500,5,500.0,40.0,495.0,-5.0,5309,508,5817,0,0,0,0,1,7.378047998007893e-14,12.999999999999998,-12.999999999999998
P3,Vertical,Center,1D,DT500,6,500.0,40.0,485.0,-15.0,3988,518,4507,0,0,0,0,1,7.365273344442405e-14,13.000000000000002,-13.000000000000002
P3,Vertical,Center,1D,DT500,0,100.0,40.0,102.0,2.0,1027,522,1549,0,0,0,0,1,1.6478208761789257e-14,13.0,-13.0
P3,Vertical,Center,1D,DT500,1,100.0,40.0,89.0,-11.000000000000004,1042,504,1546,0,0,0,0,1,1.6325244952174963e-14,13.0,-13.0
P3,Vertical,Center,1D,DT500,2,100.0,40.0,106.0,5.999999999999991,716,507,1223,0,0,0,0,1,1.687819451521435e-14,13.000000000000002,-13.000000000000002
P3,Vertical,Center,1D,DT500,3,100.0,40.0,96.0,-3.999999999999991,1819,504,2323,0,1,0,0,1,1.9880528481855665e-14,13.0,-13.0
P3,Vertical,Center,1D,DT500,4,100.0,40.0,114.0,14.000000000000009,1391,526,1917,0,0,0,0,0,1.3975010692014394e-14,13.000000000000002,-13.000000000000002
P3,Vertical,Center,1D,DT500,5,100.0,40.0,112.0,11.999999999999991,1683,515,2199,0,0,0,0,0,1.4289585814706958e-14,13.0,-13.0
P3,Vertical,Center,1D,DT500,6,100.0,40.0,95.0,-5.000000000000009,1544,526,2071,0,0,0,0,1,1.3715850082758487e-14,13.0,-13.0
P3,Vertical,Center,1D,DT500,0,250.0,40.0,235.0,-14.999999999999986,3086,515,3601,0,1,0,0,2,4.849228671988179e-14,13.000000000000002,-13.000000000000002
P3,Vertical,Center,1D,DT500,1,250.0,40.0,257.0,7.0,4253,502,4756,0,1,0,0,2,4.4427050926967416e-14,12.999999999999998,-12.999999999999998
P3,Vertical,Center,1D,DT500,2,250.0,40.0,247.00000000000003,-2.9999999999999853,5121,524,5645,0,0,0,0,4,3.5131850927304845e-14,13.0,-13.0
P3,Vertical,Center,1D,DT500,3,250.0,40.0,256.00000000000006,6.000000000000029,2351,533,2885,0,0,0,0,0,3.6787286988261797e-14,13.0,-13.0
P3,Vertical,Center,1D,DT500,4,250.0,40.0,241.0,-9.000000000000014,4156,508,4664,0,0,0,0,2,3.8194753998117e-14,13.0,-13.0
P3,Vertical,Center,1D,DT500,5,250.0,40.0,230.0,-20.00000000000001,3089,509,3598,1,0,0,0,3,4.023387054701127e-14,12.999999999999998,-12.999999999999998
P3,Vertical,Center,1D,DT500,6,250.0,40.0,241.0,-9.000000000000014,2301,515,2816,0,0,0,0,1,3.8004578280151415e-14,13.000000000000002,-13.000000000000002
P3,Joystick,Rear,2D,DT500,0,250.0,40.0,235.22178974203536,-8.510188303420525,5887,500,6388,0,0,2,3,2,24.1354876110909,21.52219514275004,-0.1101566769795402
P3,Joystick,Rear,2D,DT500,1,250.0,40.0,233.1931769251824,-10.538801120273538,3394,500,3895,0,0,1,1,0,17.492078828141107,21.920075940888005,19.747566773615496
P3,Joystick,Rear,2D,DT500,2,250.0,40.0,255.47952393650968,11.747545891053743,3297,500,3798,0,0,1,1,0,12.044278741333436,13.09429295503356,8.475115550096326
P3,Joystick,Rear,2D,DT500,3,250.0,40.0,257.86598902272794,14.134010977272046,7459,500,7959,0,0,2,2,4,37.528173922990376,62.310457516339866,60.6764705882353
P3,Joystick,Rear,2D,DT500,4,250.0,40.0,233.69252983195767,-10.039448213498265,10139,500,10639,0,0,0,1,2,46.07682499921632,73.69029960475831,73.69029960475831
P3,Joystick,Rear,2D,DT500,5,250.0,40.0,248.5625078162168,4.830529770760751,17460,500,17960,0,2,3,4,3,15.097464010840064,26.41558901244223,-26.04916044214145
P3,Joystick,Rear,2D,DT500,6,250.0,40.0,237.0979919990261,-6.6339860464298095,8468,500,8968,0,1,1,3,1,20.031801998025227,18.278524341072604,1.1462089038407095
P3,Joystick,Rear,2D,DT500,0,100.0,60.0,101.0531261614834,3.560334943300992,2327,500,2828,0,0,2,1,0,6.549836675764683,5.615383251013881,-0.7083447293003475
P3,Joystick,Rear,2D,DT500,1,100.0,60.0,125.89060148703231,28.39781026884992,3168,501,3669,0,0,1,1,0,11.263995049191662,9.292765410222923,7.813471813499756
P3,Joystick,Rear,2D,DT500,2,100.0,60.0,117.55430913979072,20.06151792160833,4135,500,4635,0,0,2,2,2,26.748700826864223,33.949459106480454,-31.56262561851392
P3,Joystick,Rear,2D,DT500,3,100.0,60.0,95.74639560909117,-1.7463956090912185,1884,500,2385,0,0,0,0,0,1.6410422195565175,1.274193548387091,-0.209677419354845
P3,Joystick,Rear,2D,DT500,4,100.0,60.0,99.56813317140964,2.075341953227216,3186,500,3686,0,0,1,0,0,11.82910177793692,11.49213313207188,-9.104249810586566
P3,Joystick,Rear,2D,DT500,5,100.0,60.0,88.42195185203765,-9.070839366144838,2438,500,2938,0,0,1,1,0,10.739739358083416,12.775603125081185,-11.15562616528024
P3,Joystick,Rear,2D,DT500,6,100.0,60.0,111.89418896695346,14.401397748771023,1703,500,2203,0,0,0,1,0,10.53082998947529,14.413804099942055,-13.747596762514656
P3,Joystick,Rear,2D,DT500,0,100.0,40.0,105.45071225936648,7.957921041184078,1714,500,2215,0,0,0,1,0,6.926639533438803,9.00135261893717,8.643604195230722
P3,Joystick,Rear,2D,DT500,1,100.0,40.0,86.8484119665231,-10.644379251659313,7598,500,8098,0,2,2,3,4,21.0019795390221,18.07224134818787,-7.653581696906323
P3,Joystick,Rear,2D,DT500,2,100.0,40.0,103.6413594452468,6.148568227064421,6130,500,6631,0,0,2,2,4,34.11568653639449,29.89524586269928,3.8791332153971454
P3,Joystick,Rear,2D,DT500,3,100.0,40.0,105.74639560909117,8.253604390908778,4782,500,5283,0,0,3,3,3,24.359817230451032,22.46511627906977,-11.897674418604652
P3,Joystick,Rear,2D,DT500,4,100.0,40.0,100.7701802197604,3.2773890015779665,7622,500,8122,0,1,1,2,1,11.160739111862132,11.832558204473132,7.310665074898522
P3,Joystick,Rear,2D,DT500,5,100.0,40.0,112.34204444732798,14.849253229145496,12619,500,13119,0,3,4,5,4,20.75732316551375,18.59446658470049,0.8425829637025124
P3,Joystick,Rear,2D,DT500,6,100.0,40.0,101.2019935280668,3.709202309884356,1782,500,2282,0,0,1,0,0,6.850893402683514,5.770749697531898,1.9218951680690748
P3,Joystick,Rear,2D,DT500,0,500.0,40.0,498.5147889895172,11.050832898605336,5914,500,6415,0,0,1,3,0,27.830301663043688,25.083060569692087,-7.686676467736943
P3,Joystick,Rear,2D,DT500,1,500.0,40.0,492.1275312483391,4.663575157427236,5718,500,6218,0,0,1,1,0,13.74651761175914,17.777003444377044,-14.102665498357984
P3,Joystick,Rear,2D,DT500,2,500.0,40.0,504.1497136058076,16.685757514895823,14530,500,15030,0,0,6,8,3,26.63558608138314,33.367705199169215,28.84842903715988
P3,Joystick,Rear,2D,DT500,3,500.0,40.0,482.731978045456,-4.731978045455848,13093,500,13593,0,0,2,5,7,45.9039377124029,59.392678868552416,55.45257903494176
P3,Joystick,Rear,2D,DT500,4,500.0,40.0,491.1777311891613,3.713775098249415,8695,500,9196,0,0,1,1,1,18.236397676358,39.8361778837655,39.6696464046616
P3,Joystick,Rear,2D,DT500,5,500.0,40.0,499.9455351216653,12.481579030753522,16619,500,17120,0,2,2,3,2,19.213085488748515,16.619327226426606,-4.638782462787466
P3,Joystick,Rear,2D,DT500,6,500.0,40.0,490.1342072983876,2.6702512074757974,6425,500,6926,0,0,1,5,0,30.622678904746085,38.03721519202151,32.49724126154882
P3,Joystick,Rear,2D,DT500,0,500.0,60.0,484.060558659503,-3.403397431408848,7379,500,7880,0,1,1,3,1,28.131622391491536,31.498713861939446,-22.03987935213417
P3,Joystick,Rear,2D,DT500,1,500.0,60.0,481.3303552538175,-6.133600837094351,7224,500,7724,0,0,0,2,0,14.970963054316556,20.202316730506904,19.52101672088529
P3,Joystick,Rear,2D,DT500,2,500.0,60.0,507.85545891986175,20.391502828949992,7111,500,7611,0,0,2,3,0,23.276591323613463,32.487248990999525,31.563339453779047
P3,Joystick,Rear,2D,DT500,3,500.0,60.0,459.7319780454559,-27.73197804545586,15863,500,16364,0,1,7,6,4,30.73061316381072,27.34942084942085,11.05212355212355
P3,Joystick,Rear,2D,DT500,4,500.0,60.0,497.8519942242612,10.388038133349328,8633,500,9133,0,0,0,1,1,24.70192459368573,40.65265114465302,40.549496336379015
P3,Joystick,Rear,2D,DT500,5,500.0,60.0,481.3497981436204,-6.114157947291451,6298,500,6798,0,0,1,2,0,11.07139018816306,14.297141438904072,-13.612391581738702
P3,Joystick,Rear,2D,DT500,6,500.0,60.0,502.5009050464384,15.036948955526595,5756,500,6256,0,0,1,1,0,11.113597535991088,21.112439988894444,-19.95432045902228
P3,Joystick,Rear,2D,DT500,0,250.0,60.0,235.32745490452177,-8.404523140934153,4692,500,5192,0,0,0,2,0,10.937745046905864,27.29097299116941,-27.29097299116941
P3,Joystick,Rear,2D,DT500,1,250.0,60.0,265.83224982591656,22.10027178046061,25850,500,26351,0,0,4,10,8,31.94188753988552,37.31353114453768,-27.505748315915568
P3,Joystick,Rear,2D,DT500,2,250.0,60.0,232.45501572049704,-11.276962324958893,4946,500,5446,0,0,1,3,0,15.399480500184302,18.601507513720403,-14.23758664637607
P3,Joystick,Rear,2D,DT500,3,250.0,60.0,262.86598902272794,19.13401097727205,7991,500,8492,0,0,2,1,2,29.37095614388957,45.93457943925234,-43.672897196261694
P3,Joystick,Rear,2D,DT500,4,250.0,60.0,261.1222782184805,17.39030017302457,10180,500,10680,0,0,2,1,1,49.96254682161928,70.21148853728793,68.997842783878
P3,Joystick,Rear,2D,DT500,5,250.0,60.0,220.93110717150927,-22.800870873946653,10693,500,11193,0,0,0,3,2,13.45510140462683,33.2855321885357,-33.2855321885357
P3,Joystick,Rear,2D,DT500,6,250.0,60.0,252.19896414477944,8.466986099323535,3075,500,3576,0,0,0,1,0,14.79831644604328,23.397428414863604,-23.397428414863604
P3,Vertical,Left,1D,DT500,0,250.0,40.0,237.0,-13.0,3230,505,3735,0,0,0,0,1,3.5311030294936514e-14,11.999999999999996,11.999999999999996
P3,Vertical,Left,1D,DT500,1,250.0,40.0,249.0,-1.0000000000000149,2495,502,2998,0,0,0,0,1,3.75233304292892e-14,12.000000000000002,12.000000000000002
P3,Vertical,Left,1D,DT500,2,250.0,40.0,240.0,-10.0,3285,513,3798,0,0,0,0,1,3.6886856313420356e-14,11.999999999999998,11.999999999999998
P3,Vertical,Left,1D,DT500,3,250.0,40.0,245.0,-4.999999999999986,2909,500,3409,0,0,0,0,0,3.51410871874324e-14,12.000000000000002,12.000000000000002
P3,Vertical,Left,1D,DT500,4,250.0,40.0,232.0,-18.0,3063,532,3596,0,0,0,0,1,3.678586495509525e-14,11.999999999999998,11.999999999999998
P3,Vertical,Left,1D,DT500,5,250.0,40.0,248.0,-2.0,4746,508,5255,0,1,0,0,2,5.947278158533799e-14,12.000000000000004,12.000000000000004
P3,Vertical,Left,1D,DT500,6,250.0,40.0,257.0,7.0,2843,528,3372,0,0,0,0,0,3.616287612158135e-14,12.0,12.0
P3,Vertical,Left,1D,DT500,0,100.0,40.0,86.0,-14.0,929,502,1432,0,0,0,0,1,1.6135291965429597e-14,19.0,19.0
P3,Vertical,Left,1D,DT500,1,100.0,40.0,117.0,17.0,745,509,1255,0,0,0,0,0,1.5485919901226005e-14,19.000000000000004,19.000000000000004
P3,Vertical,Left,1D,DT500,2,100.0,40.0,111.0,11.000000000000009,1761,506,2267,0,0,0,0,0,1.4421017624952655e-14,19.0,19.0
P3,Vertical,Left,1D,DT500,3,100.0,40.0,99.0,-1.000000000000009,2081,505,2587,0,0,0,0,0,1.2723322775853998e-14,19.0,19.0
P3,Vertical,Left,1D,DT500,4,100.0,40.0,99.0,-1.000000000000009,1030,502,1532,0,0,0,0,1,1.6267653129389688e-14,19.0,19.0
P3,Vertical,Left,1D,DT500,5,100.0,40.0,92.0,-8.000000000000009,1639,514,2154,0,0,0,0,1,1.3255219273216252e-14,19.0,19.0
P3,Vertical,Left,1D,DT500,6,100.0,40.0,84.0,-16.0,2476,507,2983,0,1,0,0,3,1.2780231568801926e-14,19.0,19.0
P3,Vertical,Left,1D,DT500,0,100.0,60.0,100.0,9.094947017729284e-15,962,517,1479,0,0,0,0,1,1.4798235951942142e-14,19.0,19.0
P3,Vertical,Left,1D,DT500,1,100.0,60.0,90.00000000000001,-9.999999999999991,1154,518,1672,0,0,0,0,0,1.3180857843071628e-14,19.0,19.0
P3,Vertical,Left,1D,DT500,2,100.0,60.0,95.0,-4.999999999999991,859,521,1381,0,0,0,0,1,1.2875641860218088e-14,19.0,19.0
P3,Vertical,Left,1D,DT500,3,100.0,60.0,99.0,-1.000000000000009,644,510,1155,0,0,0,0,0,1.6744089183065872e-14,19.0,19.0
P3,Vertical,Left,1D,DT500,4,100.0,60.0,87.0,-13.000000000000004,621,514,1135,0,0,0,0,1,1.5227882811805573e-14,19.0,19.0
P3,Vertical,Left,1D,DT500,5,100.0,60.0,104.0,4.0,1035,502,1537,0,0,0,0,0,1.2359894603558555e-14,19.000000000000004,19.000000000000004
P3,Vertical,Left,1D,DT500,6,100.0,60.0,77.0,-23.0,687,509,1197,0,0,0,0,1,1.4965781825191112e-14,19.0,19.0
P3,Vertical,Left,1D,DT500,0,500.0,40.0,487.0,-13.0,4826,511,5337,0,0,0,0,2,7.01221438594782e-14,19.0,19.0
P3,Vertical,Left,1D,DT500,1,500.0,40.0,508.0,8.0,6851,500,7352,0,0,0,0,1,6.599735014125084e-14,19.000000000000004,19.000000000000004
P3,Vertical,Left,1D,DT500,2,500.0,40.0,491.0,-9.0,4608,521,5130,0,0,0,0,1,7.404286294021246e-14,19.0,19.0
P3,Vertical,Left,1D,DT500,3,500.0,40.0,500.0,0.0,4096,510,4607,0,0,0,0,1,7.247130135717012e-14,19.000000000000004,19.000000000000004
P3,Vertical,Left,1D,DT500,4,500.0,40.0,482.0,-18.0,4814,503,5317,0,0,0,0,1,7.58819991304423e-14,19.0,19.0
P3,Vertical,Left,1D,DT500,5,500.0,40.0,505.0,5.0,8491,516,9007,0,2,0,0,2,9.387737350837401e-14,19.000000000000004,19.000000000000004
P3,Vertical,Left,1D,DT500,6,500.0,40.0,502.0,1.999999999999971,7809,527,8336,0,0,0,0,1,5.973420834409445e-14,19.0,19.0
P3,Vertical,Left,1D,DT500,0,250.0,60.0,250.00000000000003,1.4551915228366852e-14,1681,507,2188,0,0,0,0,1,3.5842485195966216e-14,19.0,19.0
P3,Vertical,Left,1D,DT500,1,250.0,60.0,222.0,-28.0,2110,546,2656,0,0,0,0,1,3.544270436621235e-14,19.0,19.0
P3,Vertical,Left,1D,DT500,2,250.0,60.0,259.0,9.0,1735,518,2254,0,0,0,0,0,3.7649098627524e-14,19.0,19.0
P3,Vertical,Left,1D,DT500,3,250.0,60.0,257.99999999999994,7.999999999999971,3774,521,4295,0,0,0,0,1,3.713890707582053e-14,19.0,19.0
P3,Vertical,Left,1D,DT500,4,250.0,60.0,264.0,14.000000000000028,5914,517,6431,0,0,0,0,3,4.239059552832863e-14,19.0,19.0
P3,Vertical,Left,1D,DT500,5,250.0,60.0,240.0,-10.000000000000014,3589,509,4098,0,0,0,0,1,3.641584789778322e-14,19.0,19.0
P3,Vertical,Left,1D,DT500,6,250.0,60.0,250.00000000000003,1.4551915228366852e-14,2048,505,2553,0,0,0,0,1,3.4721329211092025e-14,19.0,19.0
P3,Vertical,Left,1D,DT500,0,500.0,60.0,476.0,-23.99999999999997,4177,516,4693,0,0,0,0,1,7.280177826372907e-14,19.0,19.0
P3,Vertical,Left,1D,DT500,1,500.0,60.0,475.0,-25.00000000000003,6447,525,6973,0,1,0,0,3,8.49345043231023e-14,19.000000000000004,19.000000000000004
P3,Vertical,Left,1D,DT500,2,500.0,60.0,491.0,-9.0,7512,519,8031,0,0,0,0,1,7.064974098302424e-14,19.0,19.0
P3,Vertical,Left,1D,DT500,3,500.0,60.0,499.00000000000006,-0.9999999999999708,5182,506,5688,0,0,0,0,0,7.197503887168525e-14,19.000000000000004,19.000000000000004
P3,Vertical,Left,1D,DT500,4,500.0,60.0,497.0,-3.0,4990,502,5492,0,0,0,0,1,7.543957891079938e-14,19.0,19.0
P3,Vertical,Left,1D,DT500,5,500.0,60.0,512.0,12.0,4193,504,4697,0,0,0,0,0,7.313483882408377e-14,19.0,19.0
P3,Vertical,Left,1D,DT500,6,500.0,60.0,513.9999999999999,13.99999999999994,4471,514,4985,0,0,0,0,1,7.367685251864443e-14,19.0,19.0
P3,Joystick,Center,2D,DT500,0,250.0,40.0,240.06441770783115,-3.667560337624773,3054,502,3557,0,0,1,2,0,17.88854113594679,15.835711921170333,-0.0636839255785106
P3,Joystick,Center,2D,DT500,1,250.0,40.0,251.887994060366,8.15601601491004,3942,500,4442,0,0,2,1,1,14.955479360572385,16.99814052132171,-14.2809676449849
P3,Joystick,Center,2D,DT500,2,250.0,40.0,256.38049280441214,12.648514758956178,6934,500,7434,0,0,4,4,0,14.365866763650134,13.754772055900528,5.979612077887023
P3,Joystick,Center,2D,DT500,3,250.0,40.0,252.865989022728,9.134010977272068,5491,500,5992,0,0,0,0,1,2.2275591838587395e-14,10.0,10.0
P3,Joystick,Center,2D,DT500,4,250.0,40.0,251.77830996934068,8.046331923884741,5789,500,6290,0,0,2,1,1,30.240016571797995,43.37465094867816,42.31659101327342
P3,Joystick,Center,2D,DT500,5,250.0,40.0,256.0443854385215,12.3124073930655,7870,500,8370,0,0,1,1,0,15.169382167894083,22.919733840417685,-22.137303142741235
P3,Joystick,Center,2D,DT500,6,250.0,40.0,239.80025480161527,-3.931723243840653,3642,500,4142,0,0,1,1,0,26.65470555221489,39.00047333092708,37.48717226557503
P3,Joystick,Center,2D,DT500,0,250.0,60.0,259.2876224362682,15.55564439081224,2856,500,3356,0,0,2,2,0,12.421136432108383,12.017228053447752,8.8677041865441
P3,Joystick,Center,2D,DT500,1,250.0,60.0,262.695046975466,18.96306893001004,5527,500,6027,0,0,5,7,2,26.086876261086893,23.53679244606897,-18.49008268423974
P3,Joystick,Center,2D,DT500,2,250.0,60.0,255.84473922285,12.112761177394084,6674,500,7174,0,0,2,1,1,39.37808753045583,52.79246293048494,50.44097303855504
P3,Joystick,Center,2D,DT500,3,250.0,60.0,221.865989022728,-21.86598902272796,4346,500,4847,0,0,0,0,1,1.5428812345101215,8.35813953488372,-8.35813953488372
P3,Joystick,Center,2D,DT500,4,250.0,60.0,230.6908107212447,-13.04116732421124,7790,500,8291,0,0,0,1,1,23.79882528608972,54.92393866366088,54.88624830881135
P3,Joystick,Center,2D,DT500,5,250.0,60.0,245.08886776339065,1.3568897179346733,2591,500,3091,0,0,0,1,0,5.094854373012289,16.653906035654416,16.653906035654416
P3,Joystick,Center,2D,DT500,6,250.0,60.0,236.26074084444403,-7.471237201011881,3742,500,4243,0,0,1,2,0,21.615032177693458,27.55117937550419,24.51960777913438
P3,Joystick,Center,2D,DT500,0,100.0,40.0,103.6385331926026,6.1457419744201935,2285,500,2786,0,0,0,1,0,6.236120632908221,20.03294684505362,-20.03294684505362
P3,Joystick,Center,2D,DT500,1,100.0,40.0,90.4310090970662,-7.061782121116219,1996,500,2496,0,0,0,1,1,6.776140905736983,12.424887054016194,-12.424887054016194
P3,Joystick,Center,2D,DT500,2,100.0,40.0,91.12739946361484,-6.365391754567536,3058,500,3558,0,0,2,2,1,15.56472780788977,13.29794309142218,-3.911435567813569
P3,Joystick,Center,2D,DT500,3,100.0,40.0,90.74639560909117,-6.746395609091226,1567,500,2067,0,0,0,0,0,2.168393113959882,10.47457627118644,10.47457627118644
P3,Joystick,Center,2D,DT500,4,100.0,40.0,110.64990205046232,13.157110832279884,2563,500,3063,0,0,1,1,1,21.32349483528269,39.554188185105446,39.04104883020522
P3,Joystick,Center,2D,DT500,5,100.0,40.0,110.61016288120418,13.117371663021682,2809,500,3310,0,0,0,2,0,18.80284206127165,41.07914575294103,-41.070201516486186
P3,Joystick,Center,2D,DT500,6,100.0,40.0,102.64278429429103,5.1499930761086095,9214,500,9714,0,3,5,6,5,10.08964046197018,10.280095683593665,6.605508518969036
P3,Joystick,Center,2D,DT500,0,500.0,40.0,481.2414400854439,-6.222516005467978,5985,500,6485,0,0,1,5,0,32.547482028965455,28.255963437776423,-1.3006724492662
P3,Joystick,Center,2D,DT500,1,500.0,40.0,488.1887430742636,0.7247869833517262,9330,500,9831,0,0,1,5,2,25.562377989299225,47.50605675345931,-46.75403315691569
P3,Joystick,Center,2D,DT500,2,500.0,40.0,481.1916081691296,-6.272347921782248,7058,500,7558,0,0,0,2,0,10.639533924833938,15.744181877263838,15.64582660957781
P3,Joystick,Center,2D,DT500,3,500.0,40.0,493.731978045456,6.268021954544173,7868,500,8369,0,0,0,0,0,2.8885222715896073e-14,4.000000000000057,-4.000000000000057
P3,Joystick,Center,2D,DT500,4,500.0,40.0,486.440477121978,-1.0234789689338115,16485,511,16996,0,1,2,2,4,35.186527425162346,33.27749484442111,12.205672632859242
P3,Joystick,Center,2D,DT500,5,500.0,40.0,484.1900714740093,-3.2738846169025693,5423,500,5923,0,0,1,2,0,11.588034025195183,24.37738382607997,23.679738910359003
P3,Joystick,Center,2D,DT500,6,500.0,40.0,498.2938282873982,10.829872196486402,10496,500,10997,0,0,2,4,1,49.65032333008365,42.3122643607642,15.621646108809433
P3,Joystick,Center,2D,DT500,0,500.0,60.0,498.31308904169066,10.84913295077881,5565,500,6066,0,0,1,4,1,16.533884878966564,19.12172419473948,-13.55306797198941
P3,Joystick,Center,2D,DT500,1,500.0,60.0,500.0646800713149,12.600723980403076,7237,500,7738,0,0,1,3,0,26.47933266670496,68.52883583427347,-68.11912092570729
P3,Joystick,Center,2D,DT500,2,500.0,60.0,498.8457702408376,11.381814149925775,8776,500,9276,0,0,4,5,0,24.55464651741972,23.33160927002486,11.072073691348027
P3,Joystick,Center,2D,DT500,3,500.0,60.0,486.731978045456,-0.7319780454558408,7045,500,7546,0,0,0,2,1,24.228463420454723,45.42553191489362,45.42553191489362
P3,Joystick,Center,2D,DT500,4,500.0,60.0,482.7347318079238,-4.729224282988012,9598,500,10098,0,0,2,3,0,56.43898206196874,91.51838627076968,90.69435145425922
P3,Joystick,Center,2D,DT500,5,500.0,60.0,482.0127956277929,-5.451160463118901,5364,500,5864,0,0,1,3,0,9.70631352951646,13.117001164374434,11.860248412706316
P3,Joystick,Center,2D,DT500,6,500.0,60.0,474.0374862543226,-13.426469836589202,6796,500,7296,0,0,0,6,2,20.705684956045683,53.23229333101221,-53.23229333101221
P3,Joystick,Center,2D,DT500,0,100.0,60.0,122.14134253792746,24.64855131974505,2773,500,3273,0,0,3,4,0,11.220050078308253,18.081511768011325,17.32396467064329
P3,Joystick,Center,2D,DT500,1,100.0,60.0,102.31682301469594,4.824031796513527,12014,500,12514,0,1,1,4,2,49.285859243495615,71.60932820641956,-70.02777044825498
P3,Joystick,Center,2D,DT500,2,100.0,60.0,96.59734977692136,-0.8954414412610354,4636,500,5136,0,0,2,2,1,25.3657030729236,42.73906930671722,40.82702002307824
P3,Joystick,Center,2D,DT500,3,100.0,60.0,95.74639560909117,-1.7463956090912185,9777,500,10277,0,0,3,2,3,17.088494004247206,20.88185654008439,19.88607594936709
P3,Joystick,Center,2D,DT500,4,100.0,60.0,119.75919489848842,22.266403680305984,2401,500,2902,0,0,1,1,0,23.90560002946151,34.82073074325977,33.37057651283004
P3,Joystick,Center,2D,DT500,5,100.0,60.0,82.37502627579495,-15.117764942387538,4275,500,4776,0,0,2,2,0,12.739579595785829,13.166319352164397,-8.084148554327832
P3,Joystick,Center,2D,DT500,6,100.0,60.0,95.18273770226271,-2.310053515919722,1824,500,2324,0,0,1,0,0,10.308589889276066,10.2669695553076,-8.10859397067424
P3,Horizontal,Front,1D,DT500,0,250.0,40.0,241.0,-9.0,2392,522,2915,0,0,0,0,1,2.1126114787861907e-14,6.000000000000029,-6.000000000000029
P3,Horizontal,Front,1D,DT500,1,250.0,40.0,234.0,-15.999999999999986,2335,519,2854,0,0,0,0,0,2.112025058063016e-14,5.999999999999966,-5.999999999999966
P3,Horizontal,Front,1D,DT500,2,250.0,40.0,263.0,13.0,2275,501,2777,0,0,0,0,1,2.169659801540061e-14,6.000000000000035,-6.000000000000035
P3,Horizontal,Front,1D,DT500,3,250.0,40.0,234.0,-15.999999999999986,2894,522,3417,0,0,0,0,1,2.4849245681591968e-14,5.999999999999982,-5.999999999999982
P3,Horizontal,Front,1D,DT500,4,250.0,40.0,254.0,4.000000000000014,10801,523,11324,0,1,0,0,1,2.3092129045254383e-14,6.000000000000064,-6.000000000000064
P3,Horizontal,Front,1D,DT500,5,250.0,40.0,244.0,-6.000000000000014,4965,517,5482,0,0,0,0,2,3.9423432648066126e-14,5.999999999999998,-5.999999999999998
P3,Horizontal,Front,1D,DT500,6,250.0,40.0,263.0,13.0,1972,503,2476,0,0,0,0,1,2.4802133885661797e-14,6.000000000000048,-6.000000000000048
P3,Horizontal,Front,1D,DT500,0,100.0,40.0,113.0,13.0,1550,509,2059,0,0,0,0,1,1.0618327549614714e-14,0.9999999999999905,0.9999999999999905
P3,Horizontal,Front,1D,DT500,1,100.0,40.0,82.0,-18.0,2123,517,2640,0,0,0,0,1,9.807263839898097e-15,1.000000000000008,1.000000000000008
P3,Horizontal,Front,1D,DT500,2,100.0,40.0,113.0,13.0,4188,527,4715,0,1,0,0,1,9.285202969643794e-15,0.9999999999999752,0.9999999999999752
P3,Horizontal,Front,1D,DT500,3,100.0,40.0,84.0,-15.999999999999996,3727,524,4252,0,0,0,0,0,9.753446705484854e-15,1.0000000000000056,1.0000000000000056
P3,Horizontal,Front,1D,DT500,4,100.0,40.0,106.0,6.0,10800,517,11317,0,2,0,0,3,1.2882696205792468e-14,0.9999999999999742,0.9999999999999742
P3,Horizontal,Front,1D,DT500,5,100.0,40.0,120.0,19.99999999999999,3787,519,4307,0,2,0,0,4,1.2845506425077696e-14,1.0000000000000162,1.0000000000000162
P3,Horizontal,Front,1D,DT500,6,100.0,40.0,83.0,-16.999999999999996,1766,514,2280,0,0,0,0,2,1.1496808143140181e-14,0.9999999999999946,0.9999999999999946
P3,Horizontal,Front,1D,DT500,0,500.0,60.0,498.0,-2.0,4416,503,4920,0,0,0,0,1,3.935115643105986e-14,0.9999999999999424,0.9999999999999424
P3,Horizontal,Front,1D,DT500,1,500.0,60.0,526.0,26.0,7152,515,7668,0,0,0,0,0,4.1300951088011113e-14,1.0000000000000506,1.0000000000000506
P3,Horizontal,Front,1D,DT500,2,500.0,60.0,523.0,23.000000000000057,5559,522,6081,0,0,0,0,2,4.3450393510523766e-14,0.9999999999999368,0.9999999999999368
P3,Horizontal,Front,1D,DT500,3,500.0,60.0,499.0,-1.0,5432,529,5961,0,0,0,0,1,4.6641906695718616e-14,1.000000000000045,1.000000000000045
P3,Horizontal,Front,1D,DT500,4,500.0,60.0,481.0,-19.0,9384,526,9911,0,0,0,0,2,4.294111116651255e-14,0.9999999999999346,0.9999999999999346
P3,Horizontal,Front,1D,DT500,5,500.0,60.0,479.0,-21.0,3955,515,4470,0,0,0,0,1,3.6772776328617166e-14,1.0000000000000628,1.0000000000000628
P3,Horizontal,Front,1D,DT500,6,500.0,60.0,481.0,-19.0,3769,507,4277,0,0,0,0,1,3.6000919632299957e-14,0.9999999999999328,0.9999999999999328
P3,Horizontal,Front,1D,DT500,0,500.0,40.0,498.0,-2.0,8222,504,8726,0,1,0,0,3,3.658505728544725e-14,0.9999999999999158,0.9999999999999158
P3,Horizontal,Front,1D,DT500,1,500.0,40.0,513.0,13.0,4620,522,5143,0,0,0,0,0,4.128261803494784e-14,1.0000000000000573,1.0000000000000573
P3,Horizontal,Front,1D,DT500,2,500.0,40.0,513.0,13.0,4695,505,5201,0,0,0,0,1,4.2367611681515453e-14,0.9999999999999456,0.9999999999999456
P3,Horizontal,Front,1D,DT500,3,500.0,40.0,503.0,2.9999999999999707,4411,524,4935,0,0,0,0,1,4.079665129428895e-14,1.0000000000000593,1.0000000000000593
P3,Horizontal,Front,1D,DT500,4,500.0,40.0,503.0,2.9999999999999707,6766,519,7285,0,1,0,0,3,3.7026629638639394e-14,0.9999999999999178,0.9999999999999178
P3,Horizontal,Front,1D,DT500,5,500.0,40.0,497.00000000000006,-2.9999999999999707,5045,523,5569,0,0,0,0,0,4.070762833089942e-14,1.0000000000000595,1.0000000000000595
P3,Horizontal,Front,1D,DT500,6,500.0,40.0,495.00000000000006,-4.999999999999971,4551,506,5058,0,0,0,0,1,4.0581121297644814e-14,0.9999999999999408,0.9999999999999408
P3,Horizontal,Front,1D,DT500,0,250.0,60.0,281.0,31.0,2337,503,2841,1,0,0,0,0,2.3414976315715048e-14,0.9999999999999726,0.9999999999999726
P3,Horizontal,Front,1D,DT500,1,250.0,60.0,276.0,26.0,7023,533,7556,0,1,0,0,1,2.5744474039546012e-14,1.0000000000000266,1.0000000000000266
P3,Horizontal,Front,1D,DT500,2,250.0,60.0,247.0,-3.0,2047,508,2555,0,0,0,0,1,2.1095734755002084e-14,0.99999999999997,0.99999999999997
P3,Horizontal,Front,1D,DT500,3,250.0,60.0,244.0,-6.0,2539,508,3047,0,0,0,0,1,1.834723260268676e-14,1.0000000000000313,1.0000000000000313
P3,Horizontal,Front,1D,DT500,4,250.0,60.0,233.0,-17.0,1814,518,2332,0,0,0,0,1,1.7891539058821174e-14,0.999999999999965,0.999999999999965
P3,Horizontal,Front,1D,DT500,5,250.0,60.0,260.0,9.999999999999972,1704,503,2207,0,0,0,0,1,1.8625147110028667e-14,1.000000000000036,1.000000000000036
P3,Horizontal,Front,1D,DT500,6,250.0,60.0,250.0,0.0,1961,505,2467,0,0,0,0,1,2.0629448480441908e-14,0.9999999999999686,0.9999999999999686
P3,Horizontal,Front,1D,DT500,0,100.0,60.0,112.0,12.0,711,517,1229,0,0,0,0,1,9.745261291533991e-15,0.9999999999999866,0.9999999999999866
P3,Horizontal,Front,1D,DT500,1,100.0,60.0,115.0,15.0,3917,533,4450,0,0,0,0,0,1.1311151916329342e-14,1.0000000000000058,1.0000000000000058
P3,Horizontal,Front,1D,DT500,2,100.0,60.0,120.0,19.99999999999999,792,507,1300,0,0,0,0,1,1.0631633699238702e-14,0.9999999999999872,0.9999999999999872
P3,Horizontal,Front,1D,DT500,3,100.0,60.0,77.0,-23.0,902,517,1420,0,0,0,0,1,8.704410363550574e-15,1.000000000000011,1.000000000000011
P3,Horizontal,Front,1D,DT500,4,100.0,60.0,116.0,16.0,417,513,931,0,0,0,0,1,7.692718700554244e-15,0.9999999999999818,0.9999999999999818
P3,Horizontal,Front,1D,DT500,5,100.0,60.0,95.0,-5.0,754,513,1267,0,0,0,0,1,9.629827936242077e-15,1.0000000000000135,1.0000000000000135
P3,Horizontal,Front,1D,DT500,6,100.0,60.0,86.0,-13.999999999999996,551,504,1056,0,0,0,0,1,7.668981566656661e-15,0.9999999999999856,0.9999999999999856
P7,Vertical,Left,1D,DT500,0,500.0,60.0,481.0,-19.00000000000003,6472,500,6973,0,0,0,0,1,6.964710386461033e-14,24.0,24.0
P7,Vertical,Left,1D,DT500,1,500.0,60.0,477.0,-23.0,5108,500,5609,0,0,0,0,1,7.155717841700557e-14,24.000000000000004,24.000000000000004
P7,Vertical,Left,1D,DT500,2,500.0,60.0,494.0,-6.0,4358,503,4862,0,0,0,0,0,6.87535146962803e-14,24.0,24.0
P7,Vertical,Left,1D,DT500,3,500.0,60.0,488.0,-12.000000000000028,5096,541,5638,0,0,0,0,0,7.645471911131228e-14,24.0,24.0
P7,Vertical,Left,1D,DT500,4,500.0,60.0,498.0,-2.0000000000000293,5242,516,5759,0,0,0,0,0,6.784805087479784e-14,24.0,24.0
P7,Vertical,Left,1D,DT500,5,500.0,60.0,533.0,33.0,6015,539,6555,0,0,0,0,0,7.56970917176284e-14,24.0,24.0
P7,Vertical,Left,1D,DT500,6,500.0,60.0,495.0,-5.0,4970,524,5495,0,0,0,0,0,6.564211746871852e-14,24.0,24.0
P7,Vertical,Left,1D,DT500,0,250.0,60.0,251.0,0.9999999999999856,3838,501,4340,0,0,0,0,0,3.31246367144971e-14,31.0,31.0
P7,Vertical,Left,1D,DT500,1,250.0,60.0,273.0,23.0,2836,511,3348,0,0,0,0,0,3.9604581680100064e-14,31.0,31.0
P7,Vertical,Left,1D,DT500,2,250.0,60.0,246.00000000000003,-3.999999999999985,3455,504,3959,0,0,0,0,0,3.200216664857519e-14,31.0,31.0
P7,Vertical,Left,1D,DT500,3,250.0,60.0,241.0,-9.0,3006,532,3539,0,0,0,0,0,3.604580855635876e-14,31.0,31.0
P7,Vertical,Left,1D,DT500,4,250.0,60.0,240.0,-10.0,2742,518,3261,0,0,0,0,0,3.155834993718011e-14,31.0,31.0
P7,Vertical,Left,1D,DT500,5,250.0,60.0,253.00000000000003,3.0000000000000147,2826,535,3362,0,0,0,0,0,3.4055460242890833e-14,31.000000000000004,31.000000000000004
P7,Vertical,Left,1D,DT500,6,250.0,60.0,260.0,10.0,3049,540,3589,0,0,0,0,0,3.616678811161516e-14,31.0,31.0
P7,Vertical,Left,1D,DT500,0,500.0,40.0,499.00000000000006,-0.9999999999999708,6053,528,6582,0,0,0,0,0,7.12324385836403e-14,31.0,31.0
P7,Vertical,Left,1D,DT500,1,500.0,40.0,510.0,9.999999999999972,5206,514,5721,0,0,0,0,0,6.85776359513624e-14,31.0,31.0
P7,Vertical,Left,1D,DT500,2,500.0,40.0,508.0,8.000000000000028,4916,517,5434,0,0,0,0,0,7.068168283915828e-14,31.0,31.0
P7,Vertical,Left,1D,DT500,3,500.0,40.0,496.0,-4.000000000000029,5285,521,5806,0,0,0,0,0,7.175435550126895e-14,31.0,31.0
P7,Vertical,Left,1D,DT500,4,500.0,40.0,502.0,2.0,4867,510,5377,0,0,0,0,0,7.295476222098096e-14,31.0,31.0
P7,Vertical,Left,1D,DT500,5,500.0,40.0,488.0,-12.000000000000028,5668,509,6177,0,0,0,0,0,6.66636237896002e-14,31.0,31.0
P7,Vertical,Left,1D,DT500,6,500.0,40.0,499.00000000000006,-0.9999999999999708,4729,512,5242,0,0,0,0,0,6.917331183507759e-14,31.0,31.0
P7,Vertical,Left,1D,DT500,0,100.0,40.0,105.0,5.0,1367,533,1900,0,0,0,0,0,1.4561792860887976e-14,31.0,31.0
P7,Vertical,Left,1D,DT500,1,100.0,40.0,108.0,8.000000000000009,2140,531,2671,0,0,0,0,0,1.4854201994633485e-14,31.0,31.0
P7,Vertical,Left,1D,DT500,2,100.0,40.0,104.0,4.000000000000009,1819,534,2353,0,0,0,0,0,1.3906766605110702e-14,31.0,31.0
P7,Vertical,Left,1D,DT500,3,100.0,40.0,101.0,1.000000000000009,1999,516,2516,0,0,0,0,0,1.5263581515334864e-14,31.0,31.0
P7,Vertical,Left,1D,DT500,4,100.0,40.0,108.0,8.000000000000009,1383,530,1914,0,0,0,0,0,1.5688358818848954e-14,31.0,31.0
P7,Vertical,Left,1D,DT500,5,100.0,40.0,89.0,-11.0,2151,501,2652,0,0,0,0,0,1.264420065187166e-14,31.0,31.0
P7,Vertical,Left,1D,DT500,6,100.0,40.0,112.0,11.999999999999991,1550,511,2061,0,0,0,0,0,1.2949489934626028e-14,31.0,31.0
P7,Vertical,Left,1D,DT500,0,250.0,40.0,251.0,0.9999999999999856,3768,542,4310,0,0,0,0,0,3.638770202588377e-14,31.0,31.0
P7,Vertical,Left,1D,DT500,1,250.0,40.0,255.0,5.0,3456,513,3969,0,0,0,0,0,3.4540414961821844e-14,31.0,31.0
P7,Vertical,Left,1D,DT500,2,250.0,40.0,251.0,0.9999999999999856,2816,523,3340,0,0,0,0,0,3.5102716902758694e-14,31.0,31.0
P7,Vertical,Left,1D,DT500,3,250.0,40.0,251.0,0.9999999999999856,3018,534,3552,0,0,0,0,0,3.4979560711656303e-14,31.0,31.0
P7,Vertical,Left,1D,DT500,4,250.0,40.0,261.0,11.0,2736,505,3242,0,0,0,0,0,3.7693382456739766e-14,31.0,31.0
P7,Vertical,Left,1D,DT500,5,250.0,40.0,260.0,10.0,3073,507,3580,0,0,0,0,0,3.69726442707096e-14,31.0,31.0
P7,Vertical,Left,1D,DT500,6,250.0,40.0,253.00000000000003,3.0000000000000147,3470,521,3992,0,0,0,0,0,3.4557815372782054e-14,31.0,31.0
P7,Vertical,Left,1D,DT500,0,100.0,60.0,103.0,3.0,1291,523,1814,0,0,0,0,0,1.3233560403726e-14,31.0,31.0
P7,Vertical,Left,1D,DT500,1,100.0,60.0,109.0,9.0,1593,524,2118,0,0,0,0,0,1.5874972877287253e-14,31.0,31.0
P7,Vertical,Left,1D,DT500,2,100.0,60.0,87.0,-13.0,2362,512,2874,0,0,0,0,0,8.572442818819022e-15,31.0,31.0
P7,Vertical,Left,1D,DT500,3,100.0,60.0,119.0,19.00000000000001,2084,515,2599,0,0,0,0,0,1.499215382724892e-14,31.000000000000004,31.000000000000004
P7,Vertical,Left,1D,DT500,4,100.0,60.0,92.0,-7.999999999999991,1949,502,2452,0,0,0,0,0,1.2110892789994803e-14,31.0,31.0
P7,Vertical,Left,1D,DT500,5,100.0,60.0,112.0,11.999999999999991,1710,500,2210,0,0,0,0,0,1.4111823162244484e-14,31.000000000000004,31.000000000000004
P7,Vertical,Left,1D,DT500,6,100.0,60.0,98.0,-2.0,1652,546,2199,0,0,0,0,0,1.4106853335303161e-14,31.0,31.0
P7,Joystick,Rear,2D,DT500,0,500.0,40.0,504.05699135229526,16.5930352613834,5642,502,6145,0,0,0,3,0,18.840314373332777,42.08049188245427,-42.08049188245427
P7,Joystick,Rear,2D,DT500,1,500.0,40.0,493.8594128144629,6.3954567235510735,5515,500,6015,0,0,1,1,0,11.44464765530578,11.083791407748436,0.5491875088381798
P7,Joystick,Rear,2D,DT500,2,500.0,40.0,494.67293979799854,7.2089837070867855,6644,500,7145,0,0,2,2,0,16.409288720796425,20.537353748078623,19.32869115272882
P7,Joystick,Rear,2D,DT500,3,500.0,40.0,502.731978045456,15.268021954544158,8308,500,8809,0,1,1,2,2,16.412044007399544,23.97087378640777,-20.611650485436893
P7,Joystick,Rear,2D,DT500,4,500.0,40.0,481.4662819802384,-5.997674110673413,7849,500,8349,0,0,3,2,0,5.857590720818722,5.305694835555625,1.8149649783385176
P7,Joystick,Rear,2D,DT500,5,500.0,40.0,500.262218482884,12.798262391972097,5289,500,5790,0,0,0,1,0,13.856381742539462,28.47649980550917,-28.47649980550917
P7,Joystick,Rear,2D,DT500,6,500.0,40.0,491.5333560923522,4.069400001440416,5070,500,5571,0,0,0,1,0,3.287181812717221,3.0188821032285245,2.526528954363424
P7,Joystick,Rear,2D,DT500,0,500.0,60.0,508.232056516222,20.7681004253102,5322,500,5823,0,0,0,3,0,10.360847943509668,13.731282306549316,-13.244219658359324
P7,Joystick,Rear,2D,DT500,1,500.0,60.0,485.8630024680164,-1.6009536228954468,5286,500,5786,0,0,0,0,0,2.4511799383146764,3.655488866307264,3.6415454746975153
P7,Joystick,Rear,2D,DT500,2,500.0,60.0,486.36501164887295,-1.0989444420388528,6794,500,7295,0,0,0,3,0,8.59430838601236,17.199245168213093,17.199245168213093
P7,Joystick,Rear,2D,DT500,3,500.0,60.0,503.731978045456,16.26802195454416,8349,500,8849,0,0,2,3,0,19.70683322895273,19.708474576271183,12.644067796610168
P7,Joystick,Rear,2D,DT500,4,500.0,60.0,488.17374640500566,0.7097903140937947,8033,500,8534,0,0,1,3,0,25.8925545553371,59.12223626421388,58.82839409505412
P7,Joystick,Rear,2D,DT500,5,500.0,60.0,477.3020528918278,-10.161903199083984,5007,500,5508,0,0,0,1,0,3.616513906879045,3.3955064518568654,-3.392540401786176
P7,Joystick,Rear,2D,DT500,6,500.0,60.0,503.900053840403,16.436097749491214,5013,500,5513,0,0,1,1,0,7.995960626290775,8.750229716836705,-7.069549514391416
P7,Joystick,Rear,2D,DT500,0,100.0,40.0,105.1433471490536,7.6505559308712066,2342,500,2843,0,0,1,1,0,13.386929951843063,20.48796089960045,-20.017531021974897
P7,Joystick,Rear,2D,DT500,1,100.0,40.0,94.95377939068663,-2.539011827495784,5573,501,6075,0,0,1,2,1,19.158390520757514,18.804179574364788,-9.039235990412497
P7,Joystick,Rear,2D,DT500,2,100.0,40.0,99.2006522116267,1.7078609934443176,11938,500,12439,0,2,5,7,4,21.45095385176743,19.836667753333973,13.78789743612782
P7,Joystick,Rear,2D,DT500,3,100.0,40.0,108.74639560909117,11.253604390908777,1777,500,2277,0,0,0,0,0,1.1540924399601451e-14,11.0,-11.0
P7,Joystick,Rear,2D,DT500,4,100.0,40.0,95.99972476290986,-1.493066455272562,4928,500,5428,0,0,1,2,1,16.662217904375535,20.494978888906875,15.625920531530705
P7,Joystick,Rear,2D,DT500,5,100.0,40.0,109.66998971812684,12.177198499944344,5341,500,5842,0,0,0,1,2,11.76456983686515,25.1689189539016,-25.123692141918905
P7,Joystick,Rear,2D,DT500,6,100.0,40.0,99.97253308681526,2.479741868632831,1771,500,2272,0,0,1,1,0,8.160710718688792,7.438656970871633,2.733906893627032
P7,Joystick,Rear,2D,DT500,0,250.0,60.0,222.9607571564709,-20.771220888984963,3531,500,4031,0,0,3,3,1,8.695713522349438,7.464440825587532,1.2061638774483747
P7,Joystick,Rear,2D,DT500,1,250.0,60.0,237.5378516970366,-6.1941263484193225,3078,500,3578,0,0,1,0,0,7.332096311169368,7.604339201337722,-5.683064115906765
P7,Joystick,Rear,2D,DT500,2,250.0,60.0,247.970694812842,4.238716767386047,7531,500,8032,0,0,0,2,1,11.680277239036952,19.19435438465672,19.16338848370697
P7,Joystick,Rear,2D,DT500,3,250.0,60.0,237.865989022728,-5.865989022727946,2755,500,3255,0,0,0,0,0,1.4898890105097196,4.243697478991568,4.243697478991568
P7,Joystick,Rear,2D,DT500,4,250.0,60.0,255.3821854409504,11.650207395494402,6126,500,6626,0,0,2,2,1,16.517375478613026,18.12689638550429,15.07042795343358
P7,Joystick,Rear,2D,DT500,5,250.0,60.0,254.0353281934929,10.303350148036934,8211,500,8711,0,1,2,2,2,18.604230029870347,16.945358781183796,8.68393890210579
P7,Joystick,Rear,2D,DT500,6,250.0,60.0,230.6657059004228,-13.066272145033135,2859,500,3360,0,0,2,2,0,5.945379188190473,5.335758146007415,-1.8197250677561765
P7,Joystick,Rear,2D,DT500,0,250.0,40.0,241.4843874879256,-2.247590557530305,2870,500,3370,0,0,0,2,0,7.14272899095588,7.0879851664534685,-6.590767829795185
P7,Joystick,Rear,2D,DT500,1,250.0,40.0,237.7159472188028,-6.016030826653112,3023,500,3524,0,0,2,2,0,10.702103426577333,13.35820917778388,-10.583080151915798
P7,Joystick,Rear,2D,DT500,2,250.0,40.0,237.491082294686,-6.240895750769976,7361,502,7863,0,0,1,3,1,10.38312401863909,11.98108276951911,10.207712518658752
P7,Joystick,Rear,2D,DT500,3,250.0,40.0,253.865989022728,10.13401097727207,5468,500,5969,0,0,0,4,1,16.450080443660067,33.347417840375584,-33.347417840375584
P7,Joystick,Rear,2D,DT500,4,250.0,40.0,243.937466949,0.2054889035440145,5661,500,6162,0,0,0,1,1,16.872243682372122,43.11317738043413,43.11317738043413
P7,Joystick,Rear,2D,DT500,5,250.0,40.0,244.67310424503347,0.9411261995774896,3232,500,3733,0,0,1,1,0,9.314973342972714,8.6553836343152,-2.880888443438314
P7,Joystick,Rear,2D,DT500,6,250.0,40.0,245.9043548037759,2.1723767583199853,2989,500,3489,0,0,0,1,0,7.023832363111928,15.527480170406356,-15.527480170406356
P7,Joystick,Rear,2D,DT500,0,100.0,60.0,97.3759354467124,-0.1168557714699994,1950,500,2450,0,0,1,1,0,8.322395053213677,8.753501641976019,-6.433639531563055
P7,Joystick,Rear,2D,DT500,1,100.0,60.0,113.07449132690373,15.581700108721302,3251,500,3752,0,0,0,1,0,14.010434418200267,20.64671674731421,-19.929539192711704
P7,Joystick,Rear,2D,DT500,2,100.0,60.0,89.55787145548113,-7.934919762701252,3268,500,3769,0,0,1,1,0,5.027901465763776,6.99742532154615,5.850514509430926
P7,Joystick,Rear,2D,DT500,3,100.0,60.0,100.74639560909117,3.253604390908761,3673,500,4173,0,0,0,0,0,5.139075152595277e-15,1.0013441806645271e-14,-1.0013441806645271e-14
P7,Joystick,Rear,2D,DT500,4,100.0,60.0,96.3008029433582,-1.1919882748242208,3787,500,4288,0,0,0,1,0,5.817510212700803,14.49355930280061,14.49355930280061
P7,Joystick,Rear,2D,DT500,5,100.0,60.0,107.95786199315992,10.46507077497744,1522,500,2023,0,0,1,1,0,4.450517585018512,6.279564836344858,-5.31640157525402
P7,Joystick,Rear,2D,DT500,6,100.0,60.0,85.24294924160154,-12.2498419765809,1868,500,2369,0,0,1,1,0,12.24967797058298,11.770913277162627,-7.527026498967169
P7,Horizontal,Center,1D,DT500,0,500.0,60.0,502.0,2.0,5279,537,5816,0,0,0,0,0,6.961868572213853e-14,135.0,135.0
P7,Horizontal,Center,1D,DT500,1,500.0,60.0,501.0,1.0,5114,541,5655,0,0,0,0,0,7.058790199649654e-14,135.0,135.0
P7,Horizontal,Center,1D,DT500,2,500.0,60.0,498.0,-2.0,4692,507,5199,0,0,0,0,0,7.23846790413403e-14,135.0,135.0
P7,Horizontal,Center,1D,DT500,3,500.0,60.0,496.0,-4.0,5406,528,5935,0,0,0,0,0,7.082381934867192e-14,135.0,135.0
P7,Horizontal,Center,1D,DT500,4,500.0,60.0,511.00000000000006,11.00000000000006,5120,500,5621,0,0,0,0,0,7.214522867788476e-14,135.0,135.0
P7,Horizontal,Center,1D,DT500,5,500.0,60.0,506.0,5.999999999999941,5047,517,5564,0,0,0,0,0,7.17352368383252e-14,135.0,135.0
P7,Horizontal,Center,1D,DT500,6,500.0,60.0,501.0,1.0,4945,533,5478,0,0,0,0,0,7.179966345808149e-14,135.0,135.0
P7,Horizontal,Center,1D,DT500,0,100.0,40.0,97.00000000000004,-2.999999999999964,1909,537,2446,0,0,0,0,0,1.9655433186702705e-14,142.0,142.0
P7,Horizontal,Center,1D,DT500,1,100.0,40.0,109.99999999999996,9.999999999999964,1761,535,2297,0,0,0,0,0,1.9721502055992657e-14,142.0,142.0
P7,Horizontal,Center,1D,DT500,2,100.0,40.0,108.0,8.0,2161,502,2663,0,0,0,0,0,1.6409281590473078e-14,142.0,142.0
P7,Horizontal,Center,1D,DT500,3,100.0,40.0,106.0,6.0,2052,509,2561,0,0,0,0,0,1.9029302604053162e-14,142.0,142.0
P7,Horizontal,Center,1D,DT500,4,100.0,40.0,107.0,7.0,1647,508,2155,0,0,0,0,0,1.9366130569245765e-14,142.0,142.0
P7,Horizontal,Center,1D,DT500,5,100.0,40.0,94.00000000000004,-5.999999999999964,1744,519,2264,0,0,0,0,0,1.6721867422533937e-14,142.0,142.0
P7,Horizontal,Center,1D,DT500,6,100.0,40.0,109.00000000000004,9.000000000000036,1945,502,2448,0,0,0,0,0,2.0097183471152322e-14,142.0,142.0
P7,Horizontal,Center,1D,DT500,0,100.0,60.0,95.0,-5.000000000000018,1724,520,2245,0,0,0,0,0,1.8178586431839436e-14,142.0,142.0
P7,Horizontal,Center,1D,DT500,1,100.0,60.0,106.0,6.0,1793,515,2308,0,0,0,0,0,2.049518613753201e-14,142.0,142.0
P7,Horizontal,Center,1D,DT500,2,100.0,60.0,92.0,-8.000000000000018,2125,525,2651,0,0,0,0,0,1.7053025658242404e-14,142.0,142.0
P7,Horizontal,Center,1D,DT500,3,100.0,60.0,92.0,-8.000000000000018,1977,542,2519,0,0,0,0,0,1.8346134549116834e-14,142.0,142.0
P7,Horizontal,Center,1D,DT500,4,100.0,60.0,86.99999999999999,-13.000000000000018,1619,505,2125,0,0,0,0,0,1.7975467359112713e-14,142.0,142.0
P7,Horizontal,Center,1D,DT500,5,100.0,60.0,106.0,6.0,2858,513,3371,0,0,0,0,0,2.0570123082727203e-14,142.0,142.0
P7,Horizontal,Center,1D,DT500,6,100.0,60.0,107.0,7.0,2170,537,2707,0,0,0,0,0,1.8141143371628502e-14,142.0,142.0
P7,Horizontal,Center,1D,DT500,0,250.0,60.0,242.00000000000003,-7.999999999999971,3090,538,3628,0,0,0,0,0,3.695815858409896e-14,142.0,142.0
P7,Horizontal,Center,1D,DT500,1,250.0,60.0,253.0,2.9999999999999707,3331,531,3862,0,0,0,0,0,3.816953493989909e-14,142.0,142.0
P7,Horizontal,Center,1D,DT500,2,250.0,60.0,253.0,2.9999999999999707,2882,518,3400,0,0,0,0,0,3.7505666298706985e-14,142.0,142.0
P7,Horizontal,Center,1D,DT500,3,250.0,60.0,253.0,2.9999999999999707,2924,509,3433,0,0,0,0,0,3.693209040340245e-14,142.0,142.0
P7,Horizontal,Center,1D,DT500,4,250.0,60.0,256.0,5.999999999999971,2711,540,3252,0,0,0,0,0,3.8058605208106325e-14,142.0,142.0
P7,Horizontal,Center,1D,DT500,5,250.0,60.0,264.0,13.999999999999972,2791,516,3307,0,0,0,0,0,3.764238796262511e-14,142.0,142.0
P7,Horizontal,Center,1D,DT500,6,250.0,60.0,233.0,-17.00000000000003,3457,514,3971,0,0,0,0,0,3.5425485258378584e-14,142.0,142.0
P7,Horizontal,Center,1D,DT500,0,500.0,40.0,504.0,4.0,6076,536,6612,0,0,0,0,0,7.066155054076902e-14,142.0,142.0
P7,Horizontal,Center,1D,DT500,1,500.0,40.0,507.00000000000006,7.000000000000059,5145,523,5669,0,0,0,0,0,7.304345432956625e-14,142.0,142.0
P7,Horizontal,Center,1D,DT500,2,500.0,40.0,513.0,13.0,4963,538,5501,0,0,0,0,0,7.24840803131131e-14,142.0,142.0
P7,Horizontal,Center,1D,DT500,3,500.0,40.0,483.0,-17.0,7132,528,7661,0,1,0,0,1,7.719841899937165e-14,142.0,142.0
P7,Horizontal,Center,1D,DT500,4,500.0,40.0,507.00000000000006,7.000000000000059,5056,517,5574,0,0,0,0,0,7.377448535075958e-14,142.0,142.0
P7,Horizontal,Center,1D,DT500,5,500.0,40.0,502.00000000000006,2.000000000000058,5265,518,5783,0,0,0,0,0,7.178399000757445e-14,142.0,142.0
P7,Horizontal,Center,1D,DT500,6,500.0,40.0,513.9999999999999,13.99999999999994,4934,531,5465,0,0,0,0,0,7.250636282010445e-14,142.0,142.0
P7,Horizontal,Center,1D,DT500,0,250.0,40.0,245.0,-5.000000000000029,2921,527,3449,0,0,0,0,0,3.639026997828296e-14,142.0,142.0
P7,Horizontal,Center,1D,DT500,1,250.0,40.0,268.0,17.99999999999997,2643,512,3155,0,0,0,0,0,3.9893281302598615e-14,142.0,142.0
P7,Horizontal,Center,1D,DT500,2,250.0,40.0,259.0,9.0,3070,531,3601,0,0,0,0,0,3.712143303636226e-14,142.0,142.0
P7,Horizontal,Center,1D,DT500,3,250.0,40.0,255.00000000000003,5.000000000000029,3117,545,3662,0,0,0,0,0,3.6587283849871094e-14,142.0,142.0
P7,Horizontal,Center,1D,DT500,4,250.0,40.0,252.0,1.999999999999971,2743,521,3264,0,0,0,0,0,3.747423177535233e-14,142.0,142.0
P7,Horizontal,Center,1D,DT500,5,250.0,40.0,253.0,2.9999999999999707,2885,517,3403,0,0,0,0,0,3.7555734743557984e-14,142.0,142.0
P7,Horizontal,Center,1D,DT500,6,250.0,40.0,253.0,2.9999999999999707,2700,541,3242,0,0,0,0,0,3.7857392077436535e-14,142.0,142.0
P7,Horizontal,Rear,1D,DT500,0,500.0,40.0,513.9999999999999,13.99999999999994,5077,536,5613,0,0,0,0,0,7.361838645316254e-14,21.0,-21.0
P7,Horizontal,Rear,1D,DT500,1,500.0,40.0,508.0,7.999999999999971,5282,505,5787,0,0,0,0,0,7.146261151981292e-14,21.0,-21.0
P7,Horizontal,Rear,1D,DT500,2,500.0,40.0,511.0,11.000000000000028,5019,510,5529,0,0,0,0,0,7.175621090875735e-14,21.0,-21.0
P7,Horizontal,Rear,1D,DT500,3,500.0,40.0,509.0,9.0,5245,518,5764,0,0,0,0,0,7.25117586914312e-14,21.0,-21.0
P7,Horizontal,Rear,1D,DT500,4,500.0,40.0,512.0,11.99999999999994,6036,509,6546,0,0,0,0,0,7.186496878778151e-14,21.0,-21.0
P7,Horizontal,Rear,1D,DT500,5,500.0,40.0,500.00000000000006,2.9103830456733704e-14,5373,531,5905,0,0,0,0,0,7.087282484794795e-14,21.0,-21.0
P7,Horizontal,Rear,1D,DT500,6,500.0,40.0,495.0,-5.0,5185,535,5720,0,0,0,0,0,7.081469090488835e-14,21.0,-21.0
P7,Horizontal,Rear,1D,DT500,0,100.0,40.0,115.0,15.0,1624,522,2147,0,0,0,0,0,1.6557547111683892e-14,14.0,-14.0
P7,Horizontal,Rear,1D,DT500,1,100.0,40.0,117.0,17.00000000000001,2294,516,2810,0,0,0,0,0,1.6353829880056804e-14,14.0,-14.0
P7,Horizontal,Rear,1D,DT500,2,100.0,40.0,104.0,4.0,1913,501,2414,0,0,0,0,0,1.4489640961867232e-14,14.0,-14.0
P7,Horizontal,Rear,1D,DT500,3,100.0,40.0,110.0,10.0,2288,550,2839,0,0,0,0,0,1.3818928077264616e-14,13.999999999999996,-13.999999999999996
P7,Horizontal,Rear,1D,DT500,4,100.0,40.0,114.0,14.000000000000009,4400,541,4942,0,0,0,0,1,1.2790231828243275e-14,14.000000000000009,-14.000000000000009
P7,Horizontal,Rear,1D,DT500,5,100.0,40.0,113.0,13.0,2520,531,3052,0,0,0,0,0,1.6209947441813138e-14,14.0,-14.0
P7,Horizontal,Rear,1D,DT500,6,100.0,40.0,110.0,10.0,1856,541,2398,0,0,0,0,0,1.5461308365793195e-14,14.0,-14.0
P7,Horizontal,Rear,1D,DT500,0,100.0,60.0,105.0,4.999999999999991,1929,529,2459,0,0,0,0,0,1.3953585855856951e-14,14.000000000000002,-14.000000000000002
P7,Horizontal,Rear,1D,DT500,1,100.0,60.0,115.0,15.0,1833,517,2351,0,0,0,0,0,1.6488695943449423e-14,14.0,-14.0
P7,Horizontal,Rear,1D,DT500,2,100.0,60.0,102.0,2.000000000000009,1802,512,2315,0,0,0,0,0,1.2875641860218088e-14,14.000000000000002,-14.000000000000002
P7,Horizontal,Rear,1D,DT500,3,100.0,60.0,111.0,11.0,2440,532,2972,0,0,0,0,0,1.4960317785819398e-14,13.999999999999998,-13.999999999999998
P7,Horizontal,Rear,1D,DT500,4,100.0,60.0,120.0,20.0,1712,510,2223,0,0,0,0,0,1.1907618818722035e-14,14.000000000000009,-14.000000000000009
P7,Horizontal,Rear,1D,DT500,5,100.0,60.0,98.0,-2.0,2185,503,2688,0,0,0,0,0,1.383311666702812e-14,14.0,-14.0
P7,Horizontal,Rear,1D,DT500,6,100.0,60.0,118.0,18.00000000000001,1712,514,2227,0,0,0,0,0,1.0680048851987782e-14,14.000000000000009,-14.000000000000009
P7,Horizontal,Rear,1D,DT500,0,250.0,60.0,246.00000000000003,-3.999999999999985,2531,538,3070,0,0,0,0,0,1.7591935688803898e-14,14.000000000000028,-14.000000000000028
P7,Horizontal,Rear,1D,DT500,1,250.0,60.0,252.0,2.0,2973,516,3489,0,0,0,0,0,1.906408897578962e-14,13.999999999999972,-13.999999999999972
P7,Horizontal,Rear,1D,DT500,2,250.0,60.0,242.0,-8.0,2997,516,3514,0,0,0,0,0,2.514595021803713e-14,14.000000000000012,-14.000000000000012
P7,Horizontal,Rear,1D,DT500,3,250.0,60.0,246.00000000000003,-3.999999999999985,2886,503,3390,0,0,0,0,0,1.897839683425248e-14,13.999999999999975,-13.999999999999975
P7,Horizontal,Rear,1D,DT500,4,250.0,60.0,252.0,2.0,2480,527,3007,0,0,0,0,0,1.9552238157929452e-14,14.000000000000028,-14.000000000000028
P7,Horizontal,Rear,1D,DT500,5,250.0,60.0,241.0,-9.0,2905,532,3437,0,0,0,0,0,2.3183960241794067e-14,13.999999999999986,-13.999999999999986
P7,Horizontal,Rear,1D,DT500,6,250.0,60.0,234.0,-16.000000000000014,2676,509,3185,0,0,0,0,0,2.2020138579851143e-14,14.000000000000016,-14.000000000000016
P7,Horizontal,Rear,1D,DT500,0,250.0,40.0,254.0,3.999999999999985,2705,527,3233,0,0,0,0,0,2.2369729837119952e-14,14.00000000000002,-14.00000000000002
P7,Horizontal,Rear,1D,DT500,1,250.0,40.0,242.0,-8.0,2893,531,3424,0,0,0,0,0,2.3317353634297828e-14,13.999999999999984,-13.999999999999984
P7,Horizontal,Rear,1D,DT500,2,250.0,40.0,236.0,-14.0,2757,501,3258,0,0,0,0,0,1.949951169430988e-14,14.00000000000002,-14.00000000000002
P7,Horizontal,Rear,1D,DT500,3,250.0,40.0,254.0,3.999999999999985,2822,545,3368,0,0,0,0,0,1.829614836011966e-14,13.999999999999968,-13.999999999999968
P7,Horizontal,Rear,1D,DT500,4,250.0,40.0,247.0,-3.0,2837,509,3347,0,0,0,0,0,2.454866882056618e-14,14.000000000000014,-14.000000000000014
P7,Horizontal,Rear,1D,DT500,5,250.0,40.0,252.0,2.0,2852,510,3363,0,0,0,0,0,2.1676267692378198e-14,13.99999999999998,-13.99999999999998
P7,Horizontal,Rear,1D,DT500,6,250.0,40.0,255.0,5.0,3015,510,3525,0,0,0,0,0,2.393461301016384e-14,14.000000000000016,-14.000000000000016
P7,Horizontal,Rear,1D,DT500,0,500.0,60.0,485.0,-15.0,4508,521,5029,0,0,0,0,0,3.970444026228887e-14,14.000000000000044,-14.000000000000044
P7,Horizontal,Rear,1D,DT500,1,500.0,60.0,502.0,1.999999999999971,5210,521,5731,0,0,0,0,0,3.9059659377642266e-14,13.999999999999954,-13.999999999999954
P7,Horizontal,Rear,1D,DT500,2,500.0,60.0,496.0,-4.0,5415,523,5939,0,0,0,0,0,4.213309511333106e-14,14.00000000000004,-14.00000000000004
P7,Horizontal,Rear,1D,DT500,3,500.0,60.0,501.0,1.0,5106,511,5617,0,0,0,0,0,4.053824739539698e-14,13.999999999999956,-13.999999999999956
P7,Horizontal,Rear,1D,DT500,4,500.0,60.0,509.0,9.0,4997,527,5524,0,0,0,0,0,4.0981518605531616e-14,14.000000000000046,-14.000000000000046
P7,Horizontal,Rear,1D,DT500,5,500.0,60.0,479.0,-21.0,5266,553,5819,0,0,0,0,0,4.328647798849943e-14,13.999999999999966,-13.999999999999966
P7,Horizontal,Rear,1D,DT500,6,500.0,60.0,480.0,-20.00000000000003,4577,517,5095,0,0,0,0,0,3.517007107451656e-14,14.000000000000052,-14.000000000000052
P7,Horizontal,Front,1D,DT500,0,100.0,60.0,99.0,-1.0,1714,533,2248,0,0,0,0,0,7.1021223537673306e-15,3.999999999999986,3.999999999999986
P7,Horizontal,Front,1D,DT500,1,100.0,60.0,87.0,-13.0,1483,503,1986,0,0,0,0,0,7.372670672845001e-15,4.000000000000011,4.000000000000011
P7,Horizontal,Front,1D,DT500,2,100.0,60.0,108.0,8.0,987,539,1526,0,0,0,0,0,7.980723245517286e-15,3.999999999999986,3.999999999999986
P7,Horizontal,Front,1D,DT500,3,100.0,60.0,78.0,-22.000000000000004,1887,514,2401,0,0,0,0,0,8.926679769647011e-15,4.00000000000001,4.00000000000001
P7,Horizontal,Front,1D,DT500,4,100.0,60.0,132.0,32.0,870,506,1376,1,0,0,0,0,9.81213576607538e-15,3.999999999999985,3.999999999999985
P7,Horizontal,Front,1D,DT500,5,100.0,60.0,110.0,10.0,1037,529,1567,0,0,0,0,1,1.2906080509169556e-14,4.000000000000011,4.000000000000011
P7,Horizontal,Front,1D,DT500,6,100.0,60.0,121.0,21.00000000000001,712,542,1254,0,0,0,0,0,1.0075963397955314e-14,3.999999999999985,3.999999999999985
P7,Horizontal,Front,1D,DT500,0,500.0,40.0,506.0,6.0,9761,508,10269,0,2,0,0,3,4.8773201966817646e-14,10.999999999999932,10.999999999999932
P7,Horizontal,Front,1D,DT500,1,500.0,40.0,508.0,8.0,5230,531,5761,0,0,0,0,0,3.71767395014731e-14,11.000000000000062,11.000000000000062
P7,Horizontal,Front,1D,DT500,2,500.0,40.0,495.00000000000006,-4.999999999999971,4843,511,5355,0,0,0,0,0,3.6437332488129124e-14,10.99999999999994,10.99999999999994
P7,Horizontal,Front,1D,DT500,3,500.0,40.0,501.00000000000006,1.000000000000029,4603,541,5144,0,0,0,0,0,3.652511636453863e-14,11.000000000000073,11.000000000000073
P7,Horizontal,Front,1D,DT500,4,500.0,40.0,508.0,8.0,4594,541,5136,0,0,0,0,0,3.7886128232020994e-14,10.99999999999993,10.99999999999993
P7,Horizontal,Front,1D,DT500,5,500.0,40.0,512.0000000000001,12.00000000000006,5359,519,5878,0,0,0,0,0,3.7358837848105273e-14,11.00000000000006,11.00000000000006
P7,Horizontal,Front,1D,DT500,6,500.0,40.0,515.0000000000001,15.00000000000006,7310,510,7820,0,0,0,0,0,3.8620113460876846e-14,10.999999999999943,10.999999999999943
P7,Horizontal,Front,1D,DT500,0,250.0,40.0,255.0,5.0,2436,519,2955,0,0,0,0,0,1.9484795079613973e-14,10.999999999999972,10.999999999999972
P7,Horizontal,Front,1D,DT500,1,250.0,40.0,250.00000000000003,1.4551915228366852e-14,2962,520,3483,0,0,0,0,0,1.9381642090009912e-14,11.000000000000028,11.000000000000028
P7,Horizontal,Front,1D,DT500,2,250.0,40.0,256.0,5.999999999999971,2387,520,2908,0,0,0,0,0,1.9846804066595047e-14,10.999999999999964,10.999999999999964
P7,Horizontal,Front,1D,DT500,3,250.0,40.0,265.0,15.000000000000028,7093,524,7617,0,3,0,0,3,2.5100350625902376e-14,11.000000000000028,11.000000000000028
P7,Horizontal,Front,1D,DT500,4,250.0,40.0,265.0,15.000000000000028,2946,537,3483,0,0,0,0,0,2.1465901429502005e-14,10.999999999999975,10.999999999999975
P7,Horizontal,Front,1D,DT500,5,250.0,40.0,255.0,5.0,3133,543,3676,0,0,0,0,0,2.0514241178851336e-14,11.000000000000025,11.000000000000025
P7,Horizontal,Front,1D,DT500,6,250.0,40.0,263.0,12.999999999999972,2449,543,2992,0,0,0,0,0,2.02377725003854e-14,10.999999999999972,10.999999999999972
P7,Horizontal,Front,1D,DT500,0,100.0,40.0,97.0,-3.0,1377,518,1895,0,0,0,0,0,1.2178088937988184e-14,10.999999999999998,10.999999999999998
P7,Horizontal,Front,1D,DT500,1,100.0,40.0,100.0,0.0,1231,533,1764,0,0,0,0,0,7.902625407419788e-15,11.00000000000001,11.00000000000001
P7,Horizontal,Front,1D,DT500,2,100.0,40.0,97.0,-3.0,1153,533,1686,0,0,0,0,0,7.689620900366213e-15,10.999999999999988,10.999999999999988
P7,Horizontal,Front,1D,DT500,3,100.0,40.0,103.0,3.0,1480,515,1996,0,0,0,0,0,8.33942308581861e-15,11.000000000000012,11.000000000000012
P7,Horizontal,Front,1D,DT500,4,100.0,40.0,109.0,9.0,1244,528,1772,0,0,0,0,0,9.321340782813536e-15,10.99999999999999,10.99999999999999
P7,Horizontal,Front,1D,DT500,5,100.0,40.0,116.0,16.0,2692,546,3238,0,0,0,0,0,1.3561091347293862e-14,11.000000000000004,11.000000000000004
P7,Horizontal,Front,1D,DT500,6,100.0,40.0,106.0,6.0,1425,516,1942,0,0,0,0,0,1.236869481443035e-14,10.999999999999996,10.999999999999996
P7,Horizontal,Front,1D,DT500,0,250.0,60.0,256.0,5.999999999999971,2328,527,2855,0,0,0,0,0,2.0449507019007412e-14,10.99999999999996,10.99999999999996
P7,Horizontal,Front,1D,DT500,1,250.0,60.0,239.0,-11.0,2796,513,3310,0,0,0,0,0,1.8663491507778555e-14,11.000000000000025,11.000000000000025
P7,Horizontal,Front,1D,DT500,2,250.0,60.0,254.0,3.999999999999985,2353,503,2856,0,0,0,0,0,2.217985114506952e-14,10.999999999999956,10.999999999999956
P7,Horizontal,Front,1D,DT500,3,250.0,60.0,254.0,3.999999999999985,2548,545,3093,0,0,0,0,0,1.9977717933774923e-14,11.000000000000036,11.000000000000036
P7,Horizontal,Front,1D,DT500,4,250.0,60.0,236.0,-14.0,2437,538,2975,0,0,0,0,0,1.8178148092583928e-14,10.999999999999975,10.999999999999975
P7,Horizontal,Front,1D,DT500,5,250.0,60.0,254.0,3.999999999999985,2282,540,2822,0,0,0,0,0,2.0791723739534308e-14,11.000000000000044,11.000000000000044
P7,Horizontal,Front,1D,DT500,6,250.0,60.0,243.0,-7.0,2538,518,3056,0,0,0,0,0,2.0414619875105752e-14,10.999999999999964,10.999999999999964
P7,Horizontal,Front,1D,DT500,0,500.0,60.0,485.0,-14.999999999999972,4468,521,4990,0,0,0,0,0,3.844537572827473e-14,10.999999999999924,10.999999999999924
P7,Horizontal,Front,1D,DT500,1,500.0,60.0,479.0,-21.00000000000003,4478,550,5029,0,0,0,0,0,4.0429585083873234e-14,11.000000000000082,11.000000000000082
P7,Horizontal,Front,1D,DT500,2,500.0,60.0,490.0,-9.999999999999972,4350,541,4892,0,0,0,0,0,4.0875896952780274e-14,10.999999999999917,10.999999999999917
P7,Horizontal,Front,1D,DT500,3,500.0,60.0,514.0,14.0,4947,513,5460,0,0,0,0,0,4.3051974663453164e-14,11.000000000000083,11.000000000000083
P7,Horizontal,Front,1D,DT500,4,500.0,60.0,506.0,6.0,5107,528,5636,0,0,0,0,0,3.9774062209051085e-14,10.999999999999927,10.999999999999927
P7,Horizontal,Front,1D,DT500,5,500.0,60.0,503.0,2.9999999999999707,4815,520,5336,0,0,0,0,0,3.8225929877346233e-14,11.000000000000073,11.000000000000073
P7,Horizontal,Front,1D,DT500,6,500.0,60.0,475.0,-25.0,4549,527,5077,0,0,0,0,0,3.5402909779903414e-14,10.999999999999938,10.999999999999938
P7,Joystick,Center,2D,DT500,0,500.0,60.0,487.7377493742739,0.2737932833620689,5355,500,5855,0,0,1,1,0,13.551266593201216,17.78885949464639,-16.816426341777714
P7,Joystick,Center,2D,DT500,1,500.0,60.0,495.5715405394298,8.107584448517988,5282,511,5793,0,0,1,5,0,15.230342901862135,16.172190748975776,10.953245109375487
P7,Joystick,Center,2D,DT500,2,500.0,60.0,489.4995363182551,2.0355802273433308,9057,500,9557,0,0,2,2,1,34.720775099215714,41.97391025849178,36.94355892008356
P7,Joystick,Center,2D,DT500,3,500.0,60.0,474.7319780454559,-12.731978045455865,5878,500,6379,0,0,0,0,0,0.9342822683457324,14.668032786885243,-14.668032786885243
P7,Joystick,Center,2D,DT500,4,500.0,60.0,493.5486238961954,6.084667805283597,7810,500,8311,0,0,0,3,0,29.383413403312623,67.25621267423877,67.25621267423877
P7,Joystick,Center,2D,DT500,5,500.0,60.0,493.0673934600624,5.603437369150582,5500,500,6001,0,0,0,2,0,12.192559656584525,24.914113645511776,24.914113645511776
P7,Joystick,Center,2D,DT500,6,500.0,60.0,484.8465374646792,-2.617418626232604,5384,500,5885,0,0,0,2,0,4.108761048248131,11.911285526108276,11.911285526108276
P7,Joystick,Center,2D,DT500,0,100.0,40.0,97.63046797578212,0.1376767575997159,4695,500,5196,0,0,0,1,1,19.15239973790253,32.9818367931015,32.9818367931015
P7,Joystick,Center,2D,DT500,1,100.0,40.0,108.85852747392344,11.36573625574101,10367,507,10875,0,4,5,7,7,18.479596647719287,21.269141241326533,-17.07178825925595
P7,Joystick,Center,2D,DT500,2,100.0,40.0,95.43076979168052,-2.062021426501873,5461,502,5963,0,0,1,2,0,15.051902963613934,27.28774117867249,27.02244419543958
P7,Joystick,Center,2D,DT500,3,100.0,40.0,97.74639560909117,0.2536043909087735,2481,505,2986,0,0,0,0,0,6.341693381101228e-15,1.000000000000008,-1.000000000000008
P7,Joystick,Center,2D,DT500,4,100.0,40.0,100.40496493342005,2.912173715237617,5524,505,6030,0,1,1,3,1,15.12640189714272,11.847738386418042,1.0459433130009848
P7,Joystick,Center,2D,DT500,5,100.0,40.0,92.82588814736258,-4.666903070819906,2517,500,3017,0,0,1,1,0,16.63195676327274,14.90718091090664,-8.665145752596276
P7,Joystick,Center,2D,DT500,6,100.0,40.0,89.19549347157202,-8.297297746610411,2188,500,2689,0,0,1,1,0,7.2546867131409885,6.191064833211812,0.1138473970470905
P7,Joystick,Center,2D,DT500,0,250.0,60.0,235.85734094879092,-7.874637096664935,3373,500,3874,0,0,0,3,0,8.259735479337287,14.022163473625552,-13.924443672094364
P7,Joystick,Center,2D,DT500,1,250.0,60.0,243.81225739793777,0.0802793524818356,3203,500,3704,0,0,0,1,0,6.430154185359639,17.06604628688702,-17.06604628688702
P7,Joystick,Center,2D,DT500,2,250.0,60.0,225.4132717256142,-18.318706319841727,3678,500,4178,0,0,1,2,0,7.627721071260487,9.051038811949253,7.614985484979673
P7,Joystick,Center,2D,DT500,3,250.0,60.0,248.865989022728,5.13401097727206,3730,500,4230,0,0,0,2,2,7.207999533205703,21.466666666666665,21.466666666666665
P7,Joystick,Center,2D,DT500,4,250.0,60.0,246.20648981358968,2.4745117681337154,6333,500,6833,0,0,2,4,1,8.460307466624903,8.53478568846607,6.242788076411635
P7,Joystick,Center,2D,DT500,5,250.0,60.0,244.207956123784,0.4759780783280282,3176,500,3676,0,0,1,1,0,15.234819599533449,27.14295798289302,26.247423145376672
P7,Joystick,Center,2D,DT500,6,250.0,60.0,246.91129431107112,3.1793162656151943,2878,500,3379,0,0,1,1,0,8.952701128715443,8.075058358248798,-4.526310454092688
P7,Joystick,Center,2D,DT500,0,500.0,40.0,502.3616680570013,14.89771196608945,5144,500,5644,0,0,2,3,0,13.254176201870216,11.079263650919652,-3.179000037916188
P7,Joystick,Center,2D,DT500,1,500.0,40.0,488.218373835999,0.7544177450871256,5264,500,5764,0,0,1,3,0,11.427235210752237,12.48748533332912,10.803508579479375
P7,Joystick,Center,2D,DT500,2,500.0,40.0,505.2521564851564,17.788200394244665,6962,500,7463,0,0,1,5,1,12.781585131419392,15.997924730410611,12.20172254669093
P7,Joystick,Center,2D,DT500,3,500.0,40.0,492.7319780454559,5.268021954544111,5839,500,6340,0,0,0,0,0,2.743472156565612,7.138888888888889,7.123015873015873
P7,Joystick,Center,2D,DT500,4,500.0,40.0,489.8428785821413,2.378922491229456,7386,500,7886,0,0,0,4,0,18.12483711187828,44.23196394665566,44.1498095892438
P7,Joystick,Center,2D,DT500,5,500.0,40.0,486.3673473202256,-1.0966087706862375,4931,500,5431,0,0,1,2,0,7.592721148179341,11.0170305865271,10.431101926635163
P7,Joystick,Center,2D,DT500,6,500.0,40.0,499.3007677946934,11.836811703781612,5117,500,5618,0,0,0,3,0,14.924111972310644,24.17558615151598,-24.1718000534482
P7,Joystick,Center,2D,DT500,0,250.0,40.0,251.04315727090088,7.311179225444962,2892,500,3393,0,0,3,2,0,8.251137050720164,7.835289985988805,-4.912849111684717
P7,Joystick,Center,2D,DT500,1,250.0,40.0,246.3062166053727,2.5742385599167426,4516,500,5017,0,0,1,1,0,16.466379949781803,15.577359304574886,2.720270670561832
P7,Joystick,Center,2D,DT500,2,250.0,40.0,242.1974006456445,-1.5345773998114014,4426,500,4926,0,0,3,3,0,12.011030778208704,10.659692243459943,2.386889261092131
P7,Joystick,Center,2D,DT500,3,250.0,40.0,239.865989022728,-3.8659890227279567,2565,500,3066,0,0,0,0,0,0.7614593672389715,4.618644067796634,-4.618644067796634
P7,Joystick,Center,2D,DT500,4,250.0,40.0,236.09435825521652,-7.6376197902393566,6837,500,7337,0,0,1,2,1,23.06692416411821,29.576619945944103,24.96983998597872
P7,Joystick,Center,2D,DT500,5,250.0,40.0,241.6843661546137,-2.047611890842248,3094,500,3595,0,0,1,0,0,3.5979140379277346,3.2122832315846863,0.8745082908350217
P7,Joystick,Center,2D,DT500,6,250.0,40.0,226.57548491285257,-17.15649313260334,5523,500,6023,0,0,1,3,1,23.287286457369905,31.470646653357942,-29.353763093219985
P7,Joystick,Center,2D,DT500,0,100.0,60.0,113.74801000597688,16.25521878779448,4077,500,4577,0,1,0,2,1,10.926861036303588,15.155563654529724,-14.520781557162188
P7,Joystick,Center,2D,DT500,1,100.0,60.0,94.78556078949887,-2.7072304286835305,1769,500,2269,0,0,1,0,0,3.48195859949855,4.24251280220694,3.5001111927720485
P7,Joystick,Center,2D,DT500,2,100.0,60.0,86.2882755539871,-11.204515664195284,1967,500,2467,0,0,0,0,0,3.047684899054893,15.464704506504347,15.464704506504347
P7,Joystick,Center,2D,DT500,3,100.0,60.0,114.74639560909117,17.25360439090877,1695,504,2199,0,0,0,0,0,5.547608158851248,17.606557377049178,17.606557377049178
P7,Joystick,Center,2D,DT500,4,100.0,60.0,109.61386195044808,12.12107073226564,6889,500,7389,0,1,2,1,1,13.323675470437449,14.10340294422354,10.57478011133803
P7,Joystick,Center,2D,DT500,5,100.0,60.0,97.06160584149976,-0.4311853766827154,8881,500,9382,0,0,0,6,4,13.026948044546044,49.75941061924883,-49.75941061924883
P7,Joystick,Center,2D,DT500,6,100.0,60.0,114.92463786598528,17.43184664780286,3689,500,4190,0,0,0,1,0,9.04986804162158,27.56837882264293,-27.56837882264293
P7,Vertical,Center,1D,DT500,0,250.0,40.0,245.0,-4.999999999999986,4446,518,4964,0,0,0,0,0,3.28025345777039e-14,24.0,24.0
P7,Vertical,Center,1D,DT500,1,250.0,40.0,260.0,10.0,3844,534,4379,0,0,0,0,0,3.5537004066847684e-14,24.0,24.0
P7,Vertical,Center,1D,DT500,2,250.0,40.0,248.0,-2.0000000000000147,5167,517,5684,0,0,0,0,0,3.2927620704856866e-14,24.0,24.0
P7,Vertical,Center,1D,DT500,3,250.0,40.0,268.0,18.00000000000003,4028,513,4541,0,0,0,0,0,3.6101017959125966e-14,24.0,24.0
P7,Vertical,Center,1D,DT500,4,250.0,40.0,264.0,14.0,3207,503,3711,0,0,0,0,0,3.4822138061964945e-14,24.0,24.0
P7,Vertical,Center,1D,DT500,5,250.0,40.0,244.0,-5.999999999999986,3108,518,3627,0,0,0,0,0,3.443637986221403e-14,24.0,24.0
P7,Vertical,Center,1D,DT500,6,250.0,40.0,261.0,11.000000000000028,4518,529,5048,0,0,0,0,0,3.5726418021508915e-14,24.0,24.0
P7,Vertical,Center,1D,DT500,0,250.0,60.0,250.0,0.0,4233,530,4763,0,0,0,0,0,3.815857927522453e-14,31.0,31.0
P7,Vertical,Center,1D,DT500,1,250.0,60.0,267.0,17.0,3589,534,4124,0,0,0,0,0,3.6529310855069655e-14,31.0,31.0
P7,Vertical,Center,1D,DT500,2,250.0,60.0,242.0,-8.0,2883,506,3389,0,0,0,0,0,3.2852121562476073e-14,31.0,31.0
P7,Vertical,Center,1D,DT500,3,250.0,60.0,252.0,1.999999999999985,3024,537,3561,0,0,0,0,0,3.2830007392048594e-14,31.000000000000004,31.000000000000004
P7,Vertical,Center,1D,DT500,4,250.0,60.0,271.0,21.00000000000003,2862,518,3381,0,0,0,0,0,3.791146958519734e-14,31.0,31.0
P7,Vertical,Center,1D,DT500,5,250.0,60.0,241.0,-9.0,3502,505,4008,0,0,0,0,0,3.1123529610858026e-14,31.0,31.0
P7,Vertical,Center,1D,DT500,6,250.0,60.0,231.0,-19.0,3045,538,3583,0,0,0,0,0,2.9060831823033034e-14,31.0,31.0
P7,Vertical,Center,1D,DT500,0,500.0,40.0,513.0000000000001,13.00000000000006,5771,506,6277,0,0,0,0,0,7.267331861730966e-14,31.0,31.0
P7,Vertical,Center,1D,DT500,1,500.0,40.0,497.0,-3.0,5632,535,6168,0,0,0,0,0,7.002151651151973e-14,31.0,31.0
P7,Vertical,Center,1D,DT500,2,500.0,40.0,515.0,15.0,4879,514,5393,0,0,0,0,0,7.493629400469996e-14,31.0,31.0
P7,Vertical,Center,1D,DT500,3,500.0,40.0,505.0,5.0,5374,544,5918,0,0,0,0,0,7.034553860783495e-14,31.0,31.0
P7,Vertical,Center,1D,DT500,4,500.0,40.0,506.00000000000006,6.000000000000029,5040,509,5550,0,0,0,0,0,6.906931378023746e-14,31.0,31.0
P7,Vertical,Center,1D,DT500,5,500.0,40.0,503.0,3.0,6415,519,6935,0,0,0,0,0,7.208164456662326e-14,31.0,31.0
P7,Vertical,Center,1D,DT500,6,500.0,40.0,510.0,9.999999999999972,5049,511,5561,0,0,0,0,0,7.202826440823383e-14,31.0,31.0
P7,Vertical,Center,1D,DT500,0,100.0,60.0,122.0,22.0,1195,507,1702,0,0,0,0,0,1.786852392114591e-14,31.0,31.0
P7,Vertical,Center,1D,DT500,1,100.0,60.0,96.0,-4.0,3312,509,3822,0,0,0,0,0,1.2623387138745463e-14,31.0,31.0
P7,Vertical,Center,1D,DT500,2,100.0,60.0,99.0,-1.0,1605,526,2131,0,0,0,0,0,1.5263581515334864e-14,31.0,31.0
P7,Vertical,Center,1D,DT500,3,100.0,60.0,128.00000000000003,28.000000000000018,1779,524,2304,0,0,0,0,0,1.841765971140294e-14,31.0,31.0
P7,Vertical,Center,1D,DT500,4,100.0,60.0,113.0,13.000000000000009,2929,539,3469,0,0,0,0,0,1.43371759080228e-14,31.0,31.0
P7,Vertical,Center,1D,DT500,5,100.0,60.0,101.0,1.000000000000009,2075,514,2589,0,0,0,0,0,1.1909857418111268e-14,31.0,31.0
P7,Vertical,Center,1D,DT500,6,100.0,60.0,111.0,10.999999999999991,1697,530,2228,0,0,0,0,0,1.6049227211611848e-14,31.0,31.0
P7,Vertical,Center,1D,DT500,0,100.0,40.0,81.0,-19.000000000000004,1639,517,2156,0,0,0,0,0,1.1374233532693354e-14,31.0,31.0
P7,Vertical,Center,1D,DT500,1,100.0,40.0,113.0,13.000000000000009,1684,505,2190,0,0,0,0,0,1.0429285582204542e-14,31.000000000000007,31.000000000000007
P7,Vertical,Center,1D,DT500,2,100.0,40.0,113.0,13.000000000000009,1825,529,2355,0,0,0,0,0,1.5559838793352048e-14,31.0,31.0
P7,Vertical,Center,1D,DT500,3,100.0,40.0,93.0,-7.0,1921,527,2448,0,0,0,0,0,1.2255574909161978e-14,31.0,31.0
P7,Vertical,Center,1D,DT500,4,100.0,40.0,116.0,16.0,1953,508,2462,0,0,0,0,0,1.4200019140073156e-14,31.0,31.0
P7,Vertical,Center,1D,DT500,5,100.0,40.0,115.0,15.0,2606,507,3113,0,0,0,0,0,1.6479433497660864e-14,31.0,31.0
P7,Vertical,Center,1D,DT500,6,100.0,40.0,102.0,2.000000000000009,4118,516,4635,0,1,0,0,1,1.8703033557634523e-14,31.0,31.0
P7,Vertical,Center,1D,DT500,0,500.0,60.0,502.0,2.0,5596,511,6107,0,0,0,0,0,6.92720121650068e-14,31.0,31.0
P7,Vertical,Center,1D,DT500,1,500.0,60.0,495.0,-5.0,4844,538,5382,0,0,0,0,0,7.14499999457926e-14,31.0,31.0
P7,Vertical,Center,1D,DT500,2,500.0,60.0,500.0,0.0,5908,511,6419,0,0,0,0,0,7.017625235775799e-14,31.0,31.0
P7,Vertical,Center,1D,DT500,3,500.0,60.0,505.0,5.0,5709,515,6225,0,0,0,0,0,7.171808572013776e-14,31.0,31.0
P7,Vertical,Center,1D,DT500,4,500.0,60.0,492.0,-8.0,6421,520,6942,0,0,0,0,0,6.80343963706193e-14,31.0,31.0
P7,Vertical,Center,1D,DT500,5,500.0,60.0,489.0,-10.999999999999972,4812,515,5327,0,0,0,0,0,6.809081290823479e-14,31.000000000000004,31.000000000000004
P7,Vertical,Center,1D,DT500,6,500.0,60.0,497.0,-3.0,4851,500,5352,0,0,0,0,0,6.844327172215275e-14,31.0,31.0
P7,Vertical,Right,1D,DT500,0,100.0,40.0,93.0,-7.0,3183,502,3686,0,0,0,0,0,1.3371928501532454e-14,15.0,15.0
P7,Vertical,Right,1D,DT500,1,100.0,40.0,100.0,0.0,1680,502,2183,0,0,0,0,0,1.2163131197721528e-14,15.000000000000004,15.000000000000004
P7,Vertical,Right,1D,DT500,2,100.0,40.0,104.0,4.0,1315,519,1835,0,0,0,0,0,1.3607403561057336e-14,14.999999999999998,14.999999999999998
P7,Vertical,Right,1D,DT500,3,100.0,40.0,112.0,12.0,2611,524,3135,0,0,0,0,0,1.481650162762804e-14,15.000000000000002,15.000000000000002
P7,Vertical,Right,1D,DT500,4,100.0,40.0,100.0,0.0,10719,512,11232,0,3,0,0,3,2.1966542461819345e-14,15.0,15.0
P7,Vertical,Right,1D,DT500,5,100.0,40.0,105.0,5.0,2266,523,2790,0,0,0,0,0,1.3729841196359775e-14,15.000000000000002,15.000000000000002
P7,Vertical,Right,1D,DT500,6,100.0,40.0,119.0,18.99999999999999,1897,520,2417,0,0,0,0,0,1.4937702024157355e-14,15.0,15.0
P7,Vertical,Right,1D,DT500,0,250.0,60.0,239.0,-11.000000000000014,3912,537,4449,0,0,0,0,0,3.35504515189086e-14,22.0,22.0
P7,Vertical,Right,1D,DT500,1,250.0,60.0,238.0,-12.000000000000014,2549,509,3059,0,0,0,0,0,3.1283749381089313e-14,22.000000000000004,22.000000000000004
P7,Vertical,Right,1D,DT500,2,250.0,60.0,259.0,9.000000000000028,2750,518,3269,0,0,0,0,0,3.452510199049313e-14,22.0,22.0
P7,Vertical,Right,1D,DT500,3,250.0,60.0,241.0,-9.000000000000014,4453,509,4963,0,0,0,0,0,3.3351745893245826e-14,22.0,22.0
P7,Vertical,Right,1D,DT500,4,250.0,60.0,250.00000000000003,1.4551915228366852e-14,2781,538,3320,0,0,0,0,0,3.2516924920666065e-14,22.0,22.0
P7,Vertical,Right,1D,DT500,5,250.0,60.0,238.0,-12.000000000000014,2933,516,3450,0,0,0,0,0,3.368238924013561e-14,22.0,22.0
P7,Vertical,Right,1D,DT500,6,250.0,60.0,243.0,-7.0,3506,512,4018,0,0,0,0,0,3.1790130951108974e-14,22.0,22.0
P7,Vertical,Right,1D,DT500,0,500.0,40.0,495.0,-5.0,6115,527,6643,0,0,0,0,0,7.008063436606559e-14,22.0,22.0
P7,Vertical,Right,1D,DT500,1,500.0,40.0,495.0,-5.0,5980,541,6521,0,0,0,0,0,7.091487045059233e-14,22.0,22.0
P7,Vertical,Right,1D,DT500,2,500.0,40.0,494.0,-6.0,4870,510,5380,0,0,0,0,0,7.147772257232782e-14,22.0,22.0
P7,Vertical,Right,1D,DT500,3,500.0,40.0,494.0,-6.0,5315,529,5844,0,0,0,0,0,7.141831516258242e-14,22.0,22.0
P7,Vertical,Right,1D,DT500,4,500.0,40.0,510.0,10.0,5033,509,5543,0,0,0,0,0,7.340201528314168e-14,22.0,22.0
P7,Vertical,Right,1D,DT500,5,500.0,40.0,510.0,10.0,6429,500,6930,0,0,0,0,0,7.26807759892571e-14,22.0,22.0
P7,Vertical,Right,1D,DT500,6,500.0,40.0,487.0,-13.0,4968,537,5505,0,0,0,0,0,6.907264838397815e-14,22.0,22.0
P7,Vertical,Right,1D,DT500,0,250.0,40.0,249.0,-1.0000000000000149,2945,519,3465,0,0,0,0,0,3.463878318474164e-14,22.0,22.0
P7,Vertical,Right,1D,DT500,1,250.0,40.0,247.00000000000003,-2.9999999999999853,3032,502,3534,0,0,0,0,0,3.6058840622384585e-14,22.0,22.0
P7,Vertical,Right,1D,DT500,2,250.0,40.0,262.0,11.999999999999972,2754,536,3291,0,0,0,0,0,3.597850926342921e-14,22.0,22.0
P7,Vertical,Right,1D,DT500,3,250.0,40.0,242.0,-7.999999999999986,3075,517,3592,0,0,0,0,0,3.4193523407095224e-14,22.0,22.0
P7,Vertical,Right,1D,DT500,4,250.0,40.0,257.0,7.0,2625,515,3141,0,0,0,0,0,3.515181829009824e-14,22.0,22.0
P7,Vertical,Right,1D,DT500,5,250.0,40.0,251.00000000000003,1.0000000000000149,3092,529,3622,0,0,0,0,0,3.5551629818689624e-14,22.0,22.0
P7,Vertical,Right,1D,DT500,6,250.0,40.0,257.99999999999994,7.999999999999971,2867,528,3395,0,0,0,0,0,3.528865481357577e-14,22.0,22.0
P7,Vertical,Right,1D,DT500,0,500.0,60.0,481.0,-19.00000000000003,4746,532,5279,0,0,0,0,0,6.684118548861358e-14,22.0,22.0
P7,Vertical,Right,1D,DT500,1,500.0,60.0,490.0,-10.0,6375,550,6926,0,0,0,0,0,6.269716103850122e-14,22.000000000000004,22.000000000000004
P7,Vertical,Right,1D,DT500,2,500.0,60.0,505.0,4.999999999999971,5030,503,5534,0,0,0,0,0,6.552921050314711e-14,22.0,22.0
P7,Vertical,Right,1D,DT500,3,500.0,60.0,512.0,11.99999999999994,6686,523,7209,0,0,0,0,0,7.051213556171922e-14,22.0,22.0
P7,Vertical,Right,1D,DT500,4,500.0,60.0,494.0,-6.0,5814,524,6338,0,0,0,0,0,7.015883808737372e-14,22.0,22.0
P7,Vertical,Right,1D,DT500,5,500.0,60.0,520.0,20.0,7450,545,7996,0,0,0,0,0,7.414542768360737e-14,22.0,22.0
P7,Vertical,Right,1D,DT500,6,500.0,60.0,505.0,4.999999999999971,4926,512,5438,0,0,0,0,0,7.14030876334378e-14,22.0,22.0
P7,Vertical,Right,1D,DT500,0,100.0,60.0,98.0,-2.0,1355,545,1900,0,0,0,0,0,1.5050835085916836e-14,22.0,22.0
P7,Vertical,Right,1D,DT500,1,100.0,60.0,103.0,3.0,1474,536,2010,0,0,0,0,0,1.5868345879345682e-14,22.0,22.0
P7,Vertical,Right,1D,DT500,2,100.0,60.0,92.0,-7.999999999999991,1571,518,2089,0,0,0,0,0,1.2832930497985986e-14,22.0,22.0
P7,Vertical,Right,1D,DT500,3,100.0,60.0,91.0,-9.0,2904,504,3409,0,0,0,0,0,9.34347937571752e-15,22.000000000000004,22.000000000000004
P7,Vertical,Right,1D,DT500,4,100.0,60.0,92.0,-7.999999999999991,1784,524,2308,0,0,0,0,0,1.0798201459162892e-14,22.0,22.0
P7,Vertical,Right,1D,DT500,5,100.0,60.0,83.0,-17.000000000000004,1482,520,2003,0,0,0,0,0,1.0126792072454708e-14,22.000000000000004,22.000000000000004
P7,Vertical,Right,1D,DT500,6,100.0,60.0,106.0,5.999999999999991,1700,506,2206,0,0,0,0,0,1.1952218976941082e-14,22.0,22.0
P7,Joystick,Front,2D,DT500,0,500.0,60.0,497.5718726724488,10.107916581536909,4906,500,5407,0,0,1,2,0,10.021288772335067,8.717929330842468,-4.091364941692616
P7,Joystick,Front,2D,DT500,1,500.0,60.0,506.0421562521544,18.578200161242552,5189,500,5690,0,0,1,2,0,8.76422325973951,7.579000907043948,-3.8634142202420274
P7,Joystick,Front,2D,DT500,2,500.0,60.0,494.4405300703274,6.976573979415608,5700,500,6201,0,0,1,3,0,13.3301139165837,20.10602449508913,19.09949221949933
P7,Joystick,Front,2D,DT500,3,500.0,60.0,502.73197804545583,15.26802195454407,6011,500,6511,0,0,1,1,0,12.125104260325209,14.21774193548387,11.258064516129032
P7,Joystick,Front,2D,DT500,4,500.0,60.0,485.1033588415154,-2.360597249396444,5640,500,6141,0,0,3,3,0,8.6712796227337,8.020842217173339,3.837047284834135
P7,Joystick,Front,2D,DT500,5,500.0,60.0,483.2400213903535,-4.223934700558355,4915,500,5415,0,0,1,1,0,11.921243555188497,10.647143174734603,-3.340945293005844
P7,Joystick,Front,2D,DT500,6,500.0,60.0,481.9217537281337,-5.542202362778092,5657,500,6157,0,0,0,1,0,14.59660544410607,24.46990641463673,-24.34590706801693
P7,Joystick,Front,2D,DT500,0,250.0,60.0,254.3809712802456,10.648993234789694,2882,500,3382,0,0,1,2,0,15.293217562625705,14.483118371674758,6.365665362358845
P7,Joystick,Front,2D,DT500,1,250.0,60.0,246.00928708531103,2.27730903985509,3799,500,4299,0,0,0,1,0,10.84448082753529,30.42262470951475,-30.410352451889143
P7,Joystick,Front,2D,DT500,2,250.0,60.0,266.2911503513388,22.55917230588277,4055,500,4556,0,0,1,2,0,14.225980683356584,12.97743137506534,-3.9665786298994186
P7,Joystick,Front,2D,DT500,3,250.0,60.0,257.8659890227279,14.134010977272018,3213,502,3716,0,0,0,0,0,3.1265862846986274,15.882352941176473,15.882352941176473
P7,Joystick,Front,2D,DT500,4,250.0,60.0,239.297551377376,-4.434426668079928,4449,500,4950,0,0,2,1,1,25.138339550458888,36.86325747547316,34.98220985478555
P7,Joystick,Front,2D,DT500,5,250.0,60.0,223.60316190071043,-20.12881614474554,2906,500,3407,0,0,0,1,0,7.796464765647001,13.15228749249814,-13.15228749249814
P7,Joystick,Front,2D,DT500,6,250.0,60.0,251.8707780483368,8.138800002880876,3550,500,4051,0,0,1,3,0,16.134980528448462,13.478613612773204,0.5268087746617509
P7,Joystick,Front,2D,DT500,0,500.0,40.0,481.2734516805572,-6.1905044103546185,6501,500,7001,0,0,1,1,0,36.13934418153793,51.99264901394045,-50.08283000770165
P7,Joystick,Front,2D,DT500,1,500.0,40.0,488.6835219572484,1.219565866336572,5850,500,6350,0,0,0,2,0,9.071422071668138,17.858548380770674,-17.858548380770674
P7,Joystick,Front,2D,DT500,2,500.0,40.0,492.6363266610799,5.172370570168157,5784,500,6284,0,0,1,3,0,15.392527762500835,22.37525184649248,20.53286105002214
P7,Joystick,Front,2D,DT500,3,500.0,40.0,485.7319780454559,-1.7319780454558724,6413,500,6914,0,0,0,1,0,7.608491469175111,9.167832167832168,-7.678321678321678
P7,Joystick,Front,2D,DT500,4,500.0,40.0,495.0826848412193,7.618728750307409,6925,500,7426,0,0,2,3,1,20.523033941730947,21.95307532331985,20.971085368186493
P7,Joystick,Front,2D,DT500,5,500.0,40.0,500.70761276297645,13.24365667206462,5959,500,6459,0,0,0,3,1,24.29680225850701,44.493290026314746,44.493290026314746
P7,Joystick,Front,2D,DT500,6,500.0,40.0,499.2159236183368,11.75196752742506,5079,500,5579,0,0,1,3,0,17.274224914858323,17.425332184475476,-7.898435934356635
P7,Joystick,Front,2D,DT500,0,100.0,40.0,96.53868429213034,-0.9541069260520652,1359,501,1860,0,0,0,1,0,3.255367230372669,2.826149188333176,0.8191146503672656
P7,Joystick,Front,2D,DT500,1,100.0,40.0,104.92961622042635,7.436825002243935,9125,500,9625,0,1,1,5,3,23.22129558575178,24.269016575674417,-17.640132460645948
P7,Joystick,Front,2D,DT500,2,100.0,40.0,109.24638099066512,11.753589772482746,3327,500,3827,0,1,3,3,1,11.44213177779934,9.523318624280028,0.5753894995727944
P7,Joystick,Front,2D,DT500,3,100.0,40.0,89.74639560909117,-7.746395609091217,2236,500,2737,0,0,0,1,1,7.1028942438867135,7.915492957746477,7.549295774647884
P7,Joystick,Front,2D,DT500,4,100.0,40.0,102.93959891534818,5.446807697165758,6139,500,6639,0,1,3,3,2,15.919998671734866,15.006534120211969,10.014227575699785
P7,Joystick,Front,2D,DT500,5,100.0,40.0,92.02430282373766,-5.468488394444837,1422,500,1922,0,0,0,0,0,4.413663995730134,7.6455933827809295,-7.6455933827809295
P7,Joystick,Front,2D,DT500,6,100.0,40.0,108.83172847280824,11.338937254625806,1551,500,2052,0,0,2,2,0,8.911824225328868,8.863198770640748,-5.422290254443767
P7,Joystick,Front,2D,DT500,0,100.0,60.0,84.13997494896611,-13.352816269216296,4121,500,4621,0,0,2,2,1,21.838009041776218,24.2366530624064,19.55890722542645
P7,Joystick,Front,2D,DT500,1,100.0,60.0,103.71226737844428,6.219476160261847,4528,500,5028,0,0,0,1,1,6.47577760905721,22.27408447749937,-22.27408447749937
P7,Joystick,Front,2D,DT500,2,100.0,60.0,94.79767771455911,-2.6951135036232574,1787,500,2288,0,0,1,2,0,12.233286736375092,11.746707425583304,-4.040587044911607
P7,Joystick,Front,2D,DT500,3,100.0,60.0,92.74639560909117,-4.746395609091224,2780,500,3281,0,0,1,0,0,5.751344721166952,8.433333333333332,7.199999999999999
P7,Joystick,Front,2D,DT500,4,100.0,60.0,98.5011573551707,1.0083661369882722,1754,500,2254,0,0,1,1,0,19.973790599868284,27.576880873765017,24.702598946708434
P7,Joystick,Front,2D,DT500,5,100.0,60.0,118.8541181448201,21.361326926637616,2896,504,3401,0,0,1,1,1,20.282058715534944,28.509853329151102,-25.06926417685318
P7,Joystick,Front,2D,DT500,6,100.0,60.0,100.24788660201476,2.7550953838323378,2532,500,3033,0,0,1,3,1,16.167543637810805,12.4071447738582,2.107068007906584
P7,Joystick,Front,2D,DT500,0,250.0,40.0,254.0207735886896,10.288795543233643,3376,500,3876,0,0,2,3,0,20.5498369313068,21.29386249412757,18.127302968427287
P7,Joystick,Front,2D,DT500,1,250.0,40.0,248.1470552492136,4.415077203757621,10192,500,10692,0,1,2,5,3,19.19842419096677,21.72967108679096,-17.008593869139016
P7,Joystick,Front,2D,DT500,2,250.0,40.0,238.9278047441505,-4.804173301305433,3824,500,4325,0,0,4,3,1,11.024647949123644,9.483353733766268,2.343572410646356
P7,Joystick,Front,2D,DT500,3,250.0,40.0,241.865989022728,-1.865989022727953,2639,500,3139,0,0,0,0,0,3.865792624686412,8.23140495867768,8.148760330578506
P7,Joystick,Front,2D,DT500,4,250.0,40.0,246.6735749423745,2.9415968969185644,3546,500,4047,0,0,0,3,0,7.849230815622183,13.181044248596168,-13.052294993825264
P7,Joystick,Front,2D,DT500,5,250.0,40.0,244.51476256442416,0.7827845189681869,3266,500,3767,0,0,0,2,1,11.20827291309316,14.361820695040045,-14.361820695040045
P7,Joystick,Front,2D,DT500,6,250.0,40.0,251.47856876166736,7.746590716211436,3259,500,3760,0,0,1,1,0,16.684015308352546,18.507640481799744,-16.17229566593716
P1,Joystick,Rear,2D,DT500,0,250.0,60.0,250.12106193996223,6.389083894506322,2796,527,3323,0,0,1,3,0,6.499428767814938,6.550275202105658,-4.259559637568143
P1,Joystick,Rear,2D,DT500,1,250.0,60.0,238.9728037430988,-4.759174302357167,2865,520,3386,0,0,1,1,0,9.305417253057993,14.510101387429902,-13.013426710876166
P1,Joystick,Rear,2D,DT500,2,250.0,60.0,243.83333143311287,0.1013533876569209,3011,502,3514,0,0,1,1,0,19.40995120343554,34.726782918573974,-34.3818926819028
P1,Joystick,Rear,2D,DT500,3,250.0,60.0,239.865989022728,-3.8659890227279567,2662,501,3163,0,0,0,0,0,2.446296391603197,17.273809523809526,17.273809523809526
P1,Joystick,Rear,2D,DT500,4,250.0,60.0,245.7726060744721,2.040628029016161,2756,507,3263,0,0,1,1,0,16.959404943309238,16.592795245547993,8.307273393512634
P1,Joystick,Rear,2D,DT500,5,250.0,60.0,247.0185986924376,3.28662064698157,3099,510,3609,0,0,0,1,0,7.803807450342703,16.464859432786227,-16.356822604082208
P1,Joystick,Rear,2D,DT500,6,250.0,60.0,246.0420315613757,2.310053515919748,3278,506,3785,0,0,2,2,0,20.1082302250709,17.815071649483766,7.361507656570592
P1,Joystick,Rear,2D,DT500,0,250.0,40.0,248.9764456750673,5.244467629611395,3276,510,3787,0,0,1,1,0,10.180590889581124,15.58563243465476,13.833488318711588
P1,Joystick,Rear,2D,DT500,1,250.0,40.0,243.0205489948913,-0.7114290505646478,7567,522,8090,0,0,2,4,2,20.69520058999709,30.705513066443768,-29.70131350723932
P1,Joystick,Rear,2D,DT500,2,250.0,40.0,241.49790578918856,-2.234072256267383,4253,519,4772,0,0,0,2,0,7.739568607490657,11.076941221096446,10.885614651109488
P1,Joystick,Rear,2D,DT500,3,250.0,40.0,249.865989022728,6.134010977272062,2518,524,3043,0,0,0,0,0,0.5880576661377594,12.773809523809522,12.773809523809522
P1,Joystick,Rear,2D,DT500,4,250.0,40.0,245.37192372502184,1.6399456795659,3585,521,4106,0,0,2,2,0,4.779519726989455,4.149192780708622,0.1183113137151644
P1,Joystick,Rear,2D,DT500,5,250.0,40.0,252.3330773891045,8.60109934364848,4475,511,4987,0,1,0,1,1,5.682792291051115,13.853384628241244,-13.853384628241244
P1,Joystick,Rear,2D,DT500,6,250.0,40.0,262.4781293108669,18.746151265410976,3074,508,3582,0,0,0,0,0,3.131541057548807,2.778175035580809,-1.285137631683229
P1,Joystick,Rear,2D,DT500,0,500.0,60.0,497.87923778276166,10.415281691849822,4679,507,5187,0,0,3,2,0,13.871956670960383,11.90341854431144,0.6307565984855502
P1,Joystick,Rear,2D,DT500,1,500.0,60.0,481.5084507755837,-5.95550531532814,5671,503,6174,0,0,1,2,0,19.26512885830868,17.77721272868969,5.506246899387948
P1,Joystick,Rear,2D,DT500,2,500.0,60.0,482.1257784266992,-5.3381776642125205,5398,513,5911,0,0,2,2,0,35.683128144718346,34.75552261664771,20.29968238565032
P1,Joystick,Rear,2D,DT500,3,500.0,60.0,490.7319780454559,3.2680219545441367,4605,500,5106,0,0,0,2,0,9.233385370783829,6.994594594594596,-6.994594594594596
P1,Joystick,Rear,2D,DT500,4,500.0,60.0,523.8804872244293,36.41653113351752,6771,552,7323,0,0,3,3,0,10.18107216846585,10.122926074071865,7.983914298194302
P1,Joystick,Rear,2D,DT500,5,500.0,60.0,502.7858084520542,15.321852361142344,6418,507,6925,0,0,2,1,0,11.475878573577573,9.85105444969786,-1.3318012380776791
P1,Joystick,Rear,2D,DT500,6,500.0,60.0,489.3289677389189,1.8650116480071155,4976,501,5477,0,0,0,2,0,6.346689469392799,15.11442211631852,-15.11442211631852
P1,Joystick,Rear,2D,DT500,0,100.0,40.0,91.10214709183865,-6.390644126343776,1521,504,2025,0,0,0,0,0,5.324178361153972,6.739163530496093,-6.722120762353133
P1,Joystick,Rear,2D,DT500,1,100.0,40.0,95.57726919254536,-1.9155220256370549,5858,509,6367,0,0,1,2,2,32.894370115331085,48.21188696730962,41.1265641082196
P1,Joystick,Rear,2D,DT500,2,100.0,40.0,102.43931239689606,4.9465211787136605,2229,500,2729,0,0,1,3,0,5.459559946849832,5.965500872997992,-4.532089792411158
P1,Joystick,Rear,2D,DT500,3,100.0,40.0,101.74639560909117,4.253604390908776,2624,515,3140,0,0,0,1,1,4.7144979826138576,19.98684210526316,19.98684210526316
P1,Joystick,Rear,2D,DT500,4,100.0,40.0,99.2693206644039,1.776529446221481,7229,515,7744,0,1,2,3,3,34.88023430300603,35.10968314162775,25.569117611972395
P1,Joystick,Rear,2D,DT500,5,100.0,40.0,88.90685381444399,-8.585937403738503,1373,516,1889,0,0,0,0,0,1.4209457674384904,6.535522796583445,-6.535522796583445
P1,Joystick,Rear,2D,DT500,6,100.0,40.0,100.83060522752714,3.337814009344716,9873,520,10393,0,1,2,2,4,20.830645272650457,28.24933820701976,-24.05535373775953
P1,Joystick,Rear,2D,DT500,0,100.0,60.0,97.73613313826849,0.2433419200860757,1030,502,1533,0,0,0,1,0,5.138947644140575,7.6290976813492595,6.878306587262197
P1,Joystick,Rear,2D,DT500,1,100.0,60.0,82.62257119296436,-14.87022002521806,2383,507,2891,0,0,0,1,0,9.731039507620816,11.617574309833882,11.277673490279197
P1,Joystick,Rear,2D,DT500,2,100.0,60.0,106.14279203750765,8.650000819325246,1848,528,2377,0,0,0,1,0,6.60050814942892,10.891883155070085,-10.51292447794022
P1,Joystick,Rear,2D,DT500,3,100.0,60.0,81.74639560909117,-15.746395609091229,3771,522,4294,0,0,0,2,2,15.193453064838854,37.25657894736842,37.25657894736842
P1,Joystick,Rear,2D,DT500,4,100.0,60.0,82.41878896503897,-15.074002253143458,1360,519,1880,0,0,1,1,0,6.014833453394902,9.587680341539269,-8.542568637764413
P1,Joystick,Rear,2D,DT500,5,100.0,60.0,95.63653071601613,-1.856260502166384,3357,500,3858,0,0,1,1,0,14.656808043506135,25.86950233588864,24.793589817589943
P1,Joystick,Rear,2D,DT500,6,100.0,60.0,117.29871457213176,19.805923353949343,1278,505,1784,0,0,1,1,2,9.758932903836127,11.711092964281342,8.18971741664035
P1,Joystick,Rear,2D,DT500,0,500.0,40.0,496.3424122311972,8.878456140285365,5200,516,5717,0,0,2,2,0,5.996173847705644,6.369461577959192,4.151060153940347
P1,Joystick,Rear,2D,DT500,1,500.0,40.0,482.6069656192704,-4.856990471641513,6046,509,6556,0,0,1,5,0,13.581962281108977,20.79716654273679,20.30381726533158
P1,Joystick,Rear,2D,DT500,2,500.0,40.0,479.3232676539901,-8.140688436921645,8610,517,9128,0,0,1,2,1,18.6966429135758,18.58708452970489,11.331730681435351
P1,Joystick,Rear,2D,DT500,3,500.0,40.0,477.7319780454559,-9.731978045455918,7010,500,7511,0,0,1,2,0,10.884778728123017,8.517412935323378,5.29353233830844
P1,Joystick,Rear,2D,DT500,4,500.0,40.0,490.042086920145,2.5781308292331904,7521,505,8026,0,0,2,2,0,32.9216970190911,35.74554067543129,30.959202483587006
P1,Joystick,Rear,2D,DT500,5,500.0,40.0,490.0984092107996,2.6344531198877514,5086,505,5592,0,0,0,1,0,14.42376800429698,22.220982911129127,-21.90534834631579
P1,Joystick,Rear,2D,DT500,6,500.0,40.0,471.4729002093332,-15.991055881578642,4930,510,5441,0,0,3,4,0,14.522492455400496,12.17013623010291,0.1591269501815616
P1,Vertical,Right,1D,DT500,0,500.0,40.0,494.0,-6.000000000000029,5880,554,6435,0,0,0,0,0,5.5891763120116436e-14,35.99999999999998,35.99999999999998
P1,Vertical,Right,1D,DT500,1,500.0,40.0,508.0,8.0,4470,570,5041,0,0,0,0,0,5.693058383951497e-14,36.00000000000002,36.00000000000002
P1,Vertical,Right,1D,DT500,2,500.0,40.0,499.00000000000006,-0.9999999999999708,4662,589,5251,0,0,0,0,0,5.935383307161936e-14,35.999999999999986,35.999999999999986
P1,Vertical,Right,1D,DT500,3,500.0,40.0,506.0,6.0,4557,543,5101,0,0,0,0,0,5.182580062185728e-14,36.00000000000003,36.00000000000003
P1,Vertical,Right,1D,DT500,4,500.0,40.0,504.00000000000006,4.000000000000029,5860,583,6443,0,0,0,0,0,5.123796534383004e-14,35.99999999999997,35.99999999999997
P1,Vertical,Right,1D,DT500,5,500.0,40.0,520.0,20.0,4775,525,5301,0,0,0,0,0,6.932800100486513e-14,36.00000000000001,36.00000000000001
P1,Vertical,Right,1D,DT500,6,500.0,40.0,508.0,8.0,5356,538,5895,0,0,0,0,0,6.203655409738866e-14,35.999999999999986,35.999999999999986
P1,Vertical,Right,1D,DT500,0,100.0,60.0,114.0,14.000000000000009,1093,557,1650,0,0,0,0,0,1.8695616133762542e-14,43.0,43.0
P1,Vertical,Right,1D,DT500,1,100.0,60.0,112.0,11.999999999999991,1491,557,2048,0,0,0,0,0,1.8161746607537843e-14,43.0,43.0
P1,Vertical,Right,1D,DT500,2,100.0,60.0,107.0,7.000000000000009,1508,504,2012,0,0,0,0,0,1.5688358818848954e-14,43.0,43.0
P1,Vertical,Right,1D,DT500,3,100.0,60.0,102.0,2.0,1506,527,2033,0,0,0,0,0,1.633586161776492e-14,43.0,43.0
P1,Vertical,Right,1D,DT500,4,100.0,60.0,103.0,3.0,1420,540,1961,0,0,0,0,0,1.653698220585054e-14,43.0,43.0
P1,Vertical,Right,1D,DT500,5,100.0,60.0,106.0,6.0,2746,537,3283,0,0,0,0,0,1.565959920012971e-14,43.0,43.0
P1,Vertical,Right,1D,DT500,6,100.0,60.0,106.0,6.0,1547,525,2073,0,0,0,0,0,1.6837591069235913e-14,43.0,43.0
P1,Vertical,Right,1D,DT500,0,250.0,60.0,245.0,-5.000000000000014,2359,580,2940,0,0,0,0,0,3.9407023423215203e-14,43.0,43.0
P1,Vertical,Right,1D,DT500,1,250.0,60.0,269.0,19.0,3358,517,3876,0,0,0,0,0,4.030504461929504e-14,43.0,43.0
P1,Vertical,Right,1D,DT500,2,250.0,60.0,251.0,1.0,3151,567,3718,0,0,0,0,0,3.6067772643129255e-14,43.0,43.0
P1,Vertical,Right,1D,DT500,3,250.0,60.0,246.0,-4.0,3306,501,3807,0,0,0,0,0,3.6278732269896205e-14,43.0,43.0
P1,Vertical,Right,1D,DT500,4,250.0,60.0,253.0,3.0,2725,573,3298,0,0,0,0,0,3.6091094839322e-14,43.0,43.0
P1,Vertical,Right,1D,DT500,5,250.0,60.0,250.0,0.0,4012,511,4523,0,0,0,0,0,3.7044987738877325e-14,43.0,43.0
P1,Vertical,Right,1D,DT500,6,250.0,60.0,242.0,-8.000000000000014,2423,561,2985,0,0,0,0,0,3.669226909823368e-14,43.0,43.0
P1,Vertical,Right,1D,DT500,0,250.0,40.0,265.0,14.999999999999972,2444,577,3022,0,0,0,0,0,3.9561345224328346e-14,43.0,43.0
P1,Vertical,Right,1D,DT500,1,250.0,40.0,255.0,4.999999999999971,3123,503,3627,0,0,0,0,0,3.764032658966892e-14,43.0,43.0
P1,Vertical,Right,1D,DT500,2,250.0,40.0,263.0,13.000000000000028,2762,501,3264,0,0,0,0,0,3.9326684325649694e-14,43.0,43.0
P1,Vertical,Right,1D,DT500,3,250.0,40.0,258.0,8.000000000000028,2998,507,3505,0,0,0,0,0,3.9354972688779364e-14,43.0,43.0
P1,Vertical,Right,1D,DT500,4,250.0,40.0,251.0,1.0,2721,536,3257,0,0,0,0,0,3.8240328574028926e-14,43.0,43.0
P1,Vertical,Right,1D,DT500,5,250.0,40.0,247.0,-3.0,2897,526,3423,0,0,0,0,0,3.7357832321362025e-14,43.0,43.0
P1,Vertical,Right,1D,DT500,6,250.0,40.0,254.0,4.0,2539,505,3045,0,0,0,0,0,3.894204450899339e-14,43.0,43.0
P1,Vertical,Right,1D,DT500,0,100.0,40.0,113.0,13.000000000000009,1449,556,2005,0,0,0,0,0,1.9131948672901813e-14,43.0,43.0
P1,Vertical,Right,1D,DT500,1,100.0,40.0,88.0,-12.0,3062,524,3586,0,0,0,0,1,1.1814481649292068e-14,43.0,43.0
P1,Vertical,Right,1D,DT500,2,100.0,40.0,81.0,-19.0,1879,547,2426,0,0,0,0,0,1.4561792860887976e-14,43.0,43.0
P1,Vertical,Right,1D,DT500,3,100.0,40.0,106.0,6.0,2687,518,3205,0,0,0,0,0,1.3884124725200231e-14,43.00000000000001,43.00000000000001
P1,Vertical,Right,1D,DT500,4,100.0,40.0,118.0,17.99999999999999,3702,561,4263,0,0,0,0,1,1.663756506920514e-14,43.0,43.0
P1,Vertical,Right,1D,DT500,5,100.0,40.0,107.0,7.000000000000009,2169,563,2733,0,0,0,0,0,1.7313784796629085e-14,43.0,43.0
P1,Vertical,Right,1D,DT500,6,100.0,40.0,112.0,11.999999999999991,1460,511,1971,0,0,0,0,0,1.7610651043243382e-14,43.0,43.0
P1,Vertical,Right,1D,DT500,0,500.0,60.0,491.0,-9.0,6324,524,6849,0,0,0,0,0,7.169489606483868e-14,43.0,43.0
P1,Vertical,Right,1D,DT500,1,500.0,60.0,518.0,18.0,4922,524,5446,0,0,0,0,0,7.694205420904417e-14,43.0,43.0
P1,Vertical,Right,1D,DT500,2,500.0,60.0,505.00000000000006,5.000000000000029,5201,531,5732,0,0,0,0,0,7.380231122743119e-14,43.0,43.0
P1,Vertical,Right,1D,DT500,3,500.0,60.0,496.00000000000006,-3.99999999999997,5493,511,6004,0,0,0,0,0,7.309510400467202e-14,43.0,43.0
P1,Vertical,Right,1D,DT500,4,500.0,60.0,510.0,9.999999999999972,5744,516,6260,0,0,0,0,0,7.31613625335998e-14,43.0,43.0
P1,Vertical,Right,1D,DT500,5,500.0,60.0,510.0,9.999999999999972,5737,575,6313,0,0,0,0,0,7.600064461680162e-14,43.0,43.0
P1,Vertical,Right,1D,DT500,6,500.0,60.0,494.0,-6.000000000000029,5094,521,5616,0,0,0,0,0,6.987720382562541e-14,43.0,43.0
P1,Vertical,Center,1D,DT500,0,250.0,60.0,251.0,0.9999999999999708,2515,526,3041,0,0,0,0,0,3.891802844472395e-14,85.0,85.0
P1,Vertical,Center,1D,DT500,1,250.0,60.0,255.0,5.0,4238,532,4770,0,0,0,0,0,3.389072849618009e-14,85.0,85.0
P1,Vertical,Center,1D,DT500,2,250.0,60.0,264.0,13.999999999999972,3041,564,3606,0,0,0,0,0,3.809860975949992e-14,85.0,85.0
P1,Vertical,Center,1D,DT500,3,250.0,60.0,260.0,10.0,3769,559,4328,0,0,0,0,0,3.796700795085661e-14,85.0,85.0
P1,Vertical,Center,1D,DT500,4,250.0,60.0,248.0,-2.0,3317,501,3818,0,0,0,0,0,3.4621690050029906e-14,85.0,85.0
P1,Vertical,Center,1D,DT500,5,250.0,60.0,264.0,13.999999999999972,2948,515,3464,0,0,0,0,0,4.1305153713450685e-14,85.0,85.0
P1,Vertical,Center,1D,DT500,6,250.0,60.0,260.0,10.0,3348,501,3849,0,0,0,0,0,3.657742603375525e-14,85.0,85.0
P1,Vertical,Center,1D,DT500,0,500.0,60.0,512.0000000000001,12.00000000000006,4708,536,5245,0,0,0,0,0,7.510079948642471e-14,92.0,92.0
P1,Vertical,Center,1D,DT500,1,500.0,60.0,510.0,10.0,5474,556,6031,0,0,0,0,0,7.482543061991359e-14,92.0,92.0
P1,Vertical,Center,1D,DT500,2,500.0,60.0,487.0,-13.0,5037,524,5562,0,0,0,0,0,7.065093480065222e-14,92.0,92.0
P1,Vertical,Center,1D,DT500,3,500.0,60.0,496.0,-4.0,4879,508,5388,0,0,0,0,0,7.484123268913763e-14,92.0,92.0
P1,Vertical,Center,1D,DT500,4,500.0,60.0,505.0,4.999999999999941,4739,590,5330,0,0,0,0,0,7.546485703273763e-14,92.0,92.0
P1,Vertical,Center,1D,DT500,5,500.0,60.0,501.0,0.9999999999999708,5251,512,5763,0,0,0,0,0,7.369244088265528e-14,92.0,92.0
P1,Vertical,Center,1D,DT500,6,500.0,60.0,505.0,4.999999999999941,5453,537,5991,0,0,0,0,0,7.585215407817372e-14,92.0,92.0
P1,Vertical,Center,1D,DT500,0,500.0,40.0,497.0,-3.0000000000000293,6090,532,6622,0,0,0,0,0,7.334283058400688e-14,92.0,92.0
P1,Vertical,Center,1D,DT500,1,500.0,40.0,497.0,-3.0000000000000293,5288,588,5876,0,0,0,0,0,7.360919408445221e-14,92.0,92.0
P1,Vertical,Center,1D,DT500,2,500.0,40.0,507.0,7.0,5258,582,5840,0,0,0,0,0,7.671947387649444e-14,92.0,92.0
P1,Vertical,Center,1D,DT500,3,500.0,40.0,499.0,-1.000000000000029,5201,580,5782,0,0,0,0,0,7.307004886528999e-14,92.0,92.0
P1,Vertical,Center,1D,DT500,4,500.0,40.0,510.0,10.0,4963,564,5527,0,0,0,0,0,7.255426528652073e-14,92.0,92.0
P1,Vertical,Center,1D,DT500,5,500.0,40.0,507.0,7.0,5523,503,6026,0,0,0,0,0,7.536748298310664e-14,92.0,92.0
P1,Vertical,Center,1D,DT500,6,500.0,40.0,500.00000000000006,2.9103830456733704e-14,4900,507,5407,0,0,0,0,0,7.45104643364637e-14,92.0,92.0
P1,Vertical,Center,1D,DT500,0,100.0,60.0,103.0,2.999999999999982,1473,580,2054,0,0,0,0,0,1.788160004724363e-14,92.0,92.0
P1,Vertical,Center,1D,DT500,1,100.0,60.0,99.0,-1.0,2368,571,2939,0,0,0,0,0,1.5023549050025747e-14,92.0,92.0
P1,Vertical,Center,1D,DT500,2,100.0,60.0,100.0,1.8189894035458565e-14,1301,516,1817,0,0,0,0,0,1.7814249148614428e-14,92.0,92.0
P1,Vertical,Center,1D,DT500,3,100.0,60.0,106.0,6.0,2315,567,2883,0,0,0,0,0,1.7724049839168956e-14,92.0,92.0
P1,Vertical,Center,1D,DT500,4,100.0,60.0,106.0,6.0,1910,507,2417,0,0,0,0,0,1.6814510056234485e-14,92.0,92.0
P1,Vertical,Center,1D,DT500,5,100.0,60.0,122.0,22.00000000000001,1635,516,2151,0,0,0,0,0,2.0097183471152322e-14,92.0,92.0
P1,Vertical,Center,1D,DT500,6,100.0,60.0,113.0,12.999999999999991,1909,543,2452,0,0,0,0,0,1.6511521094205152e-14,92.0,92.0
P1,Vertical,Center,1D,DT500,0,100.0,40.0,113.0,12.999999999999991,8592,560,9152,0,2,0,0,2,2.2015361458940203e-14,92.0,92.0
P1,Vertical,Center,1D,DT500,1,100.0,40.0,109.0,9.000000000000009,1726,527,2253,0,0,0,0,0,1.7814249148614428e-14,92.0,92.0
P1,Vertical,Center,1D,DT500,2,100.0,40.0,109.0,9.000000000000009,1663,562,2225,0,0,0,0,0,1.7814249148614428e-14,92.0,92.0
P1,Vertical,Center,1D,DT500,3,100.0,40.0,110.0,10.0,1564,573,2138,0,0,0,0,0,1.8115356374411762e-14,92.0,92.0
P1,Vertical,Center,1D,DT500,4,100.0,40.0,102.0,2.0,1508,514,2022,0,0,0,0,0,1.68850114558269e-14,92.0,92.0
P1,Vertical,Center,1D,DT500,5,100.0,40.0,109.0,9.000000000000009,1758,508,2266,0,0,0,0,0,1.7814249148614428e-14,92.0,92.0
P1,Vertical,Center,1D,DT500,6,100.0,40.0,118.0,17.999999999999982,1307,551,1858,0,0,0,0,0,1.9459014222361976e-14,92.0,92.0
P1,Vertical,Center,1D,DT500,0,250.0,40.0,246.0,-4.0,2795,587,3382,0,0,0,0,0,3.6182629499038896e-14,92.0,92.0
P1,Vertical,Center,1D,DT500,1,250.0,40.0,258.0,8.000000000000028,2975,564,3539,0,0,0,0,0,3.716270201301592e-14,92.0,92.0
P1,Vertical,Center,1D,DT500,2,250.0,40.0,251.0,1.0,2616,502,3119,0,0,0,0,0,3.7502350587583605e-14,92.0,92.0
P1,Vertical,Center,1D,DT500,3,250.0,40.0,262.0,12.0,2793,524,3318,0,0,0,0,0,4.0373407324830455e-14,92.0,92.0
P1,Vertical,Center,1D,DT500,4,250.0,40.0,244.0,-6.000000000000029,2809,532,3341,0,0,0,0,0,3.6725015440403385e-14,92.0,92.0
P1,Vertical,Center,1D,DT500,5,250.0,40.0,251.0,1.0,2805,548,3353,0,0,0,0,0,3.669226909823368e-14,92.0,92.0
P1,Vertical,Center,1D,DT500,6,250.0,40.0,235.0,-15.0,2533,544,3077,0,0,0,0,0,3.5690731529455266e-14,92.0,92.0
P1,Vertical,Left,1D,DT500,0,100.0,40.0,108.0,8.0,1566,534,2100,0,0,0,0,0,8.901499613484577e-15,10.000000000000014,-10.000000000000014
P1,Vertical,Left,1D,DT500,1,100.0,40.0,110.0,10.0,1564,506,2070,0,0,0,0,0,1.0605141498419999e-14,9.999999999999988,-9.999999999999988
P1,Vertical,Left,1D,DT500,2,100.0,40.0,115.0,14.999999999999991,2154,548,2703,0,0,0,0,0,1.074350064608075e-14,10.000000000000012,-10.000000000000012
P1,Vertical,Left,1D,DT500,3,100.0,40.0,113.0,13.000000000000009,6400,573,6973,0,1,0,0,2,1.036370813590606e-14,9.999999999999988,-9.999999999999988
P1,Vertical,Left,1D,DT500,4,100.0,40.0,114.0,14.0,3326,571,3898,0,0,0,0,1,1.2689611194920002e-14,10.000000000000004,-10.000000000000004
P1,Vertical,Left,1D,DT500,5,100.0,40.0,105.0,5.0,2092,542,2635,0,0,0,0,0,1.0619114391115348e-14,9.999999999999986,-9.999999999999986
P1,Vertical,Left,1D,DT500,6,100.0,40.0,105.0,5.0,2098,503,2601,0,0,0,0,0,9.924954319892132e-15,10.000000000000012,-10.000000000000012
P1,Vertical,Left,1D,DT500,0,500.0,40.0,497.0,-3.0,5355,580,5935,0,0,0,0,0,3.8032784355582316e-14,3.00000000000006,-3.00000000000006
P1,Vertical,Left,1D,DT500,1,500.0,40.0,510.0,10.0,5092,514,5607,0,0,0,0,0,3.8186507869940664e-14,2.99999999999994,-2.99999999999994
P1,Vertical,Left,1D,DT500,2,500.0,40.0,512.0,11.99999999999994,4852,505,5357,0,0,0,0,0,3.9669944079107414e-14,3.000000000000062,-3.000000000000062
P1,Vertical,Left,1D,DT500,3,500.0,40.0,506.00000000000006,6.000000000000029,5134,582,5717,0,0,0,0,0,3.8561366735425104e-14,2.99999999999994,-2.99999999999994
P1,Vertical,Left,1D,DT500,4,500.0,40.0,517.0,17.000000000000057,6138,543,6682,0,0,0,0,0,3.947405210968646e-14,3.0000000000000626,-3.0000000000000626
P1,Vertical,Left,1D,DT500,5,500.0,40.0,505.00000000000006,5.000000000000029,5258,560,5819,0,0,0,0,0,4.075408730428155e-14,2.999999999999943,-2.999999999999943
P1,Vertical,Left,1D,DT500,6,500.0,40.0,517.0,17.000000000000057,4859,518,5377,0,0,0,0,0,3.903658350266464e-14,3.0000000000000626,-3.0000000000000626
P1,Vertical,Left,1D,DT500,0,100.0,60.0,111.0,11.000000000000009,1492,585,2077,0,0,0,0,0,1.1043317520870426e-14,3.0000000000000138,-3.0000000000000138
P1,Vertical,Left,1D,DT500,1,100.0,60.0,104.0,4.000000000000009,1360,524,1884,0,0,0,0,0,1.0241492058794343e-14,2.9999999999999885,-2.9999999999999885
P1,Vertical,Left,1D,DT500,2,100.0,60.0,96.0,-4.0,1424,531,1956,0,0,0,0,0,9.11658549489803e-15,3.00000000000001,-3.00000000000001
P1,Vertical,Left,1D,DT500,3,100.0,60.0,116.0,16.0,1200,530,1730,0,0,0,0,0,1.0081750520486144e-14,2.9999999999999845,-2.9999999999999845
P1,Vertical,Left,1D,DT500,4,100.0,60.0,118.0,18.0,1642,512,2155,0,0,0,0,0,1.2117447603851784e-14,3.000000000000012,-3.000000000000012
P1,Vertical,Left,1D,DT500,5,100.0,60.0,104.0,4.000000000000009,1743,501,2245,0,0,0,0,0,1.0582702709520641e-14,2.999999999999988,-2.999999999999988
P1,Vertical,Left,1D,DT500,6,100.0,60.0,116.0,16.0,1665,518,2184,0,0,0,0,0,1.084671417723946e-14,3.0000000000000115,-3.0000000000000115
P1,Vertical,Left,1D,DT500,0,500.0,60.0,506.00000000000006,6.000000000000029,4971,500,5472,0,0,0,0,0,3.861995378740852e-14,3.0000000000000626,-3.0000000000000626
P1,Vertical,Left,1D,DT500,1,500.0,60.0,495.00000000000006,-4.999999999999971,5150,559,5709,0,0,0,0,0,3.8846419361116927e-14,2.9999999999999387,-2.9999999999999387
P1,Vertical,Left,1D,DT500,2,500.0,60.0,499.0,-1.0,4784,557,5341,0,0,0,0,0,3.8134169435501175e-14,3.000000000000063,-3.000000000000063
P1,Vertical,Left,1D,DT500,3,500.0,60.0,508.0,8.0,5045,554,5599,0,0,0,0,0,3.8728319786495177e-14,2.9999999999999365,-2.9999999999999365
P1,Vertical,Left,1D,DT500,4,500.0,60.0,500.0,-2.9103830456733704e-14,4791,588,5380,0,0,0,0,0,3.779526397205115e-14,3.000000000000062,-3.000000000000062
P1,Vertical,Left,1D,DT500,5,500.0,60.0,504.0,4.0,5137,561,5698,0,0,0,0,0,3.8593437112223386e-14,2.999999999999938,-2.999999999999938
P1,Vertical,Left,1D,DT500,6,500.0,60.0,509.0,9.000000000000028,4692,591,5284,0,0,0,0,0,3.8817147544354264e-14,3.000000000000064,-3.000000000000064
P1,Vertical,Left,1D,DT500,0,250.0,40.0,260.0,10.000000000000028,2443,576,3020,0,0,0,0,0,2.059843226350001e-14,3.000000000000032,-3.000000000000032
P1,Vertical,Left,1D,DT500,1,250.0,40.0,254.0,4.0,2840,565,3406,0,0,0,0,0,2.1275621852282247e-14,2.999999999999972,-2.999999999999972
P1,Vertical,Left,1D,DT500,2,250.0,40.0,269.0,19.0,2634,531,3165,0,0,0,0,0,2.1636498168528122e-14,3.0000000000000324,-3.0000000000000324
P1,Vertical,Left,1D,DT500,3,250.0,40.0,253.0,3.0,3217,513,3731,0,0,0,0,0,2.0690548313814832e-14,2.9999999999999694,-2.9999999999999694
P1,Vertical,Left,1D,DT500,4,250.0,40.0,244.0,-5.999999999999986,4737,515,5253,0,0,0,0,1,2.2996965924687664e-14,3.000000000000039,-3.000000000000039
P1,Vertical,Left,1D,DT500,5,250.0,40.0,242.0,-8.0,3031,516,3547,0,0,0,0,0,1.9136277611192982e-14,2.999999999999969,-2.999999999999969
P1,Vertical,Left,1D,DT500,6,250.0,40.0,249.0,-1.0,2955,505,3460,0,0,0,0,0,1.8782284585594263e-14,3.000000000000031,-3.000000000000031
P1,Vertical,Left,1D,DT500,0,250.0,60.0,245.0,-5.0,2728,568,3296,0,0,0,0,0,1.94742106434382e-14,3.0000000000000315,-3.0000000000000315
P1,Vertical,Left,1D,DT500,1,250.0,60.0,244.0,-5.999999999999986,2777,504,3282,0,0,0,0,0,1.955951899789858e-14,2.999999999999968,-2.999999999999968
P1,Vertical,Left,1D,DT500,2,250.0,60.0,263.0,13.000000000000028,2563,518,3081,0,0,0,0,0,2.020971879265465e-14,3.000000000000035,-3.000000000000035
P1,Vertical,Left,1D,DT500,3,250.0,60.0,244.0,-5.999999999999986,2997,563,3560,0,0,0,0,0,2.116835585323154e-14,2.9999999999999734,-2.9999999999999734
P1,Vertical,Left,1D,DT500,4,250.0,60.0,250.0,-1.4551915228366852e-14,2869,555,3424,0,0,0,0,0,1.9113151982699227e-14,3.000000000000029,-3.000000000000029
P1,Vertical,Left,1D,DT500,5,250.0,60.0,250.0,-1.4551915228366852e-14,3000,606,3606,0,0,0,0,0,1.986413457040013e-14,2.999999999999968,-2.999999999999968
P1,Vertical,Left,1D,DT500,6,250.0,60.0,251.0,1.0,2588,519,3107,0,0,0,0,0,2.01481831111458e-14,3.0000000000000298,-3.0000000000000298
P1,Joystick,Center,2D,DT500,0,500.0,40.0,492.1673470672704,4.703390976358623,7198,501,7700,0,0,1,2,0,23.32445490818348,41.80882092811351,-41.49865836669276
P1,Joystick,Center,2D,DT500,1,500.0,40.0,500.54958203372126,13.085625942809417,8396,521,8917,0,0,1,5,0,24.13493794479246,25.37953607596837,-13.25755946334256
P1,Joystick,Center,2D,DT500,2,500.0,40.0,500.3466297961941,12.882673705282324,14302,511,14814,0,1,2,4,6,45.44259952934544,49.1758915672492,45.40693366466696
P1,Joystick,Center,2D,DT500,3,500.0,40.0,490.7319780454559,3.2680219545441367,5592,504,6096,0,0,2,2,0,14.522833614289624,11.620535714285714,5.843749999999977
P1,Joystick,Center,2D,DT500,4,500.0,40.0,490.0752883098124,2.611332218900544,4984,515,5500,0,0,1,3,0,14.243026147471063,16.99814267074364,15.175922599835369
P1,Joystick,Center,2D,DT500,5,500.0,40.0,486.3574703996471,-1.106485691264684,5164,517,5681,0,0,0,1,0,13.864190643597343,25.40293788503905,-25.40293788503905
P1,Joystick,Center,2D,DT500,6,500.0,40.0,498.90855850802393,11.444602417112174,5940,531,6471,0,0,2,3,0,18.0442110294792,20.07318421511868,-18.98347297151773
P1,Joystick,Center,2D,DT500,0,250.0,60.0,245.91398518092208,2.182007135466159,2561,521,3083,0,0,2,2,0,7.709229141683791,6.968736430496736,2.8645945724596404
P1,Joystick,Center,2D,DT500,1,250.0,60.0,251.90774790152287,8.17576985606692,4882,525,5408,0,0,0,1,0,6.340273274686171,11.739033405036222,11.635118438059768
P1,Joystick,Center,2D,DT500,2,250.0,60.0,238.9610061338178,-4.770971911638154,4056,516,4573,0,0,0,3,0,19.1577436796008,37.68700010831547,37.68700010831547
P1,Joystick,Center,2D,DT500,3,250.0,60.0,253.865989022728,10.13401097727207,2800,500,3301,0,0,1,1,0,16.132699106596537,16.7032967032967,10.395604395604392
P1,Joystick,Center,2D,DT500,4,250.0,60.0,250.57626292099,6.844284875533989,3116,505,3622,0,0,1,1,0,21.290769157428134,22.861900775015645,15.846259458550092
P1,Joystick,Center,2D,DT500,5,250.0,60.0,220.93110717150927,-22.800870873946653,2702,523,3225,0,0,0,0,0,3.089604551633431,17.335473190314257,-17.335473190314257
P1,Joystick,Center,2D,DT500,6,250.0,60.0,248.35208507729536,4.620107031839451,2243,504,2747,0,0,0,1,0,7.494291411543807,18.840996735024515,-18.840996735024515
P1,Joystick,Center,2D,DT500,0,100.0,60.0,97.87380989586822,0.3810186776858196,1469,517,1986,0,0,2,1,0,5.434898806080402,5.070106662202791,-3.070683978393099
P1,Joystick,Center,2D,DT500,1,100.0,60.0,89.97573789639523,-7.517053321787191,3096,510,3607,0,0,2,2,1,9.620413783940029,13.043667032188644,-10.346795328713595
P1,Joystick,Center,2D,DT500,2,100.0,60.0,113.15133464272316,15.658543424540762,1799,506,2306,0,0,1,1,0,11.193727570798025,20.12692374013038,-19.505788188420475
P1,Joystick,Center,2D,DT500,3,100.0,60.0,74.74639560909117,-22.746395609091227,3826,515,4342,0,0,0,2,3,14.23639669553294,38.74698795180723,38.74698795180723
P1,Joystick,Center,2D,DT500,4,100.0,60.0,83.05188104216036,-14.440910176022074,1865,511,2377,0,0,0,1,0,4.863320909253198,12.949251255720265,-12.949251255720265
P1,Joystick,Center,2D,DT500,5,100.0,60.0,107.44332926901826,9.950538050835773,2059,528,2588,0,0,2,2,0,7.289951575979101,10.25277640369374,8.895336371046113
P1,Joystick,Center,2D,DT500,6,100.0,60.0,93.30653544527205,-4.186255772910384,3511,512,4023,0,0,1,1,1,16.626913354161598,15.175353154935262,10.824724697249613
P1,Joystick,Center,2D,DT500,0,250.0,40.0,250.735792160588,7.0038141151320925,3009,516,3525,0,0,2,1,0,9.19576645459022,8.341715974492551,3.98719879499194
P1,Joystick,Center,2D,DT500,1,250.0,40.0,239.8932230650192,-3.8387549804367502,4698,518,5216,0,0,2,3,0,14.727639623581236,13.93062018970782,5.769289868059676
P1,Joystick,Center,2D,DT500,2,250.0,40.0,239.1956815349316,-4.536296510524393,4014,524,4539,0,0,1,2,0,12.913277826407406,17.02291284163661,-13.710087355450034
P1,Joystick,Center,2D,DT500,3,250.0,40.0,244.865989022728,1.1340109772720823,5247,520,5767,0,0,1,1,1,14.376054013832045,16.09691629955947,11.70044052863436
P1,Joystick,Center,2D,DT500,4,250.0,40.0,237.5642820943484,-6.167695951107519,3356,510,3866,0,0,0,3,1,8.733645007193218,11.822168726660388,11.63219754087519
P1,Joystick,Center,2D,DT500,5,250.0,40.0,264.6544086662483,20.92243062079229,3733,511,4245,0,0,1,2,0,10.42200213216906,13.751891139621206,12.030304378472234
P1,Joystick,Center,2D,DT500,6,250.0,40.0,243.5622896927428,-0.1696883527131075,4373,524,4898,0,0,1,1,0,15.943286187967,31.793362436657898,-31.57914550758072
P1,Joystick,Center,2D,DT500,0,100.0,40.0,113.52548907202058,16.032697853838165,3821,525,4346,0,0,2,2,1,24.972748189805145,22.422404864990547,-1.5114989779006447
P1,Joystick,Center,2D,DT500,1,100.0,40.0,87.13546456600633,-10.357326652176088,1720,514,2234,0,0,0,0,0,3.483726528005316,3.243640633036169,1.909684437205957
P1,Joystick,Center,2D,DT500,2,100.0,40.0,108.81249725154758,11.319706033365197,6872,511,7383,0,0,3,4,2,12.278692583736843,9.490822241295676,-0.1794258158960721
P1,Joystick,Center,2D,DT500,3,100.0,40.0,80.74639560909117,-16.746395609091223,1780,509,2290,0,0,0,0,1,9.422496934321431e-15,6.0,6.0
P1,Joystick,Center,2D,DT500,4,100.0,40.0,109.7821345722272,12.289343354044773,3654,514,4168,0,1,1,1,1,5.214551973672451,4.325066989354674,-2.69306876168402
P1,Joystick,Center,2D,DT500,5,100.0,40.0,98.29870852463878,0.8059173064562939,2597,520,3118,0,0,1,1,0,9.747533616927743,8.13917279830259,1.8322681861942576
P1,Joystick,Center,2D,DT500,6,100.0,40.0,106.98753781093096,9.494746592748536,7880,504,8384,0,2,2,2,2,22.52703983634814,23.91706340941213,-22.117196678487897
P1,Joystick,Center,2D,DT500,0,500.0,60.0,490.4400121768631,2.976056085951256,5063,517,5581,0,0,0,2,0,20.011695130143995,26.750489044587,26.747287479568943
P1,Joystick,Center,2D,DT500,1,500.0,60.0,482.72579961756577,-4.7381564733460415,6456,500,6956,0,0,0,3,1,18.74023470271059,30.357056255549267,30.357056255549267
P1,Joystick,Center,2D,DT500,2,500.0,60.0,510.3568915121226,22.89293542121083,6458,502,6961,0,0,1,3,0,18.637867834056788,26.811481575247825,26.22883835807408
P1,Joystick,Center,2D,DT500,3,500.0,60.0,494.731978045456,7.268021954544144,6753,511,7264,0,0,0,2,0,17.03158907918898,21.25980392156863,21.25980392156863
P1,Joystick,Center,2D,DT500,4,500.0,60.0,483.4364923378224,-4.027463753089432,6511,501,7013,0,0,1,2,0,17.111043042961967,23.49312445049041,23.306488916941543
P1,Joystick,Center,2D,DT500,5,500.0,60.0,478.53915557496686,-8.924800515944964,5830,502,6332,0,0,0,2,0,5.978312490113398,9.971389956124384,9.971389956124384
P1,Joystick,Center,2D,DT500,6,500.0,60.0,477.9371979030499,-9.526758187861924,5300,500,5800,0,0,2,3,0,13.707938234474986,14.339452367289256,-12.41141905960537
P1,Joystick,Front,2D,DT500,0,250.0,60.0,276.5817923264712,32.8498142810153,2099,516,2615,0,0,0,1,0,3.535380779911348,4.232756802527894,-4.010059441316534
P1,Joystick,Front,2D,DT500,1,250.0,60.0,231.599883198511,-12.132094846944952,5342,505,5847,0,0,2,2,0,22.085566881208887,28.1209979155097,25.41489566935937
P1,Joystick,Front,2D,DT500,2,250.0,60.0,263.386769736185,19.65479169072903,6600,516,7116,0,0,1,2,0,11.358610187061371,14.43471024003606,-13.334767333968417
P1,Joystick,Front,2D,DT500,3,250.0,60.0,246.865989022728,3.1340109772720712,3380,518,3898,0,0,0,0,0,4.699452901265665,7.051724137931017,6.396551724137909
P1,Joystick,Front,2D,DT500,4,250.0,60.0,248.94259780696424,5.210619761508266,2525,500,3026,0,0,0,1,0,5.8112434717181785,13.55368158641642,-13.55368158641642
P1,Joystick,Front,2D,DT500,5,250.0,60.0,261.0520576945483,17.32007964909231,2510,522,3032,0,0,1,0,0,4.111985897669961,5.339578648837903,-4.1730418167131615
P1,Joystick,Front,2D,DT500,6,250.0,60.0,241.64444546349256,-2.087532581963357,3421,514,3935,0,0,1,1,0,12.397248834264284,15.5878933789323,-13.913830353757415
P1,Joystick,Front,2D,DT500,0,500.0,40.0,479.0162307458807,-8.447725345031111,5192,516,5709,0,0,0,4,0,8.629653553914476,7.569198515089059,6.292420090494606
P1,Joystick,Front,2D,DT500,1,500.0,40.0,480.74637313427263,-6.71758295663921,10162,507,10670,0,0,2,6,0,14.111065802539786,13.920461057421594,8.668359754982774
P1,Joystick,Front,2D,DT500,2,500.0,40.0,495.1400249267834,7.676068835871634,6115,526,6642,0,0,2,2,0,11.42594876728664,10.764142820546413,5.199240296633873
P1,Joystick,Front,2D,DT500,3,500.0,40.0,490.731978045456,3.268021954544167,6399,504,6903,0,0,1,1,0,12.705844778430608,16.96907216494845,14.567010309278349
P1,Joystick,Front,2D,DT500,4,500.0,40.0,486.20580172086426,-1.2581543700475726,5319,512,5831,0,0,0,4,0,12.737774837787429,38.18831194496174,38.18831194496174
P1,Joystick,Front,2D,DT500,5,500.0,40.0,475.2633648850639,-12.200591205847983,5386,527,5913,0,0,2,2,0,14.66570484162606,12.57059722943589,-7.691314106579905
P1,Joystick,Front,2D,DT500,6,500.0,40.0,496.3231514769048,8.85919538599299,11713,504,12218,0,1,1,5,3,18.99271680269007,18.162582094097385,-6.831146014549484
P1,Joystick,Front,2D,DT500,0,250.0,40.0,231.5445990272644,-12.187379018191502,2693,504,3197,0,0,1,1,0,10.965224229858933,14.302044821009286,-13.484051923747783
P1,Joystick,Front,2D,DT500,1,250.0,40.0,255.2032924325828,11.471314387126784,4024,517,4542,0,0,2,3,0,23.060334138920705,19.165405916262365,7.131225299075398
P1,Joystick,Front,2D,DT500,2,250.0,40.0,230.7504164802515,-12.981561565204446,3213,500,3714,0,0,2,2,0,11.86125642860823,10.59336722263864,-2.583409642271334
P1,Joystick,Front,2D,DT500,3,250.0,40.0,248.865989022728,5.13401097727206,3527,517,4044,0,0,0,1,0,3.022946000076713,0.8294573643411012,-0.5658914728682329
P1,Joystick,Front,2D,DT500,4,250.0,40.0,235.5608703470972,-8.171107698358808,2730,507,3237,0,0,0,1,0,9.986781391129009,13.061779026484547,12.534211580201962
P1,Joystick,Front,2D,DT500,5,250.0,40.0,241.3775597139736,-2.3544183314824068,2818,506,3325,0,0,1,2,0,6.931591266722808,6.109850662395086,-2.0085606873285187
P1,Joystick,Front,2D,DT500,6,250.0,40.0,238.51796177912053,-5.214016266335357,2763,506,3270,0,0,1,2,0,16.202231367388478,16.744590487093248,-10.737629838169878
P1,Joystick,Front,2D,DT500,0,500.0,60.0,487.5152284403177,0.051272349405827,5534,506,6040,0,0,0,4,1,13.85973871435582,25.226080820752177,25.18583614237444
P1,Joystick,Front,2D,DT500,1,500.0,60.0,518.3733644498767,30.90940835896481,5124,511,5635,1,0,1,3,0,16.301289787268992,17.62877173249493,9.235381749937858
P1,Joystick,Front,2D,DT500,2,500.0,60.0,494.2081203426563,6.74416425174452,6920,508,7429,0,0,3,4,0,44.56382295019159,41.69368349723726,21.15094933467203
P1,Joystick,Front,2D,DT500,3,500.0,60.0,486.731978045456,-0.7319780454558408,5948,516,6464,0,0,2,5,0,21.95184458004096,35.467980295566505,33.645320197044335
P1,Joystick,Front,2D,DT500,4,500.0,60.0,491.14679547293656,3.682839382024734,8732,516,9248,0,0,3,4,0,28.04072904742168,24.141352383549123,4.1978917527264175
P1,Joystick,Front,2D,DT500,5,500.0,60.0,463.8920836915759,-23.57187239933598,6555,521,7076,0,0,1,3,1,18.3665005459291,40.48096035840162,39.41685195536248
P1,Joystick,Front,2D,DT500,6,500.0,60.0,481.75206537542056,-5.711890715491199,6581,505,7086,0,0,2,3,0,25.95495815082874,28.54429842309729,-24.32489287718184
P1,Joystick,Front,2D,DT500,0,100.0,60.0,119.6295890741812,22.13679785599881,1071,514,1585,0,0,0,0,0,2.4430422434091903,7.001222086459107,7.001222086459107
P1,Joystick,Front,2D,DT500,1,100.0,60.0,73.88383704636364,-23.60895417181878,5843,510,6354,0,0,1,2,2,32.545678668430604,38.80003037478913,37.89396904615442
P1,Joystick,Front,2D,DT500,2,100.0,60.0,109.5806605607808,12.087869342598404,3016,510,3526,0,0,1,0,0,4.649724370374606,3.749614451593173,0.1761276736669419
P1,Joystick,Front,2D,DT500,3,100.0,60.0,98.74639560909117,1.2536043909087788,4006,513,4520,0,0,0,2,2,13.71167789367807,20.38364779874214,20.38364779874214
P1,Joystick,Front,2D,DT500,4,100.0,60.0,87.02323747355298,-10.46955374462945,5609,503,6113,0,1,1,3,1,11.536659974574697,10.64780531312542,-7.8228689091971955
P1,Joystick,Front,2D,DT500,5,100.0,60.0,99.3972233683254,1.904432150142905,2378,503,2882,0,0,1,1,0,10.008560221483112,8.135006823436507,1.2110624574822946
P1,Joystick,Front,2D,DT500,6,100.0,60.0,114.28908665922977,16.796295441047317,5180,528,5709,0,0,0,0,1,9.693546434724311,17.694676393112065,-17.50309738860267
P1,Joystick,Front,2D,DT500,0,100.0,40.0,93.86843308465455,-3.624358133527835,1884,519,2403,0,0,1,0,0,8.543406054289475,8.690954616647717,-5.405256963852112
P1,Joystick,Front,2D,DT500,1,100.0,40.0,81.99908139110563,-15.493709827076788,7682,536,8218,0,2,4,4,3,12.413474864564016,10.573173857153543,2.562708861129485
P1,Joystick,Front,2D,DT500,2,100.0,40.0,96.23213449058102,-1.2606567276013667,1542,507,2049,0,0,0,0,0,1.890341370168052,7.991379261815802,7.991379261815802
P1,Joystick,Front,2D,DT500,3,100.0,40.0,96.74639560909117,-0.7463956090912224,3969,510,4480,0,0,1,2,2,5.341688397232047,3.620967741935484,2.39516129032258
P1,Joystick,Front,2D,DT500,4,100.0,40.0,100.33856215408544,2.845770935903021,793,522,1316,0,0,1,1,0,6.578634038466874,6.441491493818541,-4.098620782732493
P1,Joystick,Front,2D,DT500,5,100.0,40.0,108.13595751492612,10.643166296743637,11619,500,12119,0,3,3,4,5,16.676602252876723,20.35408129312293,-18.45651366954944
P1,Joystick,Front,2D,DT500,6,100.0,40.0,104.3172866034552,6.824495385272759,6310,529,6839,0,1,1,1,1,7.144318748613052,6.771164463002787,2.2218638931962498
P1,Horizontal,Front,1D,DT500,0,250.0,40.0,242.0,-8.0,2969,532,3501,0,0,0,0,0,3.638521542308415e-14,74.0,74.0
P1,Horizontal,Front,1D,DT500,1,250.0,40.0,256.00000000000006,6.000000000000029,2721,531,3252,0,0,0,0,0,3.869371517325676e-14,74.0,74.0
P1,Horizontal,Front,1D,DT500,2,250.0,40.0,261.0,11.0,2757,587,3345,0,0,0,0,0,3.7777003166898047e-14,74.0,74.0
P1,Horizontal,Front,1D,DT500,3,250.0,40.0,249.0,-1.0,2528,520,3048,0,0,0,0,0,3.6944452609741433e-14,74.0,74.0
P1,Horizontal,Front,1D,DT500,4,250.0,40.0,250.00000000000003,2.9103830456733704e-14,6795,570,7366,0,0,0,0,0,3.7212752812819024e-14,74.0,74.0
P1,Horizontal,Front,1D,DT500,5,250.0,40.0,246.0,-4.0,2701,567,3269,0,0,0,0,0,3.692088357856444e-14,74.0,74.0
P1,Horizontal,Front,1D,DT500,6,250.0,40.0,251.0,1.0,3501,592,4094,0,0,0,0,0,3.788503754573981e-14,74.0,74.0
P1,Horizontal,Front,1D,DT500,0,500.0,40.0,494.00000000000006,-5.999999999999971,4771,508,5280,0,0,0,0,0,7.321756519695945e-14,81.0,81.0
P1,Horizontal,Front,1D,DT500,1,500.0,40.0,499.0,-1.0,5217,562,5780,0,0,0,0,0,7.579122514774404e-14,81.0,81.0
P1,Horizontal,Front,1D,DT500,2,500.0,40.0,502.00000000000006,2.0000000000000293,4886,546,5432,0,0,0,0,0,7.291605026386872e-14,81.0,81.0
P1,Horizontal,Front,1D,DT500,3,500.0,40.0,497.0,-3.0,5519,515,6035,0,0,0,0,0,7.40651920766673e-14,81.0,81.0
P1,Horizontal,Front,1D,DT500,4,500.0,40.0,497.0,-3.0,4832,560,5393,0,0,0,0,0,7.267145905554833e-14,81.0,81.0
P1,Horizontal,Front,1D,DT500,5,500.0,40.0,498.0,-2.0,4823,585,5408,0,0,0,0,0,7.371957318434895e-14,81.0,81.0
P1,Horizontal,Front,1D,DT500,6,500.0,40.0,501.0,1.0,4918,576,5494,0,0,0,0,0,7.467274926604e-14,81.0,81.0
P1,Horizontal,Front,1D,DT500,0,250.0,60.0,249.00000000000003,-0.9999999999999708,2504,559,3064,0,0,0,0,0,3.731953281081888e-14,81.0,81.0
P1,Horizontal,Front,1D,DT500,1,250.0,60.0,232.0,-18.0,3132,600,3732,0,0,0,0,0,3.5384742881173946e-14,81.0,81.0
P1,Horizontal,Front,1D,DT500,2,250.0,60.0,228.0,-22.00000000000001,2423,562,2986,0,0,0,0,0,3.5434336098056574e-14,81.0,81.0
P1,Horizontal,Front,1D,DT500,3,250.0,60.0,275.0,25.0,3264,513,3778,0,0,0,0,0,4.525852060787971e-14,81.0,81.0
P1,Horizontal,Front,1D,DT500,4,250.0,60.0,251.0,1.0,3020,541,3561,0,0,0,0,0,3.44855279824236e-14,81.0,81.0
P1,Horizontal,Front,1D,DT500,5,250.0,60.0,253.00000000000003,3.0000000000000293,4102,516,4619,0,0,0,0,0,3.819052451252744e-14,81.0,81.0
P1,Horizontal,Front,1D,DT500,6,250.0,60.0,250.00000000000003,2.9103830456733704e-14,2612,579,3191,0,0,0,0,0,3.787518917569021e-14,81.0,81.0
P1,Horizontal,Front,1D,DT500,0,100.0,40.0,82.0,-17.999999999999996,1404,523,1927,0,0,0,0,0,1.133634036730009e-14,81.0,81.0
P1,Horizontal,Front,1D,DT500,1,100.0,40.0,103.0,3.0,1414,560,1975,0,0,0,0,0,1.9065862296939057e-14,81.0,81.0
P1,Horizontal,Front,1D,DT500,2,100.0,40.0,107.0,7.000000000000018,1504,534,2039,0,0,0,0,0,1.970690974762693e-14,81.0,81.0
P1,Horizontal,Front,1D,DT500,3,100.0,40.0,110.0,10.0,2439,570,3010,0,0,0,0,0,1.8486720011537472e-14,81.0,81.0
P1,Horizontal,Front,1D,DT500,4,100.0,40.0,96.0,-4.0,1541,567,2108,0,0,0,0,0,1.6721867422533937e-14,81.0,81.0
P1,Horizontal,Front,1D,DT500,5,100.0,40.0,100.0,0.0,1309,518,1827,0,0,0,0,0,1.655514473983196e-14,81.0,81.0
P1,Horizontal,Front,1D,DT500,6,100.0,40.0,108.0,8.0,1689,586,2276,0,0,0,0,0,1.879919374704706e-14,81.0,81.0
P1,Horizontal,Front,1D,DT500,0,500.0,60.0,492.00000000000006,-7.999999999999971,5462,555,6018,0,0,0,0,0,7.254177454339735e-14,81.0,81.0
P1,Horizontal,Front,1D,DT500,1,500.0,60.0,508.0,8.0,5876,537,6413,0,0,0,0,0,7.690746195351241e-14,81.0,81.0
P1,Horizontal,Front,1D,DT500,2,500.0,60.0,496.0,-4.0,4986,514,5501,0,0,0,0,0,7.246142549764706e-14,81.0,81.0
P1,Horizontal,Front,1D,DT500,3,500.0,60.0,507.0,7.0,5416,501,5918,0,0,0,0,0,7.423143618025855e-14,81.0,81.0
P1,Horizontal,Front,1D,DT500,4,500.0,60.0,503.0,2.9999999999999707,4971,561,5532,0,0,0,0,0,7.53644380168212e-14,81.0,81.0
P1,Horizontal,Front,1D,DT500,5,500.0,60.0,504.00000000000006,4.000000000000029,4765,565,5330,0,0,0,0,0,7.435599180406101e-14,81.0,81.0
P1,Horizontal,Front,1D,DT500,6,500.0,60.0,483.0,-16.99999999999997,5743,572,6316,0,0,0,0,0,7.09427283367824e-14,81.0,81.0
P1,Horizontal,Front,1D,DT500,0,100.0,60.0,99.0,-1.0,1126,519,1646,0,0,0,0,0,1.9530951673694883e-14,81.0,81.0
P1,Horizontal,Front,1D,DT500,1,100.0,60.0,91.0,-9.0,2479,577,3057,0,0,0,0,0,1.6032006295113383e-14,81.0,81.0
P1,Horizontal,Front,1D,DT500,2,100.0,60.0,86.0,-14.000000000000004,1899,531,2431,0,0,0,0,1,1.0048591735576161e-14,81.0,81.0
P1,Horizontal,Front,1D,DT500,3,100.0,60.0,105.0,4.999999999999982,1506,520,2026,0,0,0,0,0,1.852868764786606e-14,81.0,81.0
P1,Horizontal,Front,1D,DT500,4,100.0,60.0,117.0,17.0,1427,549,1976,0,0,0,0,0,1.8486720011537472e-14,81.0,81.0
P1,Horizontal,Front,1D,DT500,5,100.0,60.0,110.0,10.0,3015,561,3576,0,0,0,0,0,1.721019972420374e-14,81.0,81.0
P1,Horizontal,Front,1D,DT500,6,100.0,60.0,81.0,-19.0,1256,508,1765,0,0,0,0,0,1.133634036730009e-14,81.0,81.0
P1,Horizontal,Rear,1D,DT500,0,500.0,60.0,501.0,0.9999999999999708,7123,544,7668,0,0,0,0,0,3.879998425086443e-14,12.999999999999938,12.999999999999938
P1,Horizontal,Rear,1D,DT500,1,500.0,60.0,498.0,-2.0000000000000293,5461,593,6055,0,0,0,0,0,3.7168815341251534e-14,13.000000000000062,13.000000000000062
P1,Horizontal,Rear,1D,DT500,2,500.0,60.0,498.0,-2.0000000000000293,4566,574,5141,0,0,0,0,0,3.7434597895965305e-14,12.99999999999994,12.99999999999994
P1,Horizontal,Rear,1D,DT500,3,500.0,60.0,510.0,10.0,4879,526,5406,0,0,0,0,0,3.8143062879009285e-14,13.000000000000064,13.000000000000064
P1,Horizontal,Rear,1D,DT500,4,500.0,60.0,488.0,-12.000000000000028,5091,510,5602,0,0,0,0,0,3.73274260694818e-14,12.99999999999994,12.99999999999994
P1,Horizontal,Rear,1D,DT500,5,500.0,60.0,478.0,-22.0,7131,550,7681,0,0,0,0,0,3.5541344801685566e-14,13.00000000000006,13.00000000000006
P1,Horizontal,Rear,1D,DT500,6,500.0,60.0,509.0,9.000000000000028,4233,570,4804,0,0,0,0,0,3.6591801128055055e-14,12.999999999999934,12.999999999999934
P1,Horizontal,Rear,1D,DT500,0,100.0,40.0,99.0,-1.0,1300,550,1851,0,0,0,0,0,1.0748850255298531e-14,20.0,20.0
P1,Horizontal,Rear,1D,DT500,1,100.0,40.0,106.0,5.999999999999991,3097,559,3657,0,0,0,0,0,9.34347937571752e-15,20.00000000000001,20.00000000000001
P1,Horizontal,Rear,1D,DT500,2,100.0,40.0,108.0,8.000000000000009,4512,550,5062,0,1,0,0,1,1.6460480721409996e-14,20.0,20.0
P1,Horizontal,Rear,1D,DT500,3,100.0,40.0,102.0,2.0,1386,536,1922,0,0,0,0,0,1.38318302842972e-14,20.0,20.0
P1,Horizontal,Rear,1D,DT500,4,100.0,40.0,98.0,-2.000000000000009,2929,549,3479,0,0,0,0,0,1.0520610874056571e-14,20.0,20.0
P1,Horizontal,Rear,1D,DT500,5,100.0,40.0,92.0,-8.0,5892,531,6423,0,1,0,0,1,2.1654707587578987e-14,20.000000000000004,20.000000000000004
P1,Horizontal,Rear,1D,DT500,6,100.0,40.0,101.0,1.000000000000009,1638,529,2167,0,0,0,0,0,9.729507111180988e-15,19.999999999999982,19.999999999999982
P1,Horizontal,Rear,1D,DT500,0,250.0,60.0,254.0,4.0,3717,567,4285,0,0,0,0,0,2.2758031273110253e-14,19.99999999999996,19.99999999999996
P1,Horizontal,Rear,1D,DT500,1,250.0,60.0,255.0,5.0,4914,562,5476,0,0,0,0,0,2.5476257423946164e-14,20.000000000000007,20.000000000000007
P1,Horizontal,Rear,1D,DT500,2,250.0,60.0,249.0,-1.0,2730,557,3287,0,0,0,0,0,2.1167734743366723e-14,19.999999999999964,19.999999999999964
P1,Horizontal,Rear,1D,DT500,3,250.0,60.0,253.0,3.0,2706,563,3269,0,0,0,0,0,2.3379904313535315e-14,20.000000000000043,20.000000000000043
P1,Horizontal,Rear,1D,DT500,4,250.0,60.0,243.0,-7.000000000000014,2364,568,2933,0,0,0,0,0,2.089984575690398e-14,19.99999999999996,19.99999999999996
P1,Horizontal,Rear,1D,DT500,5,250.0,60.0,243.0,-7.000000000000014,2944,569,3514,0,0,0,0,0,2.182823828790338e-14,20.00000000000002,20.00000000000002
P1,Horizontal,Rear,1D,DT500,6,250.0,60.0,232.0,-18.000000000000014,3226,546,3773,0,0,0,0,0,1.926641931497287e-14,19.999999999999964,19.999999999999964
P1,Horizontal,Rear,1D,DT500,0,250.0,40.0,257.0,7.0,2910,512,3423,0,0,0,0,0,2.187056765531552e-14,19.999999999999964,19.999999999999964
P1,Horizontal,Rear,1D,DT500,1,250.0,40.0,264.0,14.0,2921,591,3512,0,0,0,0,0,2.3242460022453493e-14,20.00000000000004,20.00000000000004
P1,Horizontal,Rear,1D,DT500,2,250.0,40.0,255.0,5.0,2795,537,3333,0,0,0,0,0,2.186061517805144e-14,19.999999999999964,19.999999999999964
P1,Horizontal,Rear,1D,DT500,3,250.0,40.0,238.0,-12.000000000000014,2783,528,3312,0,0,0,0,0,2.1098054731484363e-14,20.00000000000002,20.00000000000002
P1,Horizontal,Rear,1D,DT500,4,250.0,40.0,262.0,12.0,2693,569,3262,0,0,0,0,0,2.3005305064327203e-14,19.99999999999996,19.99999999999996
P1,Horizontal,Rear,1D,DT500,5,250.0,40.0,263.0,12.999999999999972,3125,576,3702,0,0,0,0,0,2.2495650039491613e-14,20.00000000000004,20.00000000000004
P1,Horizontal,Rear,1D,DT500,6,250.0,40.0,262.0,12.0,4664,566,5231,0,0,0,0,0,2.435617787597637e-14,19.99999999999996,19.99999999999996
P1,Horizontal,Rear,1D,DT500,0,100.0,60.0,106.0,5.999999999999991,1441,583,2024,0,0,0,0,0,1.2047838252593955e-14,20.0,20.0
P1,Horizontal,Rear,1D,DT500,1,100.0,60.0,107.0,7.0,1343,538,1882,0,0,0,0,0,9.821731989167012e-15,20.00000000000001,20.00000000000001
P1,Horizontal,Rear,1D,DT500,2,100.0,60.0,77.0,-23.000000000000004,2165,503,2668,0,0,0,0,0,8.413779868081233e-15,20.0,20.0
P1,Horizontal,Rear,1D,DT500,3,100.0,60.0,95.0,-4.999999999999991,3266,565,3831,0,0,0,0,0,8.702335715267317e-15,20.000000000000007,20.000000000000007
P1,Horizontal,Rear,1D,DT500,4,100.0,60.0,103.0,3.0,2956,528,3485,0,0,0,0,0,9.338361062884402e-15,19.999999999999982,19.999999999999982
P1,Horizontal,Rear,1D,DT500,5,100.0,60.0,117.0,17.00000000000001,1624,546,2170,0,0,0,0,0,1.5821879173793938e-14,20.0,20.0
P1,Horizontal,Rear,1D,DT500,6,100.0,60.0,105.0,5.0,1499,552,2052,0,0,0,0,0,1.1320757761491386e-14,20.0,20.0
P1,Horizontal,Rear,1D,DT500,0,500.0,40.0,510.0,10.0,4692,514,5206,0,0,0,0,0,4.569219553572495e-14,19.999999999999915,19.999999999999915
P1,Horizontal,Rear,1D,DT500,1,500.0,40.0,495.0,-5.0,5136,557,5693,0,0,0,0,0,4.254314207459061e-14,20.00000000000008,20.00000000000008
P1,Horizontal,Rear,1D,DT500,2,500.0,40.0,496.0,-4.0,5250,511,5762,0,0,0,0,0,4.439406169637982e-14,19.99999999999991,19.99999999999991
P1,Horizontal,Rear,1D,DT500,3,500.0,40.0,497.0,-3.0,4723,547,5271,0,0,0,0,0,4.5195819331590166e-14,20.00000000000009,20.00000000000009
P1,Horizontal,Rear,1D,DT500,4,500.0,40.0,487.0,-13.0,4653,516,5170,0,0,0,0,0,4.277214152248187e-14,19.99999999999992,19.99999999999992
P1,Horizontal,Rear,1D,DT500,5,500.0,40.0,507.00000000000006,7.000000000000029,4556,515,5071,0,0,0,0,0,4.23544375989539e-14,20.000000000000085,20.000000000000085
P1,Horizontal,Rear,1D,DT500,6,500.0,40.0,486.0,-14.000000000000028,4824,546,5370,0,0,0,0,0,3.7403989312098174e-14,19.999999999999936,19.999999999999936
P1,Horizontal,Center,1D,DT500,0,500.0,40.0,510.00000000000006,10.00000000000006,9707,582,10290,0,1,0,0,2,8.720168389122886e-14,94.0,94.0
P1,Horizontal,Center,1D,DT500,1,500.0,40.0,516.0,16.0,6246,531,6778,0,0,0,0,0,7.372379014112345e-14,94.0,94.0
P1,Horizontal,Center,1D,DT500,2,500.0,40.0,502.0,2.0,5610,536,6147,0,0,0,0,0,7.427233504627079e-14,94.0,94.0
P1,Horizontal,Center,1D,DT500,3,500.0,40.0,516.0,16.0,11370,537,11907,0,2,0,0,2,9.1691351172264e-14,94.0,94.0
P1,Horizontal,Center,1D,DT500,4,500.0,40.0,492.00000000000006,-7.999999999999971,6527,575,7102,0,0,0,0,0,7.609699548070701e-14,94.0,94.0
P1,Horizontal,Center,1D,DT500,5,500.0,40.0,496.0,-4.0,7474,585,8059,0,0,0,0,0,7.37628341926583e-14,94.0,94.0
P1,Horizontal,Center,1D,DT500,6,500.0,40.0,519.0,19.0,4661,528,5189,0,0,0,0,0,7.633906987979818e-14,94.0,94.0
P1,Horizontal,Center,1D,DT500,0,250.0,60.0,257.0,7.0,2429,572,3001,0,0,0,0,0,3.8869951800744286e-14,101.0,101.0
P1,Horizontal,Center,1D,DT500,1,250.0,60.0,271.0,21.0,4700,549,5249,0,0,0,0,1,4.1350087263548014e-14,101.0,101.0
P1,Horizontal,Center,1D,DT500,2,250.0,60.0,259.0,8.999999999999972,2134,502,2636,0,0,0,0,0,3.8592348840894236e-14,101.0,101.0
P1,Horizontal,Center,1D,DT500,3,250.0,60.0,251.0,1.0,2635,532,3167,0,0,0,0,0,3.729879397464616e-14,101.0,101.0
P1,Horizontal,Center,1D,DT500,4,250.0,60.0,251.0,1.0,4085,526,4611,0,0,0,0,1,4.07401932320529e-14,101.0,101.0
P1,Horizontal,Center,1D,DT500,5,250.0,60.0,225.0,-25.00000000000001,2130,529,2659,0,0,0,0,0,4.0584991931765526e-14,101.0,101.0
P1,Horizontal,Center,1D,DT500,6,250.0,60.0,266.0,16.00000000000003,4332,545,4878,0,0,0,0,2,3.714809116047047e-14,101.0,101.0
P1,Horizontal,Center,1D,DT500,0,500.0,60.0,494.0,-6.0,4083,512,4596,0,0,0,0,1,7.676304822745706e-14,101.0,101.0
P1,Horizontal,Center,1D,DT500,1,500.0,60.0,524.0,24.000000000000057,4014,512,4526,0,0,0,0,0,7.76537707916971e-14,101.0,101.0
P1,Horizontal,Center,1D,DT500,2,500.0,60.0,514.0,14.0,4736,570,5306,0,0,0,0,1,7.287394331273594e-14,101.0,101.0
P1,Horizontal,Center,1D,DT500,3,500.0,60.0,517.0,17.0,4191,569,4760,0,0,0,0,0,7.317864613288762e-14,101.0,101.0
P1,Horizontal,Center,1D,DT500,4,500.0,60.0,495.0,-5.0,4781,519,5300,0,0,0,0,0,7.100257893579039e-14,101.0,101.0
P1,Horizontal,Center,1D,DT500,5,500.0,60.0,529.0,29.000000000000057,4399,556,4955,0,0,0,0,0,7.84707236543997e-14,101.0,101.0
P1,Horizontal,Center,1D,DT500,6,500.0,60.0,496.0,-4.0,4793,519,5312,0,0,0,0,0,7.145578006296277e-14,101.0,101.0
P1,Horizontal,Center,1D,DT500,0,100.0,40.0,104.0,3.999999999999982,1219,511,1731,0,0,0,0,0,1.6113594640326052e-14,101.0,101.0
P1,Horizontal,Center,1D,DT500,1,100.0,40.0,99.0,-1.000000000000009,1282,575,1858,0,0,0,0,0,1.8061681126432704e-14,101.0,101.0
P1,Horizontal,Center,1D,DT500,2,100.0,40.0,100.0,0.0,2244,555,2800,0,0,0,0,0,1.556721137788958e-14,101.0,101.0
P1,Horizontal,Center,1D,DT500,3,100.0,40.0,116.0,16.0,1556,550,2106,0,0,0,0,0,1.8061681126432704e-14,101.0,101.0
P1,Horizontal,Center,1D,DT500,4,100.0,40.0,115.0,15.000000000000018,1667,563,2231,0,0,0,0,0,1.8115356374411762e-14,101.0,101.0
P1,Horizontal,Center,1D,DT500,5,100.0,40.0,107.0,6.999999999999991,1792,577,2369,0,0,0,0,0,1.740467143053463e-14,101.0,101.0
P1,Horizontal,Center,1D,DT500,6,100.0,40.0,112.0,12.0,1617,587,2204,0,0,0,0,0,1.9366130569245765e-14,101.0,101.0
P1,Horizontal,Center,1D,DT500,0,100.0,60.0,108.0,8.0,2620,556,3176,0,0,0,0,0,1.6250734088796027e-14,101.0,101.0
P1,Horizontal,Center,1D,DT500,1,100.0,60.0,105.0,5.000000000000009,1582,581,2163,0,0,0,0,0,1.740467143053463e-14,101.0,101.0
P1,Horizontal,Center,1D,DT500,2,100.0,60.0,99.0,-1.000000000000009,1517,507,2025,0,0,0,0,0,1.6721867422533937e-14,101.0,101.0
P1,Horizontal,Center,1D,DT500,3,100.0,60.0,100.0,0.0,3015,504,3520,0,0,0,0,0,1.740467143053463e-14,101.0,101.0
P1,Horizontal,Center,1D,DT500,4,100.0,60.0,125.0,25.0,3278,544,3823,0,0,0,0,1,1.6256866681058664,95.5,95.5
P1,Horizontal,Center,1D,DT500,5,100.0,60.0,83.00000000000001,-16.999999999999982,1181,570,1751,0,0,0,0,0,1.1087159600798116e-14,95.0,95.0
P1,Horizontal,Center,1D,DT500,6,100.0,60.0,106.0,6.000000000000009,1687,572,2260,0,0,0,0,2,1.5387237567771015e-14,95.0,95.0
P1,Horizontal,Center,1D,DT500,0,250.0,40.0,250.0,0.0,2039,535,2574,0,0,0,0,0,3.9010580367207606e-14,95.0,95.0
P1,Horizontal,Center,1D,DT500,1,250.0,40.0,246.0,-4.0,11448,551,11999,0,3,0,0,3,5.5767420890187466e-14,95.0,95.0
P1,Horizontal,Center,1D,DT500,2,250.0,40.0,261.0,11.0,3025,540,3565,0,0,0,0,0,3.657742603375525e-14,95.0,95.0
P1,Horizontal,Center,1D,DT500,3,250.0,40.0,250.0,0.0,2961,553,3514,0,0,0,0,0,3.60444353565428e-14,95.0,95.0
P1,Horizontal,Center,1D,DT500,4,250.0,40.0,251.00000000000003,1.000000000000029,2529,536,3065,0,0,0,0,0,3.633011132448928e-14,95.0,95.0
P1,Horizontal,Center,1D,DT500,5,250.0,40.0,261.0,11.0,3653,521,4175,0,0,0,0,0,4.051721844957895e-14,95.0,95.0
P1,Horizontal,Center,1D,DT500,6,250.0,40.0,264.0,14.000000000000028,2612,579,3192,0,0,0,0,0,4.0677683309033644e-14,95.0,95.0
